  0
SECTION
  2
HEADER
  9
$ACADVER
  1
AC1014
  9
$ACADMAINTVER
 70
     9
  9
$DWGCODEPAGE
  3
ANSI_1252
  9
$INSBASE
 10
0.0
 20
0.0
 30
0.0
  9
$EXTMIN
 10
0.17638888888888
 20
0.17638888888888
 30
0.0
  9
$EXTMAX
 10
470.1762249999999
 20
300.1764944444444
 30
0.0
  9
$LIMMIN
 10
0.0
 20
0.0
  9
$LIMMAX
 10
12.0
 20
9.0
  9
$ORTHOMODE
 70
     0
  9
$REGENMODE
 70
     1
  9
$FILLMODE
 70
     1
  9
$QTEXTMODE
 70
     0
  9
$MIRRTEXT
 70
     1
  9
$DRAGMODE
 70
     2
  9
$LTSCALE
 40
1.0
  9
$OSMODE
 70
    37
  9
$ATTMODE
 70
     1
  9
$TEXTSIZE
 40
0.2
  9
$TRACEWID
 40
0.05
  9
$TEXTSTYLE
  7
STANDARD
  9
$CLAYER
  8
DEFAULT
  9
$CELTYPE
  6
BYLAYER
  9
$CECOLOR
 62
   256
  9
$CELTSCALE
 40
1.0
  9
$DELOBJ
 70
     1
  9
$DISPSILH
 70
     0
  9
$DIMSCALE
 40
1.0
  9
$DIMASZ
 40
0.18
  9
$DIMEXO
 40
0.0625
  9
$DIMDLI
 40
0.38
  9
$DIMRND
 40
0.0
  9
$DIMDLE
 40
0.0
  9
$DIMEXE
 40
0.18
  9
$DIMTP
 40
0.0
  9
$DIMTM
 40
0.0
  9
$DIMTXT
 40
0.18
  9
$DIMCEN
 40
0.09
  9
$DIMTSZ
 40
0.0
  9
$DIMTOL
 70
     0
  9
$DIMLIM
 70
     0
  9
$DIMTIH
 70
     1
  9
$DIMTOH
 70
     1
  9
$DIMSE1
 70
     0
  9
$DIMSE2
 70
     0
  9
$DIMTAD
 70
     0
  9
$DIMZIN
 70
     0
  9
$DIMBLK
  1

  9
$DIMASO
 70
     1
  9
$DIMSHO
 70
     1
  9
$DIMPOST
  1

  9
$DIMAPOST
  1

  9
$DIMALT
 70
     0
  9
$DIMALTD
 70
     2
  9
$DIMALTF
 40
25.4
  9
$DIMLFAC
 40
1.0
  9
$DIMTOFL
 70
     0
  9
$DIMTVP
 40
0.0
  9
$DIMTIX
 70
     0
  9
$DIMSOXD
 70
     0
  9
$DIMSAH
 70
     0
  9
$DIMBLK1
  1

  9
$DIMBLK2
  1

  9
$DIMSTYLE
  2
STANDARD
  9
$DIMCLRD
 70
     0
  9
$DIMCLRE
 70
     0
  9
$DIMCLRT
 70
     0
  9
$DIMTFAC
 40
1.0
  9
$DIMGAP
 40
0.09
  9
$DIMJUST
 70
     0
  9
$DIMSD1
 70
     0
  9
$DIMSD2
 70
     0
  9
$DIMTOLJ
 70
     1
  9
$DIMTZIN
 70
     0
  9
$DIMALTZ
 70
     0
  9
$DIMALTTZ
 70
     0
  9
$DIMFIT
 70
     5
  9
$DIMUPT
 70
     0
  9
$DIMUNIT
 70
     2
  9
$DIMDEC
 70
     4
  9
$DIMTDEC
 70
     4
  9
$DIMALTU
 70
     2
  9
$DIMALTTD
 70
     2
  9
$DIMTXSTY
  7
STANDARD
  9
$DIMAUNIT
 70
     0
  9
$LUNITS
 70
     2
  9
$LUPREC
 70
     3
  9
$SKETCHINC
 40
0.1
  9
$FILLETRAD
 40
0.5
  9
$AUNITS
 70
     0
  9
$AUPREC
 70
     0
  9
$MENU
  1
.
  9
$ELEVATION
 40
0.0
  9
$PELEVATION
 40
0.0
  9
$THICKNESS
 40
0.0
  9
$LIMCHECK
 70
     0
  9
$CHAMFERA
 40
0.0
  9
$CHAMFERB
 40
0.0
  9
$CHAMFERC
 40
0.0
  9
$CHAMFERD
 40
0.0
  9
$SKPOLY
 70
     0
  9
$TDCREATE
 40
2460145.931753854
  9
$TDUPDATE
 40
2460145.931754398
  9
$TDINDWG
 40
0.0000000116
  9
$TDUSRTIMER
 40
0.0000000116
  9
$USRTIMER
 70
     1
  9
$ANGBASE
 50
0.0
  9
$ANGDIR
 70
     0
  9
$PDMODE
 70
     0
  9
$PDSIZE
 40
0.0
  9
$PLINEWID
 40
0.0
  9
$COORDS
 70
     1
  9
$SPLFRAME
 70
     0
  9
$SPLINETYPE
 70
     6
  9
$SPLINESEGS
 70
     8
  9
$ATTDIA
 70
     0
  9
$ATTREQ
 70
     1
  9
$HANDLING
 70
     1
  9
$HANDSEED
  5
1D0
  9
$SURFTAB1
 70
     6
  9
$SURFTAB2
 70
     6
  9
$SURFTYPE
 70
     6
  9
$SURFU
 70
     6
  9
$SURFV
 70
     6
  9
$UCSNAME
  2

  9
$UCSORG
 10
0.0
 20
0.0
 30
0.0
  9
$UCSXDIR
 10
1.0
 20
0.0
 30
0.0
  9
$UCSYDIR
 10
0.0
 20
1.0
 30
0.0
  9
$PUCSNAME
  2

  9
$PUCSORG
 10
0.0
 20
0.0
 30
0.0
  9
$PUCSXDIR
 10
1.0
 20
0.0
 30
0.0
  9
$PUCSYDIR
 10
0.0
 20
1.0
 30
0.0
  9
$USERI1
 70
     0
  9
$USERI2
 70
     0
  9
$USERI3
 70
     0
  9
$USERI4
 70
     0
  9
$USERI5
 70
     0
  9
$USERR1
 40
0.0
  9
$USERR2
 40
0.0
  9
$USERR3
 40
0.0
  9
$USERR4
 40
0.0
  9
$USERR5
 40
0.0
  9
$WORLDVIEW
 70
     1
  9
$SHADEDGE
 70
     3
  9
$SHADEDIF
 70
    70
  9
$TILEMODE
 70
     1
  9
$MAXACTVP
 70
    64
  9
$PINSBASE
 10
0.0
 20
0.0
 30
0.0
  9
$PLIMCHECK
 70
     0
  9
$PEXTMIN
 10
1.000000000000000E+20
 20
1.000000000000000E+20
 30
1.000000000000000E+20
  9
$PEXTMAX
 10
-1.000000000000000E+20
 20
-1.000000000000000E+20
 30
-1.000000000000000E+20
  9
$PLIMMIN
 10
0.0
 20
0.0
  9
$PLIMMAX
 10
12.0
 20
9.0
  9
$UNITMODE
 70
     0
  9
$VISRETAIN
 70
     1
  9
$PLINEGEN
 70
     0
  9
$PSLTSCALE
 70
     1
  9
$TREEDEPTH
 70
  3020
  9
$PICKSTYLE
 70
     1
  9
$CMLSTYLE
  2
STANDARD
  9
$CMLJUST
 70
     0
  9
$CMLSCALE
 40
1.0
  9
$PROXYGRAPHICS
 70
     1
  9
$MEASUREMENT
 70
     0
  0
ENDSEC
  0
SECTION
  2
CLASSES
  0
CLASS
  1
ACDBDICTIONARYWDFLT
  2
AcDbDictionaryWithDefault
  3
ObjectDBX Classes
 90
        0
280
     0
281
     0
  0
CLASS
  1
VISUALSTYLE
  2
AcDbVisualStyle
  3
ObjectDBX Classes
 90
     4095
280
     0
281
     0
  0
CLASS
  1
MATERIAL
  2
AcDbMaterial
  3
ObjectDBX Classes
 90
     1153
280
     0
281
     0
  0
CLASS
  1
SCALE
  2
AcDbScale
  3
ObjectDBX Classes
 90
     1153
280
     0
281
     0
  0
CLASS
  1
SUN
  2
AcDbSun
  3
SCENEOE
 90
     1153
280
     0
281
     0
  0
CLASS
  1
DICTIONARYVAR
  2
AcDbDictionaryVar
  3
ObjectDBX Classes
 90
        0
280
     0
281
     0
  0
CLASS
  1
XRECORD
  2
AcDbXrecord
  3
ObjectDBX Classes
 90
        0
280
     0
281
     0
  0
CLASS
  1
LWPOLYLINE
  2
AcDbPolyline
  3
ObjectDBX Classes
 90
        0
280
     0
281
     1
  0
CLASS
  1
HATCH
  2
AcDbHatch
  3
ObjectDBX Classes
 90
        0
280
     0
281
     1
  0
CLASS
  1
ACDBPLACEHOLDER
  2
AcDbPlaceHolder
  3
ObjectDBX Classes
 90
        0
280
     0
281
     0
  0
CLASS
  1
LAYOUT
  2
AcDbLayout
  3
ObjectDBX Classes
 90
        0
280
     0
281
     0
  0
ENDSEC
  0
SECTION
  2
TABLES
  0
TABLE
  2
VPORT
  5
8
330
0
100
AcDbSymbolTable
 70
     1
  0
VPORT
  5
29
330
8
100
AcDbSymbolTableRecord
100
AcDbViewportTableRecord
  2
*ACTIVE
 70
     0
 10
0.0
 20
0.0
 11
1.0
 21
1.0
 12
235.1763069444444
 22
150.1764416666666
 13
0.0
 23
0.0
 14
0.5
 24
0.5
 15
0.5
 25
0.5
 16
0.0
 26
0.0
 36
1.0
 17
0.0
 27
0.0
 37
0.0
 40
306.0001076666667
 41
1.566665569136188
 42
50.0
 43
0.0
 44
0.0
 50
0.0
 51
0.0
 71
     0
 72
   100
 73
     1
 74
     3
 75
     0
 76
     0
 77
     0
 78
     0
  0
ENDTAB
  0
TABLE
  2
LTYPE
  5
5
330
0
100
AcDbSymbolTable
 70
     1
  0
LTYPE
  5
14
330
5
100
AcDbSymbolTableRecord
100
AcDbLinetypeTableRecord
  2
BYBLOCK
 70
     0
  3

 72
    65
 73
     0
 40
0.0
  0
LTYPE
  5
15
330
5
100
AcDbSymbolTableRecord
100
AcDbLinetypeTableRecord
  2
BYLAYER
 70
     0
  3

 72
    65
 73
     0
 40
0.0
  0
LTYPE
  5
16
330
5
100
AcDbSymbolTableRecord
100
AcDbLinetypeTableRecord
  2
CONTINUOUS
 70
     0
  3
Solid line
 72
    65
 73
     0
 40
0.0
  0
ENDTAB
  0
TABLE
  2
LAYER
  5
2
330
0
100
AcDbSymbolTable
 70
     2
  0
LAYER
  5
10
330
2
100
AcDbSymbolTableRecord
100
AcDbLayerTableRecord
  2
0
 70
     0
 62
     7
  6
CONTINUOUS
  0
LAYER
  5
6A
330
2
100
AcDbSymbolTableRecord
100
AcDbLayerTableRecord
  2
DEFAULT
 70
     0
 62
    18
  6
CONTINUOUS
  0
ENDTAB
  0
TABLE
  2
STYLE
  5
3
330
0
100
AcDbSymbolTable
 70
     1
  0
STYLE
  5
11
330
3
100
AcDbSymbolTableRecord
100
AcDbTextStyleTableRecord
  2
STANDARD
 70
     0
 40
0.0
 41
1.0
 50
0.0
 71
     0
 42
0.2
  3
txt
  4

  0
ENDTAB
  0
TABLE
  2
VIEW
  5
6
330
0
100
AcDbSymbolTable
 70
     0
  0
ENDTAB
  0
TABLE
  2
UCS
  5
7
330
0
100
AcDbSymbolTable
 70
     0
  0
ENDTAB
  0
TABLE
  2
APPID
  5
9
330
0
100
AcDbSymbolTable
 70
     1
  0
APPID
  5
12
330
9
100
AcDbSymbolTableRecord
100
AcDbRegAppTableRecord
  2
ACAD
 70
     0
  0
ENDTAB
  0
TABLE
  2
DIMSTYLE
  5
A
330
0
100
AcDbSymbolTable
 70
     1
  0
DIMSTYLE
105
27
330
A
100
AcDbSymbolTableRecord
100
AcDbDimStyleTableRecord
  2
STANDARD
 70
     0
  3

  4

  5

  6

  7

 40
1.0
 41
0.18
 42
0.0625
 43
0.38
 44
0.18
 45
0.0
 46
0.0
 47
0.0
 48
0.0
140
0.18
141
0.09
142
0.0
143
25.4
144
1.0
145
0.0
146
1.0
147
0.09
 71
     0
 72
     0
 73
     1
 74
     1
 75
     0
 76
     0
 77
     0
 78
     0
170
     0
171
     2
172
     0
173
     0
174
     0
175
     0
176
     0
177
     0
178
     0
270
     2
271
     4
272
     4
273
     2
274
     2
340
11
275
     0
280
     0
281
     0
282
     0
283
     1
284
     0
285
     0
286
     0
287
     3
288
     0
  0
ENDTAB
  0
TABLE
  2
BLOCK_RECORD
  5
1
330
0
100
AcDbSymbolTable
 70
     1
  0
BLOCK_RECORD
  5
1F
330
1
100
AcDbSymbolTableRecord
100
AcDbBlockTableRecord
  2
*MODEL_SPACE
  0
BLOCK_RECORD
  5
1B
330
1
100
AcDbSymbolTableRecord
100
AcDbBlockTableRecord
  2
*PAPER_SPACE
  0
ENDTAB
  0
ENDSEC
  0
SECTION
  2
BLOCKS
  0
BLOCK
  5
20
330
1F
100
AcDbEntity
  8
0
100
AcDbBlockBegin
  2
*MODEL_SPACE
 70
     0
 10
0.0
 20
0.0
 30
0.0
  3
*MODEL_SPACE
  1

  0
ENDBLK
  5
21
330
1F
100
AcDbEntity
  8
0
100
AcDbBlockEnd
  0
BLOCK
  5
1C
330
1B
100
AcDbEntity
 67
     1
  8
0
100
AcDbBlockBegin
  2
*PAPER_SPACE
 70
     0
 10
0.0
 20
0.0
 30
0.0
  3
*PAPER_SPACE
  1

  0
ENDBLK
  5
1D
330
1B
100
AcDbEntity
 67
     1
  8
0
100
AcDbBlockEnd
  0
ENDSEC
  0
SECTION
  2
ENTITIES
  0
POLYLINE
  5
6B
330
1F
100
AcDbEntity
  8
DEFAULT
 62
    18
100
AcDb2dPolyline
 66
     1
 10
0.0
 20
0.0
 30
0.0
 70
     1
  0
VERTEX
  5
6C
330
6B
100
AcDbEntity
  8
DEFAULT
 62
    18
100
AcDbVertex
100
AcDb2dVertex
 10
470.1762249999999
 20
0.1763888888888889
 30
0.0
  0
VERTEX
  5
6D
330
6B
100
AcDbEntity
  8
DEFAULT
 62
    18
100
AcDbVertex
100
AcDb2dVertex
 10
0.1763888888888889
 20
0.1763888888888889
 30
0.0
  0
VERTEX
  5
6E
330
6B
100
AcDbEntity
  8
DEFAULT
 62
    18
100
AcDbVertex
100
AcDb2dVertex
 10
0.1763888888888889
 20
300.1764944444444
 30
0.0
  0
VERTEX
  5
6F
330
6B
100
AcDbEntity
  8
DEFAULT
 62
    18
100
AcDbVertex
100
AcDb2dVertex
 10
470.1762249999999
 20
300.1764944444444
 30
0.0
  0
SEQEND
  5
70
330
6B
100
AcDbEntity
  8
DEFAULT
 62
    18
  0
POLYLINE
  5
71
330
1F
100
AcDbEntity
  8
DEFAULT
 62
     6
100
AcDb2dPolyline
 66
     1
 10
0.0
 20
0.0
 30
0.0
 70
     1
  0
VERTEX
  5
72
330
71
100
AcDbEntity
  8
DEFAULT
 62
     6
100
AcDbVertex
100
AcDb2dVertex
 10
10.87818499999999
 20
276.3871719444444
 30
0.0
  0
VERTEX
  5
73
330
71
100
AcDbEntity
  8
DEFAULT
 62
     6
100
AcDbVertex
100
AcDb2dVertex
 10
10.13735166666666
 20
274.1435052777777
 30
0.0
  0
VERTEX
  5
74
330
71
100
AcDbEntity
  8
DEFAULT
 62
     6
100
AcDbVertex
100
AcDb2dVertex
 10
9.184851666666667
 20
274.1435052777778
 30
0.0
  0
VERTEX
  5
75
330
71
100
AcDbEntity
  8
DEFAULT
 62
     6
100
AcDbVertex
100
AcDb2dVertex
 10
11.608435
 20
281.2763191666666
 30
0.0
  0
VERTEX
  5
76
330
71
100
AcDbEntity
  8
DEFAULT
 62
     6
100
AcDbVertex
100
AcDb2dVertex
 10
12.719685
 20
281.2763191666666
 30
0.0
  0
VERTEX
  5
77
330
71
100
AcDbEntity
  8
DEFAULT
 62
     6
100
AcDbVertex
100
AcDb2dVertex
 10
15.15385166666667
 20
274.1435052777778
 30
0.0
  0
VERTEX
  5
78
330
71
100
AcDbEntity
  8
DEFAULT
 62
     6
100
AcDbVertex
100
AcDb2dVertex
 10
14.16960166666667
 20
274.1435052777778
 30
0.0
  0
VERTEX
  5
79
330
71
100
AcDbEntity
  8
DEFAULT
 62
     6
100
AcDbVertex
100
AcDb2dVertex
 10
13.40760166666667
 20
276.3871719444444
 30
0.0
  0
SEQEND
  5
7A
330
71
100
AcDbEntity
  8
DEFAULT
 62
     6
  0
SPLINE
  5
7B
330
1F
100
AcDbEntity
  8
DEFAULT
 62
     6
100
AcDbSpline
210
0.0
220
0.0
230
1.0
 70
    11
 71
     3
 72
    23
 73
    19
 74
     0
 42
0.000000001
 43
0.0000000001
 40
6.09
 40
6.09
 40
6.09
 40
6.09
 40
12.23663818684637
 40
12.23663818684637
 40
12.23663818684637
 40
13.23663818684637
 40
13.23663818684637
 40
13.23663818684637
 40
13.29663818684637
 40
13.29663818684637
 40
13.29663818684637
 40
14.29663818684637
 40
14.29663818684637
 40
14.29663818684637
 40
20.47263203399359
 40
20.47263203399359
 40
20.47263203399359
 40
26.56263203399359
 40
26.56263203399359
 40
26.56263203399359
 40
26.56263203399359
 10
13.21710166666667
 20
277.1068386111111
 30
0.0
 10
12.98426833333334
 20
277.7911099074074
 30
0.0
 10
12.75143500000001
 20
278.4753812037036
 30
0.0
 10
12.51860166666668
 20
279.1596524999999
 30
0.0
 10
12.35985166666667
 20
279.6256719444444
 30
0.0
 10
12.25401833333333
 20
280.0486525
 30
0.0
 10
12.148185
 20
280.4614025
 30
0.0
 10
12.14112944444444
 20
280.4614025
 30
0.0
 10
12.13407388888889
 20
280.4614025
 30
0.0
 10
12.12701833333333
 20
280.4614025
 30
0.0
 10
12.021185
 20
280.0384219444444
 30
0.0
 10
11.90476833333333
 20
279.6045052777778
 30
0.0
 10
11.767185
 20
279.1705886111111
 30
0.0
 10
11.53435166666667
 20
278.4826719444445
 30
0.0
 10
11.30151833333333
 20
277.7947552777778
 30
0.0
 10
11.068685
 20
277.1068386111111
 30
0.0
 10
11.78482388888889
 20
277.1068386111111
 30
0.0
 10
12.50096277777778
 20
277.1068386111111
 30
0.0
 10
13.21710166666667
 20
277.1068386111111
 30
0.0
  0
SPLINE
  5
7C
330
1F
100
AcDbEntity
  8
DEFAULT
 62
     6
100
AcDbSpline
210
0.0
220
0.0
230
1.0
 70
    11
 71
     3
 72
    35
 73
    31
 74
     0
 42
0.000000001
 43
0.0000000001
 40
19.88900000000001
 40
19.88900000000001
 40
19.88900000000001
 40
19.88900000000001
 40
20.88900000000001
 40
20.88900000000001
 40
20.88900000000001
 40
21.88900000000001
 40
21.88900000000001
 40
21.88900000000001
 40
22.88900000000001
 40
22.88900000000001
 40
22.88900000000001
 40
23.88900000000001
 40
23.88900000000001
 40
23.88900000000001
 40
23.94899999999996
 40
23.94899999999996
 40
23.94899999999996
 40
24.94899999999996
 40
24.94899999999996
 40
24.94899999999996
 40
25.94899999999996
 40
25.94899999999996
 40
25.94899999999996
 40
26.94899999999996
 40
26.94899999999996
 40
26.94899999999996
 40
27.94899999999996
 40
27.94899999999996
 40
27.94899999999996
 40
47.83799999999997
 40
47.83799999999997
 40
47.83799999999997
 40
47.83799999999997
 10
9.724601666666665
 20
248.4173622222222
 30
0.0
 10
10.12676833333333
 20
248.5020288888888
 30
0.0
 10
10.76176833333333
 20
248.5655288888888
 30
0.0
 10
11.40735166666667
 20
248.5655288888888
 30
0.0
 10
12.32810166666667
 20
248.5655288888888
 30
0.0
 10
12.92076833333333
 20
248.4071316666667
 30
0.0
 10
13.36526833333333
 20
248.0469455555555
 30
0.0
 10
13.735685
 20
247.7717788888889
 30
0.0
 10
13.957935
 20
247.3487983333333
 30
0.0
 10
13.957935
 20
246.7878816666666
 30
0.0
 10
13.957935
 20
246.0996122222222
 30
0.0
 10
13.50285166666666
 20
245.496715
 30
0.0
 10
12.751435
 20
245.2215483333333
 30
0.0
 10
12.751435
 20
245.2144927777777
 30
0.0
 10
12.751435
 20
245.2074372222222
 30
0.0
 10
12.751435
 20
245.2003816666666
 30
0.0
 10
13.42876833333333
 20
245.0310483333333
 30
0.0
 10
14.22251833333333
 20
244.4701316666666
 30
0.0
 10
14.22251833333333
 20
243.4117983333333
 30
0.0
 10
14.22251833333333
 20
242.7979649999999
 30
0.0
 10
13.97910166666666
 20
242.3322983333333
 30
0.0
 10
13.61926833333333
 20
241.9830483333333
 30
0.0
 10
13.12185166666666
 20
241.527965
 30
0.0
 10
12.31751833333333
 20
241.3162983333333
 30
0.0
 10
11.15335166666667
 20
241.3162983333333
 30
0.0
 10
10.51835166666667
 20
241.3162983333333
 30
0.0
 10
10.03151833333333
 20
241.3586316666666
 30
0.0
 10
9.724601666666665
 20
241.400965
 30
0.0
 10
9.724601666666665
 20
243.7397640740741
 30
0.0
 10
9.724601666666665
 20
246.0785631481482
 30
0.0
 10
9.724601666666665
 20
248.4173622222222
 30
0.0
  0
SPLINE
  5
7D
330
1F
100
AcDbEntity
  8
DEFAULT
 62
     6
100
AcDbSpline
210
0.0
220
0.0
230
1.0
 70
    11
 71
     3
 72
    20
 73
    16
 74
     0
 42
0.000000001
 43
0.0000000001
 40
6.508999999999901
 40
6.508999999999901
 40
6.508999999999901
 40
6.508999999999901
 40
8.878999999999902
 40
8.878999999999902
 40
8.878999999999902
 40
9.878999999999902
 40
9.878999999999902
 40
9.878999999999902
 40
10.8789999999999
 40
10.8789999999999
 40
10.8789999999999
 40
11.8789999999999
 40
11.8789999999999
 40
11.8789999999999
 40
18.3879999999998
 40
18.3879999999998
 40
18.3879999999998
 40
18.3879999999998
 10
10.64535166666666
 20
245.496715
 30
0.0
 10
10.92404611111111
 20
245.496715
 30
0.0
 10
11.20274055555556
 20
245.496715
 30
0.0
 10
11.481435
 20
245.496715
 30
0.0
 10
12.45510166666666
 20
245.496715
 30
0.0
 10
13.02660166666666
 20
246.0043622222222
 30
0.0
 10
13.02660166666666
 20
246.6926316666666
 30
0.0
 10
13.02660166666666
 20
247.5283622222222
 30
0.0
 10
12.39160166666666
 20
247.8564455555555
 30
0.0
 10
11.46026833333333
 20
247.8564455555555
 30
0.0
 10
11.036935
 20
247.8564455555555
 30
0.0
 10
10.79351833333333
 20
247.8246955555555
 30
0.0
 10
10.64535166666666
 20
247.7929455555555
 30
0.0
 10
10.64535166666666
 20
247.0275353703704
 30
0.0
 10
10.64535166666666
 20
246.2621251851852
 30
0.0
 10
10.64535166666666
 20
245.496715
 30
0.0
  0
SPLINE
  5
7E
330
1F
100
AcDbEntity
  8
DEFAULT
 62
     6
100
AcDbSpline
210
0.0
220
0.0
230
1.0
 70
    11
 71
     3
 72
    20
 73
    16
 74
     0
 42
0.000000001
 43
0.0000000001
 40
7.710000000000036
 40
7.710000000000036
 40
7.710000000000036
 40
7.710000000000036
 40
8.710000000000036
 40
8.710000000000036
 40
8.710000000000036
 40
9.710000000000036
 40
9.710000000000036
 40
9.710000000000036
 40
10.71000000000004
 40
10.71000000000004
 40
10.71000000000004
 40
12.87000000000004
 40
12.87000000000004
 40
12.87000000000004
 40
20.58000000000007
 40
20.58000000000007
 40
20.58000000000007
 40
20.58000000000007
 10
10.64535166666666
 20
242.0782983333333
 30
0.0
 10
10.82526833333333
 20
242.0465483333333
 30
0.0
 10
11.08985166666667
 20
242.035965
 30
0.0
 10
11.417935
 20
242.035965
 30
0.0
 10
12.370435
 20
242.035965
 30
0.0
 10
13.24885166666667
 20
242.385215
 30
0.0
 10
13.24885166666667
 20
243.4223816666666
 30
0.0
 10
13.24885166666667
 20
244.3960483333333
 30
0.0
 10
12.41276833333333
 20
244.798215
 30
0.0
 10
11.40735166666667
 20
244.798215
 30
0.0
 10
11.15335166666667
 20
244.7982149999999
 30
0.0
 10
10.89935166666667
 20
244.7982149999999
 30
0.0
 10
10.64535166666666
 20
244.798215
 30
0.0
 10
10.64535166666666
 20
243.891576111111
 30
0.0
 10
10.64535166666666
 20
242.9849372222222
 30
0.0
 10
10.64535166666666
 20
242.0782983333333
 30
0.0
  0
SPLINE
  5
7F
330
1F
100
AcDbEntity
  8
DEFAULT
 62
     6
100
AcDbSpline
210
0.0
220
0.0
230
1.0
 70
    11
 71
     3
 72
    35
 73
    31
 74
     0
 42
0.000000001
 43
0.0000000001
 40
2.139275578320897
 40
2.139275578320897
 40
2.139275578320897
 40
2.139275578320897
 40
3.139275578320897
 40
3.139275578320897
 40
3.139275578320897
 40
4.139275578320897
 40
4.139275578320897
 40
4.139275578320897
 40
5.139275578320897
 40
5.139275578320897
 40
5.139275578320897
 40
6.139275578320897
 40
6.139275578320897
 40
6.139275578320897
 40
8.360491461570426
 40
8.360491461570426
 40
8.360491461570426
 40
9.360491461570426
 40
9.360491461570426
 40
9.360491461570426
 40
10.36049146157043
 40
10.36049146157043
 40
10.36049146157043
 40
11.36049146157043
 40
11.36049146157043
 40
11.36049146157043
 40
12.36049146157043
 40
12.36049146157043
 40
12.36049146157043
 40
14.49976703989132
 40
14.49976703989132
 40
14.49976703989132
 40
14.49976703989132
 10
14.70917527777778
 20
208.84896
 30
0.0
 10
14.37050861111111
 20
208.6796266666666
 30
0.0
 10
13.69317527777778
 20
208.5102933333333
 30
0.0
 10
12.82534194444444
 20
208.5102933333333
 30
0.0
 10
10.81486138888889
 20
208.5102933333333
 30
0.0
 10
9.301444722222222
 20
209.7802933333333
 30
0.0
 10
9.301444722222222
 20
212.11921
 30
0.0
 10
9.301444722222222
 20
214.3519405555555
 30
0.0
 10
10.81486138888889
 20
215.8653572222222
 30
0.0
 10
13.02642527777778
 20
215.8653572222222
 30
0.0
 10
13.91577805555555
 20
215.8653572222222
 30
0.0
 10
14.47634194444445
 20
215.6748572222222
 30
0.0
 10
14.71975861111111
 20
215.5478572222222
 30
0.0
 10
14.64567527777778
 20
215.297385
 30
0.0
 10
14.57159194444444
 20
215.0469127777777
 30
0.0
 10
14.49750861111111
 20
214.7964405555555
 30
0.0
 10
14.14825861111111
 20
214.9657738888888
 30
0.0
 10
13.65119472222222
 20
215.0927738888888
 30
0.0
 10
13.05817527777778
 20
215.0927738888888
 30
0.0
 10
11.38636138888889
 20
215.0927738888888
 30
0.0
 10
10.27511138888889
 20
214.0238572222222
 30
0.0
 10
10.27511138888889
 20
212.1506072222222
 30
0.0
 10
10.27511138888889
 20
210.40471
 30
0.0
 10
11.28052805555556
 20
209.2828766666667
 30
0.0
 10
13.01584194444445
 20
209.2828766666667
 30
0.0
 10
13.57711138888889
 20
209.2828766666667
 30
0.0
 10
14.14825861111111
 20
209.3992933333333
 30
0.0
 10
14.51867527777778
 20
209.57921
 30
0.0
 10
14.58217527777778
 20
209.3357933333333
 30
0.0
 10
14.64567527777778
 20
209.0923766666666
 30
0.0
 10
14.70917527777778
 20
208.84896
 30
0.0
  0
SPLINE
  5
80
330
1F
100
AcDbEntity
  8
DEFAULT
 62
     6
100
AcDbSpline
210
0.0
220
0.0
230
1.0
 70
    11
 71
     3
 72
    50
 73
    46
 74
     0
 42
0.000000001
 43
0.0000000001
 40
9.719999999999999
 40
9.719999999999999
 40
9.719999999999999
 40
9.719999999999999
 40
10.72
 40
10.72
 40
10.72
 40
11.72
 40
11.72
 40
11.72
 40
12.72
 40
12.72
 40
12.72
 40
13.72
 40
13.72
 40
13.72
 40
14.72
 40
14.72
 40
14.72
 40
16.94121588324953
 40
16.94121588324953
 40
16.94121588324953
 40
17.94121588324953
 40
17.94121588324953
 40
17.94121588324953
 40
18.94121588324953
 40
18.94121588324953
 40
18.94121588324953
 40
19.94121588324953
 40
19.94121588324953
 40
19.94121588324953
 40
20.94121588324953
 40
20.94121588324953
 40
20.94121588324953
 40
26.97121588324953
 40
26.97121588324953
 40
26.97121588324953
 40
31.08121588324953
 40
31.08121588324953
 40
31.08121588324953
 40
33.18121588324953
 40
33.18121588324953
 40
33.18121588324953
 40
39.84121588324953
 40
39.84121588324953
 40
39.84121588324953
 40
49.56121588324953
 40
49.56121588324953
 40
49.56121588324953
 40
49.56121588324953
 10
15.15378111111111
 20
78.57751055555555
 30
0.0
 10
14.74103111111111
 20
78.42934388888888
 30
0.0
 10
13.92611444444444
 20
78.1859272222222
 30
0.0
 10
12.96303111111111
 20
78.1859272222222
 30
0.0
 10
11.88353111111111
 20
78.1859272222222
 30
0.0
 10
10.99453111111111
 20
78.46109388888887
 30
0.0
 10
10.29603111111111
 20
79.12784388888888
 30
0.0
 10
9.682197777777777
 20
79.72051055555555
 30
0.0
 10
9.301550555555554
 20
80.67301055555555
 30
0.0
 10
9.301550555555554
 20
81.78426055555555
 30
0.0
 10
9.31178111111111
 20
83.91151055555555
 30
0.0
 10
10.77263388888889
 20
85.46690777777776
 30
0.0
 10
13.16411444444444
 20
85.46690777777776
 30
0.0
 10
13.98961444444444
 20
85.46690777777776
 30
0.0
 10
14.63519777777778
 20
85.28734388888888
 30
0.0
 10
14.94211444444444
 20
85.13882444444442
 30
0.0
 10
14.86803111111111
 20
84.8883522222222
 30
0.0
 10
14.79394777777778
 20
84.63787999999998
 30
0.0
 10
14.71986444444444
 20
84.38740777777777
 30
0.0
 10
14.33886444444444
 20
84.55674111111111
 30
0.0
 10
13.86261444444444
 20
84.69432444444443
 30
0.0
 10
13.14294777777777
 20
84.69432444444443
 30
0.0
 10
11.40728111111111
 20
84.69432444444443
 30
0.0
 10
10.27486444444444
 20
83.61482444444444
 30
0.0
 10
10.27486444444444
 20
81.82659388888888
 30
0.0
 10
10.27486444444444
 20
80.01684388888889
 30
0.0
 10
11.36494777777778
 20
78.94792722222222
 30
0.0
 10
13.02653111111111
 20
78.94792722222222
 30
0.0
 10
13.62978111111111
 20
78.94792722222222
 30
0.0
 10
14.04253111111111
 20
79.03259388888887
 30
0.0
 10
14.25419777777778
 20
79.13842722222222
 30
0.0
 10
14.25419777777778
 20
79.84751055555556
 30
0.0
 10
14.25419777777778
 20
80.55659388888888
 30
0.0
 10
14.25419777777778
 20
81.26567722222221
 30
0.0
 10
13.77089222222222
 20
81.26567722222221
 30
0.0
 10
13.28758666666666
 20
81.26567722222221
 30
0.0
 10
12.80428111111111
 20
81.26567722222221
 30
0.0
 10
12.80428111111111
 20
81.51262166666665
 30
0.0
 10
12.80428111111111
 20
81.7595661111111
 30
0.0
 10
12.80428111111111
 20
82.00651055555555
 30
0.0
 10
13.58744777777778
 20
82.00651055555555
 30
0.0
 10
14.37061444444444
 20
82.00651055555555
 30
0.0
 10
15.15378111111111
 20
82.00651055555555
 30
0.0
 10
15.15378111111111
 20
80.86351055555555
 30
0.0
 10
15.15378111111111
 20
79.72051055555555
 30
0.0
 10
15.15378111111111
 20
78.57751055555555
 30
0.0
  0
POLYLINE
  5
81
330
1F
100
AcDbEntity
  8
DEFAULT
 62
     6
100
AcDb2dPolyline
 66
     1
 10
0.0
 20
0.0
 30
0.0
 70
     1
  0
VERTEX
  5
82
330
81
100
AcDbEntity
  8
DEFAULT
 62
     6
100
AcDbVertex
100
AcDb2dVertex
 10
9.724636944444443
 20
117.9237686111111
 30
0.0
  0
VERTEX
  5
83
330
81
100
AcDbEntity
  8
DEFAULT
 62
     6
100
AcDbVertex
100
AcDb2dVertex
 10
13.56638694444444
 20
117.9237686111111
 30
0.0
  0
VERTEX
  5
84
330
81
100
AcDbEntity
  8
DEFAULT
 62
     6
100
AcDbVertex
100
AcDb2dVertex
 10
13.56638694444444
 20
117.1511852777778
 30
0.0
  0
VERTEX
  5
85
330
81
100
AcDbEntity
  8
DEFAULT
 62
     6
100
AcDbVertex
100
AcDb2dVertex
 10
10.64538694444444
 20
117.1511852777778
 30
0.0
  0
VERTEX
  5
86
330
81
100
AcDbEntity
  8
DEFAULT
 62
     6
100
AcDbVertex
100
AcDb2dVertex
 10
10.64538694444444
 20
114.7805186111111
 30
0.0
  0
VERTEX
  5
87
330
81
100
AcDbEntity
  8
DEFAULT
 62
     6
100
AcDbVertex
100
AcDb2dVertex
 10
13.34413694444444
 20
114.7805186111111
 30
0.0
  0
VERTEX
  5
88
330
81
100
AcDbEntity
  8
DEFAULT
 62
     6
100
AcDbVertex
100
AcDb2dVertex
 10
13.34413694444444
 20
114.0185186111111
 30
0.0
  0
VERTEX
  5
89
330
81
100
AcDbEntity
  8
DEFAULT
 62
     6
100
AcDbVertex
100
AcDb2dVertex
 10
10.64538694444444
 20
114.0185186111111
 30
0.0
  0
VERTEX
  5
8A
330
81
100
AcDbEntity
  8
DEFAULT
 62
     6
100
AcDbVertex
100
AcDb2dVertex
 10
10.64538694444444
 20
110.7909547222222
 30
0.0
  0
VERTEX
  5
8B
330
81
100
AcDbEntity
  8
DEFAULT
 62
     6
100
AcDbVertex
100
AcDb2dVertex
 10
9.724636944444443
 20
110.7909547222222
 30
0.0
  0
SEQEND
  5
8C
330
81
100
AcDbEntity
  8
DEFAULT
 62
     6
  0
POLYLINE
  5
8D
330
1F
100
AcDbEntity
  8
DEFAULT
 62
     6
100
AcDb2dPolyline
 66
     1
 10
0.0
 20
0.0
 30
0.0
 70
     1
  0
VERTEX
  5
8E
330
8D
100
AcDbEntity
  8
DEFAULT
 62
     6
100
AcDbVertex
100
AcDb2dVertex
 10
13.41811444444444
 20
146.6657030555555
 30
0.0
  0
VERTEX
  5
8F
330
8D
100
AcDbEntity
  8
DEFAULT
 62
     6
100
AcDbVertex
100
AcDb2dVertex
 10
10.64528111111111
 20
146.6657030555555
 30
0.0
  0
VERTEX
  5
90
330
8D
100
AcDbEntity
  8
DEFAULT
 62
     6
100
AcDbVertex
100
AcDb2dVertex
 10
10.64528111111111
 20
144.0939530555555
 30
0.0
  0
VERTEX
  5
91
330
8D
100
AcDbEntity
  8
DEFAULT
 62
     6
100
AcDbVertex
100
AcDb2dVertex
 10
13.73561444444444
 20
144.0939530555555
 30
0.0
  0
VERTEX
  5
92
330
8D
100
AcDbEntity
  8
DEFAULT
 62
     6
100
AcDbVertex
100
AcDb2dVertex
 10
13.73561444444444
 20
143.3217225
 30
0.0
  0
VERTEX
  5
93
330
8D
100
AcDbEntity
  8
DEFAULT
 62
     6
100
AcDbVertex
100
AcDb2dVertex
 10
9.724531111111112
 20
143.3217225
 30
0.0
  0
VERTEX
  5
94
330
8D
100
AcDbEntity
  8
DEFAULT
 62
     6
100
AcDbVertex
100
AcDb2dVertex
 10
9.724531111111112
 20
150.4545363888889
 30
0.0
  0
VERTEX
  5
95
330
8D
100
AcDbEntity
  8
DEFAULT
 62
     6
100
AcDbVertex
100
AcDb2dVertex
 10
13.57686444444444
 20
150.4545363888889
 30
0.0
  0
VERTEX
  5
96
330
8D
100
AcDbEntity
  8
DEFAULT
 62
     6
100
AcDbVertex
100
AcDb2dVertex
 10
13.57686444444444
 20
149.6819530555555
 30
0.0
  0
VERTEX
  5
97
330
8D
100
AcDbEntity
  8
DEFAULT
 62
     6
100
AcDbVertex
100
AcDb2dVertex
 10
10.64528111111111
 20
149.6819530555555
 30
0.0
  0
VERTEX
  5
98
330
8D
100
AcDbEntity
  8
DEFAULT
 62
     6
100
AcDbVertex
100
AcDb2dVertex
 10
10.64528111111111
 20
147.4277030555556
 30
0.0
  0
VERTEX
  5
99
330
8D
100
AcDbEntity
  8
DEFAULT
 62
     6
100
AcDbVertex
100
AcDb2dVertex
 10
13.41811444444444
 20
147.4277030555556
 30
0.0
  0
SEQEND
  5
9A
330
8D
100
AcDbEntity
  8
DEFAULT
 62
     6
  0
SPLINE
  5
9B
330
1F
100
AcDbEntity
  8
DEFAULT
 62
     6
100
AcDbSpline
210
0.0
220
0.0
230
1.0
 70
    11
 71
     3
 72
    26
 73
    22
 74
     0
 42
0.000000001
 43
0.0000000001
 40
19.88900000000001
 40
19.88900000000001
 40
19.88900000000001
 40
19.88900000000001
 40
20.88900000000001
 40
20.88900000000001
 40
20.88900000000001
 40
21.88900000000001
 40
21.88900000000001
 40
21.88900000000001
 40
22.88900000000001
 40
22.88900000000001
 40
22.88900000000001
 40
23.88900000000001
 40
23.88900000000001
 40
23.88900000000001
 40
24.88900000000001
 40
24.88900000000001
 40
24.88900000000001
 40
25.88900000000001
 40
25.88900000000001
 40
25.88900000000001
 40
45.77800000000002
 40
45.77800000000002
 40
45.77800000000002
 40
45.77800000000002
 10
9.724601666666665
 20
182.8898777777778
 30
0.0
 10
10.28551833333333
 20
182.9745444444444
 30
0.0
 10
10.95226833333333
 20
183.0380444444444
 30
0.0
 10
11.68251833333333
 20
183.0380444444444
 30
0.0
 10
13.005435
 20
183.0380444444444
 30
0.0
 10
13.94735166666666
 20
182.7311277777777
 30
0.0
 10
14.57176833333333
 20
182.1490444444444
 30
0.0
 10
15.20676833333333
 20
181.5669611111111
 30
0.0
 10
15.577185
 20
180.7414611111111
 30
0.0
 10
15.577185
 20
179.5882305555555
 30
0.0
 10
15.577185
 20
178.4240638888889
 30
0.0
 10
15.21735166666667
 20
177.4715638888889
 30
0.0
 10
14.55060166666667
 20
176.8153972222222
 30
0.0
 10
13.88385166666667
 20
176.1486472222222
 30
0.0
 10
12.783185
 20
175.7888138888889
 30
0.0
 10
11.39676833333333
 20
175.7888138888889
 30
0.0
 10
10.74060166666666
 20
175.7888138888889
 30
0.0
 10
10.19026833333333
 20
175.8205638888889
 30
0.0
 10
9.724601666666665
 20
175.8734805555555
 30
0.0
 10
9.724601666666665
 20
178.2122796296296
 30
0.0
 10
9.724601666666665
 20
180.5510787037037
 30
0.0
 10
9.724601666666665
 20
182.8898777777778
 30
0.0
  0
SPLINE
  5
9C
330
1F
100
AcDbEntity
  8
DEFAULT
 62
     6
100
AcDbSpline
210
0.0
220
0.0
230
1.0
 70
    11
 71
     3
 72
    20
 73
    16
 74
     0
 42
0.000000001
 43
0.0000000001
 40
15.95899999999995
 40
15.95899999999995
 40
15.95899999999995
 40
15.95899999999995
 40
16.95899999999995
 40
16.95899999999995
 40
16.95899999999995
 40
17.95899999999995
 40
17.95899999999995
 40
17.95899999999995
 40
18.95899999999995
 40
18.95899999999995
 40
18.95899999999995
 40
19.95899999999995
 40
19.95899999999995
 40
19.95899999999995
 40
35.91799999999989
 40
35.91799999999989
 40
35.91799999999989
 40
35.91799999999989
 10
10.64535166666666
 20
176.5825638888889
 30
0.0
 10
10.878185
 20
176.5402305555555
 30
0.0
 10
11.21685166666667
 20
176.5296472222222
 30
0.0
 10
11.576685
 20
176.5296472222222
 30
0.0
 10
13.545185
 20
176.5296472222222
 30
0.0
 10
14.61410166666666
 20
177.6303138888889
 30
0.0
 10
14.61410166666666
 20
179.5564805555555
 30
0.0
 10
14.624685
 20
181.2392305555555
 30
0.0
 10
13.672185
 20
182.3077944444444
 30
0.0
 10
11.72485166666666
 20
182.3077944444444
 30
0.0
 10
11.24860166666667
 20
182.3077944444444
 30
0.0
 10
10.88876833333333
 20
182.2654611111111
 30
0.0
 10
10.64535166666666
 20
182.2125444444444
 30
0.0
 10
10.64535166666666
 20
180.3358842592592
 30
0.0
 10
10.64535166666666
 20
178.4592240740741
 30
0.0
 10
10.64535166666666
 20
176.5825638888889
 30
0.0
  0
SPLINE
  5
9D
330
1F
100
AcDbEntity
  8
DEFAULT
 62
     6
100
AcDbSpline
210
0.0
220
0.0
230
1.0
 70
    11
 71
     3
 72
    35
 73
    31
 74
     0
 42
0.000000001
 43
0.0000000001
 40
1.0
 40
1.0
 40
1.0
 40
1.0
 40
2.0
 40
2.0
 40
2.0
 40
2.094556861199996
 40
2.094556861199996
 40
2.094556861199996
 40
3.094556861199996
 40
3.094556861199996
 40
3.094556861199996
 40
4.094556861199996
 40
4.094556861199996
 40
4.094556861199996
 40
5.094556861199996
 40
5.094556861199996
 40
5.094556861199996
 40
6.094556861199996
 40
6.094556861199996
 40
6.094556861199996
 40
6.184556861199971
 40
6.184556861199971
 40
6.184556861199971
 40
7.184556861199971
 40
7.184556861199971
 40
7.184556861199971
 40
8.18455686119997
 40
8.18455686119997
 40
8.18455686119997
 40
9.18455686119997
 40
9.18455686119997
 40
9.18455686119997
 40
9.18455686119997
 10
443.5857763888889
 20
142.5776083333333
 30
0.0
 10
443.5857763888889
 20
143.4454416666667
 30
0.0
 10
444.1040069444444
 20
144.059275
 30
0.0
 10
444.9506736111111
 20
144.4191083333333
 30
0.0
 10
444.9472634259259
 20
144.4296916666667
 30
0.0
 10
444.9438532407407
 20
144.440275
 30
0.0
 10
444.9404430555556
 20
144.4508583333333
 30
0.0
 10
444.1780902777778
 20
144.8106916666666
 30
0.0
 10
443.8503597222222
 20
145.4033583333333
 30
0.0
 10
443.8503597222222
 20
145.996025
 30
0.0
 10
443.8503597222222
 20
147.0861083333333
 30
0.0
 10
444.7707569444444
 20
147.8269416666666
 30
0.0
 10
445.9772569444444
 20
147.8269416666666
 30
0.0
 10
447.3107569444444
 20
147.8269416666666
 30
0.0
 10
447.9775069444444
 20
146.9908583333333
 30
0.0
 10
447.9775069444444
 20
146.1336083333333
 30
0.0
 10
447.9775069444444
 20
145.551525
 30
0.0
 10
447.6914041666666
 20
144.9271083333333
 30
0.0
 10
446.8450902777777
 20
144.5249416666666
 30
0.0
 10
446.8450902777777
 20
144.5143583333333
 30
0.0
 10
446.8450902777777
 20
144.503775
 30
0.0
 10
446.8450902777777
 20
144.4931916666667
 30
0.0
 10
447.7023402777778
 20
144.154525
 30
0.0
 10
448.2315069444444
 20
143.551275
 30
0.0
 10
448.2315069444444
 20
142.7151916666666
 30
0.0
 10
448.2315069444444
 20
141.519275
 30
0.0
 10
447.2049236111111
 20
140.7152944444444
 30
0.0
 10
445.8925902777777
 20
140.7152944444444
 30
0.0
 10
444.4536097222222
 20
140.7152944444444
 30
0.0
 10
443.5857763888889
 20
141.5725444444444
 30
0.0
 10
443.5857763888889
 20
142.5776083333333
 30
0.0
  0
SPLINE
  5
9E
330
1F
100
AcDbEntity
  8
DEFAULT
 62
     6
100
AcDbSpline
210
0.0
220
0.0
230
1.0
 70
    11
 71
     3
 72
    17
 73
    13
 74
     0
 42
0.000000001
 43
0.0000000001
 40
1.0
 40
1.0
 40
1.0
 40
1.0
 40
2.0
 40
2.0
 40
2.0
 40
3.0
 40
3.0
 40
3.0
 40
4.0
 40
4.0
 40
4.0
 40
5.0
 40
5.0
 40
5.0
 40
5.0
 10
447.2895902777777
 20
142.6199416666666
 30
0.0
 10
447.2895902777777
 20
143.456025
 30
0.0
 10
446.7075069444444
 20
143.8581916666666
 30
0.0
 10
445.7761736111111
 20
144.122775
 30
0.0
 10
444.9718402777777
 20
143.8899416666667
 30
0.0
 10
444.5379236111111
 20
143.3611277777778
 30
0.0
 10
444.5379236111111
 20
142.7046083333333
 30
0.0
 10
444.506173611111
 20
142.0064611111111
 30
0.0
 10
445.0353402777777
 20
141.392275
 30
0.0
 10
445.9137569444444
 20
141.392275
 30
0.0
 10
446.7494875
 20
141.392275
 30
0.0
 10
447.2895902777777
 20
141.9112111111111
 30
0.0
 10
447.2895902777777
 20
142.6199416666666
 30
0.0
  0
SPLINE
  5
9F
330
1F
100
AcDbEntity
  8
DEFAULT
 62
     6
100
AcDbSpline
210
0.0
220
0.0
230
1.0
 70
    11
 71
     3
 72
    17
 73
    13
 74
     0
 42
0.000000001
 43
0.0000000001
 40
1.0
 40
1.0
 40
1.0
 40
1.0
 40
2.0
 40
2.0
 40
2.0
 40
3.0
 40
3.0
 40
3.0
 40
4.0
 40
4.0
 40
4.0
 40
5.0
 40
5.0
 40
5.0
 40
5.0
 10
444.7284236111111
 20
146.059525
 30
0.0
 10
444.7284236111111
 20
145.3716083333333
 30
0.0
 10
445.2470069444444
 20
145.0011916666666
 30
0.0
 10
446.0407569444444
 20
144.789525
 30
0.0
 10
446.6334236111111
 20
144.9906083333333
 30
0.0
 10
447.0885069444444
 20
145.4139416666667
 30
0.0
 10
447.0885069444444
 20
146.0383583333333
 30
0.0
 10
447.0885069444444
 20
146.5886916666666
 30
0.0
 10
446.7604236111111
 20
147.1601916666667
 30
0.0
 10
445.9243402777778
 20
147.1601916666667
 30
0.0
 10
445.1517569444445
 20
147.1601916666667
 30
0.0
 10
444.7284236111111
 20
146.6521916666667
 30
0.0
 10
444.7284236111111
 20
146.059525
 30
0.0
  0
SPLINE
  5
A0
330
1F
100
AcDbEntity
  8
DEFAULT
 62
     6
100
AcDbSpline
210
0.0
220
0.0
230
1.0
 70
    11
 71
     3
 72
    59
 73
    55
 74
     0
 42
0.000000001
 43
0.0000000001
 40
0.0
 40
0.0
 40
0.0
 40
0.0
 40
3.744235569512075
 40
3.744235569512075
 40
3.744235569512075
 40
4.744235569512075
 40
4.744235569512075
 40
4.744235569512075
 40
4.83423556951222
 40
4.83423556951222
 40
4.83423556951222
 40
5.83423556951222
 40
5.83423556951222
 40
5.83423556951222
 40
9.536896774645589
 40
9.536896774645589
 40
9.536896774645589
 40
12.3878967746457
 40
12.3878967746457
 40
12.3878967746457
 40
20.97759409178093
 40
20.97759409178093
 40
20.97759409178093
 40
30.04676169415764
 40
30.04676169415764
 40
30.04676169415764
 40
33.04676169415764
 40
33.04676169415764
 40
33.04676169415764
 40
36.94929933010676
 40
36.94929933010676
 40
36.94929933010676
 40
37.94929933010676
 40
37.94929933010676
 40
37.94929933010676
 40
38.01029933010691
 40
38.01029933010691
 40
38.01029933010691
 40
39.01029933010691
 40
39.01029933010691
 40
39.01029933010691
 40
42.89708476282627
 40
42.89708476282627
 40
42.89708476282627
 40
45.80608476282637
 40
45.80608476282637
 40
45.80608476282637
 40
54.8351146664207
 40
54.8351146664207
 40
54.8351146664207
 40
63.48027655038802
 40
63.48027655038802
 40
63.48027655038802
 40
66.4192765503881
 40
66.4192765503881
 40
66.4192765503881
 40
66.4192765503881
 10
439.5004686111112
 20
145.9537622222223
 30
0.0
 10
439.7438852777778
 20
145.5868733333334
 30
0.0
 10
439.9873019444444
 20
145.2199844444445
 30
0.0
 10
440.2307186111111
 20
144.8530955555556
 30
0.0
 10
440.4208658333333
 20
144.5673455555555
 30
0.0
 10
440.579968611111
 20
144.3027622222222
 30
0.0
 10
440.7493019444444
 20
144.0170122222222
 30
0.0
 10
440.7598852777778
 20
144.0170122222222
 30
0.0
 10
440.7704686111111
 20
144.0170122222222
 30
0.0
 10
440.7810519444444
 20
144.0170122222222
 30
0.0
 10
440.9500324999999
 20
144.3239288888889
 30
0.0
 10
441.119718611111
 20
144.5885122222222
 30
0.0
 10
441.2886991666666
 20
144.8636788888889
 30
0.0
 10
441.5285880555555
 20
145.22704
 30
0.0
 10
441.7684769444443
 20
145.5904011111111
 30
0.0
 10
442.0083658333332
 20
145.9537622222222
 30
0.0
 10
442.3436223148147
 20
145.9537622222222
 30
0.0
 10
442.6788787962962
 20
145.9537622222222
 30
0.0
 10
443.0141352777777
 20
145.9537622222222
 30
0.0
 10
442.4320519444444
 20
145.1282622222222
 30
0.0
 10
441.849968611111
 20
144.3027622222222
 30
0.0
 10
441.2678852777777
 20
143.4772622222222
 30
0.0
 10
441.8674899074073
 20
142.5953177777778
 30
0.0
 10
442.467094537037
 20
141.7133733333333
 30
0.0
 10
443.0666991666666
 20
140.8314288888889
 30
0.0
 10
442.7139213888888
 20
140.8314288888889
 30
0.0
 10
442.3611436111109
 20
140.8314288888889
 30
0.0
 10
442.0083658333332
 20
140.8314288888889
 30
0.0
 10
441.7578936111111
 20
141.2159566666666
 30
0.0
 10
441.5074213888888
 20
141.6004844444444
 30
0.0
 10
441.2569491666666
 20
141.9850122222222
 30
0.0
 10
441.0562186111111
 20
142.2813455555555
 30
0.0
 10
440.8868852777778
 20
142.5670955555555
 30
0.0
 10
440.7069686111111
 20
142.8740122222222
 30
0.0
 10
440.6997954629629
 20
142.8740122222222
 30
0.0
 10
440.6926223148147
 20
142.8740122222222
 30
0.0
 10
440.6854491666666
 20
142.8740122222222
 30
0.0
 10
440.5164686111111
 20
142.5670955555555
 30
0.0
 10
440.3365519444444
 20
142.2919288888889
 30
0.0
 10
440.1460519444444
 20
141.9850122222222
 30
0.0
 10
439.8989899074074
 20
141.6004844444444
 30
0.0
 10
439.6519278703703
 20
141.2159566666666
 30
0.0
 10
439.4048658333333
 20
140.8314288888889
 30
0.0
 10
439.0627889814814
 20
140.8314288888889
 30
0.0
 10
438.7207121296296
 20
140.8314288888889
 30
0.0
 10
438.3786352777777
 20
140.8314288888889
 30
0.0
 10
438.9852954629629
 20
141.70279
 30
0.0
 10
439.5919556481481
 20
142.5741511111111
 30
0.0
 10
440.1986158333333
 20
143.4455122222222
 30
0.0
 10
439.6202954629629
 20
144.2815955555555
 30
0.0
 10
439.0419750925926
 20
145.1176788888889
 30
0.0
 10
438.4636547222221
 20
145.9537622222222
 30
0.0
 10
438.8092593518518
 20
145.9537622222222
 30
0.0
 10
439.1548639814815
 20
145.9537622222222
 30
0.0
 10
439.5004686111112
 20
145.9537622222223
 30
0.0
  0
SPLINE
  5
A1
330
1F
100
AcDbEntity
  8
DEFAULT
 62
     6
100
AcDbSpline
210
0.0
220
0.0
230
1.0
 70
    11
 71
     3
 72
    35
 73
    31
 74
     0
 42
0.000000001
 43
0.0000000001
 40
1.0
 40
1.0
 40
1.0
 40
1.0
 40
2.0
 40
2.0
 40
2.0
 40
2.094556861200023
 40
2.094556861200023
 40
2.094556861200023
 40
3.094556861200023
 40
3.094556861200023
 40
3.094556861200023
 40
4.094556861200023
 40
4.094556861200023
 40
4.094556861200023
 40
5.094556861200023
 40
5.094556861200023
 40
5.094556861200023
 40
6.094556861200023
 40
6.094556861200023
 40
6.094556861200023
 40
6.184556861200027
 40
6.184556861200027
 40
6.184556861200027
 40
7.184556861200027
 40
7.184556861200027
 40
7.184556861200027
 40
8.184556861200026
 40
8.184556861200026
 40
8.184556861200026
 40
9.184556861200026
 40
9.184556861200026
 40
9.184556861200026
 40
9.184556861200026
 10
126.2128822222222
 20
72.77773805555555
 30
0.0
 10
126.2128822222222
 20
73.64557138888888
 30
0.0
 10
126.7311127777778
 20
74.25940472222221
 30
0.0
 10
127.5777794444444
 20
74.61923805555554
 30
0.0
 10
127.5743692592592
 20
74.62982138888887
 30
0.0
 10
127.570959074074
 20
74.6404047222222
 30
0.0
 10
127.5675488888889
 20
74.65098805555554
 30
0.0
 10
126.8051961111111
 20
75.01082138888889
 30
0.0
 10
126.4774655555555
 20
75.60348805555554
 30
0.0
 10
126.4774655555555
 20
76.1961547222222
 30
0.0
 10
126.4774655555555
 20
77.28623805555554
 30
0.0
 10
127.3978627777778
 20
78.02707138888887
 30
0.0
 10
128.6043627777778
 20
78.02707138888887
 30
0.0
 10
129.9378627777778
 20
78.02707138888887
 30
0.0
 10
130.6046127777778
 20
77.19098805555554
 30
0.0
 10
130.6046127777778
 20
76.33373805555554
 30
0.0
 10
130.6046127777778
 20
75.75165472222221
 30
0.0
 10
130.31851
 20
75.12723805555554
 30
0.0
 10
129.4721961111111
 20
74.72507138888888
 30
0.0
 10
129.4721961111111
 20
74.71448805555553
 30
0.0
 10
129.4721961111111
 20
74.7039047222222
 30
0.0
 10
129.4721961111111
 20
74.69332138888888
 30
0.0
 10
130.3294461111111
 20
74.35465472222221
 30
0.0
 10
130.8586127777778
 20
73.7514047222222
 30
0.0
 10
130.8586127777778
 20
72.91567416666665
 30
0.0
 10
130.8586127777778
 20
71.71940472222221
 30
0.0
 10
129.8320294444444
 20
70.91542416666665
 30
0.0
 10
128.5196961111111
 20
70.91542416666665
 30
0.0
 10
127.0807155555555
 20
70.91542416666665
 30
0.0
 10
126.2128822222222
 20
71.77267416666666
 30
0.0
 10
126.2128822222222
 20
72.77773805555555
 30
0.0
  0
SPLINE
  5
A2
330
1F
100
AcDbEntity
  8
DEFAULT
 62
     6
100
AcDbSpline
210
0.0
220
0.0
230
1.0
 70
    11
 71
     3
 72
    17
 73
    13
 74
     0
 42
0.000000001
 43
0.0000000001
 40
1.0
 40
1.0
 40
1.0
 40
1.0
 40
2.0
 40
2.0
 40
2.0
 40
3.0
 40
3.0
 40
3.0
 40
4.0
 40
4.0
 40
4.0
 40
5.0
 40
5.0
 40
5.0
 40
5.0
 10
129.9166961111111
 20
72.82042416666665
 30
0.0
 10
129.9166961111111
 20
73.65615472222221
 30
0.0
 10
129.3346127777777
 20
74.05832138888887
 30
0.0
 10
128.4032794444444
 20
74.3229047222222
 30
0.0
 10
127.5989461111111
 20
74.09007138888887
 30
0.0
 10
127.1650294444444
 20
73.56125749999998
 30
0.0
 10
127.1650294444444
 20
72.90473805555554
 30
0.0
 10
127.1332794444444
 20
72.20659083333332
 30
0.0
 10
127.6624461111111
 20
71.59275749999999
 30
0.0
 10
128.5408627777778
 20
71.59275749999999
 30
0.0
 10
129.3769461111111
 20
71.59275749999999
 30
0.0
 10
129.9166961111111
 20
72.11134083333333
 30
0.0
 10
129.9166961111111
 20
72.82042416666665
 30
0.0
  0
SPLINE
  5
A3
330
1F
100
AcDbEntity
  8
DEFAULT
 62
     6
100
AcDbSpline
210
0.0
220
0.0
230
1.0
 70
    11
 71
     3
 72
    17
 73
    13
 74
     0
 42
0.000000001
 43
0.0000000001
 40
1.0
 40
1.0
 40
1.0
 40
1.0
 40
2.0
 40
2.0
 40
2.0
 40
3.0
 40
3.0
 40
3.0
 40
4.0
 40
4.0
 40
4.0
 40
5.0
 40
5.0
 40
5.0
 40
5.0
 10
127.3555294444444
 20
76.25965472222221
 30
0.0
 10
127.3555294444444
 20
75.57173805555554
 30
0.0
 10
127.8741127777778
 20
75.20132138888887
 30
0.0
 10
128.6678627777778
 20
74.98965472222221
 30
0.0
 10
129.2605294444444
 20
75.19073805555554
 30
0.0
 10
129.7156127777777
 20
75.61407138888887
 30
0.0
 10
129.7156127777777
 20
76.23848805555555
 30
0.0
 10
129.7156127777777
 20
76.78882138888888
 30
0.0
 10
129.3875294444444
 20
77.36032138888888
 30
0.0
 10
128.5514461111111
 20
77.36032138888888
 30
0.0
 10
127.7788627777777
 20
77.36032138888888
 30
0.0
 10
127.3555294444444
 20
76.85232138888888
 30
0.0
 10
127.3555294444444
 20
76.25965472222221
 30
0.0
  0
SPLINE
  5
A4
330
1F
100
AcDbEntity
  8
DEFAULT
 62
     6
100
AcDbSpline
210
0.0
220
0.0
230
1.0
 70
    11
 71
     3
 72
    59
 73
    55
 74
     0
 42
0.000000001
 43
0.0000000001
 40
0.0
 40
0.0
 40
0.0
 40
0.0
 40
3.744235569512153
 40
3.744235569512153
 40
3.744235569512153
 40
4.744235569512153
 40
4.744235569512153
 40
4.744235569512153
 40
4.834235569512128
 40
4.834235569512128
 40
4.834235569512128
 40
5.834235569512128
 40
5.834235569512128
 40
5.834235569512128
 40
9.536896774645522
 40
9.536896774645522
 40
9.536896774645522
 40
12.38789677464552
 40
12.38789677464552
 40
12.38789677464552
 40
20.97759409178074
 40
20.97759409178074
 40
20.97759409178074
 40
30.04676169415749
 40
30.04676169415749
 40
30.04676169415749
 40
33.04676169415748
 40
33.04676169415748
 40
33.04676169415748
 40
36.94959169301728
 40
36.94959169301728
 40
36.94959169301728
 40
37.94959169301728
 40
37.94959169301728
 40
37.94959169301728
 40
38.01059169301731
 40
38.01059169301731
 40
38.01059169301731
 40
39.01059169301731
 40
39.01059169301731
 40
39.01059169301731
 40
42.89767813404225
 40
42.89767813404225
 40
42.89767813404225
 40
45.80767813404228
 40
45.80767813404228
 40
45.80767813404228
 40
54.83727945414496
 40
54.83727945414496
 40
54.83727945414496
 40
63.48301025032411
 40
63.48301025032411
 40
63.48301025032411
 40
66.42201025032413
 40
66.42201025032413
 40
66.42201025032413
 40
66.42201025032413
 10
122.1276097222222
 20
76.15389194444442
 30
0.0
 10
122.3710263888889
 20
75.78700305555553
 30
0.0
 10
122.6144430555555
 20
75.42011416666664
 30
0.0
 10
122.8578597222222
 20
75.05322527777776
 30
0.0
 10
123.0480069444444
 20
74.76747527777778
 30
0.0
 10
123.2071097222222
 20
74.50289194444444
 30
0.0
 10
123.3764430555555
 20
74.21714194444444
 30
0.0
 10
123.3870263888889
 20
74.21714194444444
 30
0.0
 10
123.3976097222222
 20
74.21714194444444
 30
0.0
 10
123.4081930555555
 20
74.21714194444444
 30
0.0
 10
123.5771736111111
 20
74.5240586111111
 30
0.0
 10
123.7468597222222
 20
74.78864194444444
 30
0.0
 10
123.9158402777778
 20
75.06380861111111
 30
0.0
 10
124.1557291666666
 20
75.42716972222222
 30
0.0
 10
124.3956180555555
 20
75.79053083333334
 30
0.0
 10
124.6355069444444
 20
76.15389194444444
 30
0.0
 10
124.9707634259259
 20
76.15389194444444
 30
0.0
 10
125.3060199074074
 20
76.15389194444444
 30
0.0
 10
125.6412763888889
 20
76.15389194444444
 30
0.0
 10
125.0591930555555
 20
75.32839194444445
 30
0.0
 10
124.4771097222222
 20
74.50289194444444
 30
0.0
 10
123.8950263888889
 20
73.67739194444444
 30
0.0
 10
124.4946310185185
 20
72.79544749999998
 30
0.0
 10
125.0942356481481
 20
71.91350305555555
 30
0.0
 10
125.6938402777778
 20
71.03155861111111
 30
0.0
 10
125.3410625
 20
71.03155861111111
 30
0.0
 10
124.9882847222222
 20
71.03155861111111
 30
0.0
 10
124.6355069444444
 20
71.03155861111111
 30
0.0
 10
124.3851523148148
 20
71.41620398148147
 30
0.0
 10
124.1347976851852
 20
71.80084935185185
 30
0.0
 10
123.8844430555555
 20
72.18549472222222
 30
0.0
 10
123.6833597222222
 20
72.48147527777778
 30
0.0
 10
123.5140263888889
 20
72.76722527777778
 30
0.0
 10
123.3341097222222
 20
73.07414194444445
 30
0.0
 10
123.3269365740741
 20
73.07414194444445
 30
0.0
 10
123.3197634259259
 20
73.07414194444445
 30
0.0
 10
123.3125902777778
 20
73.07414194444445
 30
0.0
 10
123.1436097222222
 20
72.76722527777778
 30
0.0
 10
122.9636930555555
 20
72.4920586111111
 30
0.0
 10
122.7731930555555
 20
72.18549472222222
 30
0.0
 10
122.5262486111111
 20
71.80084935185185
 30
0.0
 10
122.2793041666666
 20
71.41620398148147
 30
0.0
 10
122.0323597222222
 20
71.03155861111111
 30
0.0
 10
121.6901652777778
 20
71.03155861111111
 30
0.0
 10
121.3479708333333
 20
71.03155861111111
 30
0.0
 10
121.0057763888889
 20
71.03155861111111
 30
0.0
 10
121.6125541666667
 20
71.90291972222222
 30
0.0
 10
122.2193319444444
 20
72.77428083333332
 30
0.0
 10
122.8261097222222
 20
73.64564194444444
 30
0.0
 10
122.2476717592592
 20
74.48172527777777
 30
0.0
 10
121.6692337962963
 20
75.3178086111111
 30
0.0
 10
121.0907958333333
 20
76.15389194444444
 30
0.0
 10
121.4364004629629
 20
76.15389194444444
 30
0.0
 10
121.7820050925926
 20
76.15389194444444
 30
0.0
 10
122.1276097222222
 20
76.15389194444442
 30
0.0
  0
SPLINE
  5
A5
330
1F
100
AcDbEntity
  8
DEFAULT
 62
     6
100
AcDbSpline
210
0.0
220
0.0
230
1.0
 70
    11
 71
     3
 72
    35
 73
    31
 74
     0
 42
0.000000001
 43
0.0000000001
 40
1.0
 40
1.0
 40
1.0
 40
1.0
 40
2.0
 40
2.0
 40
2.0
 40
2.095509161864142
 40
2.095509161864142
 40
2.095509161864142
 40
3.095509161864142
 40
3.095509161864142
 40
3.095509161864142
 40
4.095509161864142
 40
4.095509161864142
 40
4.095509161864142
 40
5.095509161864142
 40
5.095509161864142
 40
5.095509161864142
 40
6.095509161864142
 40
6.095509161864142
 40
6.095509161864142
 40
6.185509161864117
 40
6.185509161864117
 40
6.185509161864117
 40
7.185509161864117
 40
7.185509161864117
 40
7.185509161864117
 40
8.185509161864118
 40
8.185509161864118
 40
8.185509161864118
 40
9.185509161864118
 40
9.185509161864118
 40
9.185509161864118
 40
9.185509161864118
 10
126.2128822222222
 20
105.4249930555555
 30
0.0
 10
126.2128822222222
 20
106.2928263888889
 30
0.0
 10
126.7311127777778
 20
106.9066597222222
 30
0.0
 10
127.5777794444444
 20
107.2664930555555
 30
0.0
 10
127.5743692592592
 20
107.2771939814815
 30
0.0
 10
127.570959074074
 20
107.2878949074074
 30
0.0
 10
127.5675488888889
 20
107.2985958333333
 30
0.0
 10
126.8051961111111
 20
107.6580763888889
 30
0.0
 10
126.4774655555555
 20
108.2507430555555
 30
0.0
 10
126.4774655555555
 20
108.8434097222222
 30
0.0
 10
126.4774655555555
 20
109.9334930555555
 30
0.0
 10
127.3978627777778
 20
110.6743263888889
 30
0.0
 10
128.6043627777778
 20
110.6743263888889
 30
0.0
 10
129.9378627777778
 20
110.6743263888889
 30
0.0
 10
130.6046127777778
 20
109.8382430555555
 30
0.0
 10
130.6046127777778
 20
108.9809930555555
 30
0.0
 10
130.6046127777778
 20
108.3989097222222
 30
0.0
 10
130.31851
 20
107.7744930555555
 30
0.0
 10
129.4721961111111
 20
107.3723263888889
 30
0.0
 10
129.4721961111111
 20
107.3617430555556
 30
0.0
 10
129.4721961111111
 20
107.3511597222222
 30
0.0
 10
129.4721961111111
 20
107.3405763888889
 30
0.0
 10
130.3294461111111
 20
107.0019097222222
 30
0.0
 10
130.8586127777778
 20
106.3986597222222
 30
0.0
 10
130.8586127777778
 20
105.5629291666666
 30
0.0
 10
130.8586127777778
 20
104.3666597222222
 30
0.0
 10
129.8320294444444
 20
103.5626791666667
 30
0.0
 10
128.5196961111111
 20
103.5626791666667
 30
0.0
 10
127.0807155555555
 20
103.5626791666667
 30
0.0
 10
126.2128822222222
 20
104.4199291666666
 30
0.0
 10
126.2128822222222
 20
105.4249930555555
 30
0.0
  0
SPLINE
  5
A6
330
1F
100
AcDbEntity
  8
DEFAULT
 62
     6
100
AcDbSpline
210
0.0
220
0.0
230
1.0
 70
    11
 71
     3
 72
    17
 73
    13
 74
     0
 42
0.000000001
 43
0.0000000001
 40
1.0
 40
1.0
 40
1.0
 40
1.0
 40
2.0
 40
2.0
 40
2.0
 40
3.0
 40
3.0
 40
3.0
 40
4.0
 40
4.0
 40
4.0
 40
5.0
 40
5.0
 40
5.0
 40
5.0
 10
129.9166961111111
 20
105.4676791666666
 30
0.0
 10
129.9166961111111
 20
106.3034097222222
 30
0.0
 10
129.3346127777777
 20
106.7055763888889
 30
0.0
 10
128.4032794444444
 20
106.9701597222222
 30
0.0
 10
127.5989461111111
 20
106.7373263888889
 30
0.0
 10
127.1650294444444
 20
106.2085125
 30
0.0
 10
127.1650294444444
 20
105.5519930555555
 30
0.0
 10
127.1332794444444
 20
104.8538458333333
 30
0.0
 10
127.6624461111111
 20
104.2400125
 30
0.0
 10
128.5408627777778
 20
104.2400125
 30
0.0
 10
129.3769461111111
 20
104.2400125
 30
0.0
 10
129.9166961111111
 20
104.7585958333333
 30
0.0
 10
129.9166961111111
 20
105.4676791666666
 30
0.0
  0
SPLINE
  5
A7
330
1F
100
AcDbEntity
  8
DEFAULT
 62
     6
100
AcDbSpline
210
0.0
220
0.0
230
1.0
 70
    11
 71
     3
 72
    17
 73
    13
 74
     0
 42
0.000000001
 43
0.0000000001
 40
1.0
 40
1.0
 40
1.0
 40
1.0
 40
2.0
 40
2.0
 40
2.0
 40
3.0
 40
3.0
 40
3.0
 40
4.0
 40
4.0
 40
4.0
 40
5.0
 40
5.0
 40
5.0
 40
5.0
 10
127.3555294444444
 20
108.9069097222222
 30
0.0
 10
127.3555294444444
 20
108.2189930555555
 30
0.0
 10
127.8741127777778
 20
107.8485763888889
 30
0.0
 10
128.6678627777778
 20
107.6369097222222
 30
0.0
 10
129.2605294444444
 20
107.8379930555555
 30
0.0
 10
129.7156127777777
 20
108.2613263888889
 30
0.0
 10
129.7156127777777
 20
108.8857430555555
 30
0.0
 10
129.7156127777777
 20
109.4360763888889
 30
0.0
 10
129.3875294444444
 20
110.0075763888889
 30
0.0
 10
128.5514461111111
 20
110.0075763888889
 30
0.0
 10
127.7788627777777
 20
110.0075763888889
 30
0.0
 10
127.3555294444444
 20
109.4995763888889
 30
0.0
 10
127.3555294444444
 20
108.9069097222222
 30
0.0
  0
SPLINE
  5
A8
330
1F
100
AcDbEntity
  8
DEFAULT
 62
     6
100
AcDbSpline
210
0.0
220
0.0
230
1.0
 70
    11
 71
     3
 72
    59
 73
    55
 74
     0
 42
0.000000001
 43
0.0000000001
 40
0.0
 40
0.0
 40
0.0
 40
0.0
 40
3.744235569512201
 40
3.744235569512201
 40
3.744235569512201
 40
4.744235569512201
 40
4.744235569512201
 40
4.744235569512201
 40
4.834235569512176
 40
4.834235569512176
 40
4.834235569512176
 40
5.834235569512176
 40
5.834235569512176
 40
5.834235569512176
 40
9.536896774645545
 40
9.536896774645545
 40
9.536896774645545
 40
12.38789677464554
 40
12.38789677464554
 40
12.38789677464554
 40
20.97759409178074
 40
20.97759409178074
 40
20.97759409178074
 40
30.04676169415749
 40
30.04676169415749
 40
30.04676169415749
 40
33.04676169415748
 40
33.04676169415748
 40
33.04676169415748
 40
36.94959169301723
 40
36.94959169301723
 40
36.94959169301723
 40
37.94959169301723
 40
37.94959169301723
 40
37.94959169301723
 40
38.01059169301726
 40
38.01059169301726
 40
38.01059169301726
 40
39.01059169301726
 40
39.01059169301726
 40
39.01059169301726
 40
42.89767813404215
 40
42.89767813404215
 40
42.89767813404215
 40
45.80767813404218
 40
45.80767813404218
 40
45.80767813404218
 40
54.83727945414484
 40
54.83727945414484
 40
54.83727945414484
 40
63.48301025032399
 40
63.48301025032399
 40
63.48301025032399
 40
66.422010250324
 40
66.422010250324
 40
66.422010250324
 40
66.422010250324
 10
122.1276097222222
 20
108.8011469444444
 30
0.0
 10
122.3710263888889
 20
108.4342580555555
 30
0.0
 10
122.6144430555555
 20
108.0673691666666
 30
0.0
 10
122.8578597222222
 20
107.7004802777777
 30
0.0
 10
123.0480069444444
 20
107.4147302777777
 30
0.0
 10
123.2071097222222
 20
107.1501469444444
 30
0.0
 10
123.3764430555555
 20
106.8643969444444
 30
0.0
 10
123.3870263888889
 20
106.8643969444444
 30
0.0
 10
123.3976097222222
 20
106.8643969444444
 30
0.0
 10
123.4081930555555
 20
106.8643969444444
 30
0.0
 10
123.5771736111111
 20
107.1713136111111
 30
0.0
 10
123.7468597222222
 20
107.4358969444444
 30
0.0
 10
123.9158402777778
 20
107.7110636111111
 30
0.0
 10
124.1557291666666
 20
108.0744247222222
 30
0.0
 10
124.3956180555555
 20
108.4377858333333
 30
0.0
 10
124.6355069444444
 20
108.8011469444444
 30
0.0
 10
124.9707634259259
 20
108.8011469444444
 30
0.0
 10
125.3060199074074
 20
108.8011469444444
 30
0.0
 10
125.6412763888889
 20
108.8011469444444
 30
0.0
 10
125.0591930555555
 20
107.9756469444444
 30
0.0
 10
124.4771097222222
 20
107.1501469444444
 30
0.0
 10
123.8950263888889
 20
106.3246469444444
 30
0.0
 10
124.4946310185185
 20
105.4427025
 30
0.0
 10
125.0942356481481
 20
104.5607580555555
 30
0.0
 10
125.6938402777778
 20
103.6788136111111
 30
0.0
 10
125.3410625
 20
103.6788136111111
 30
0.0
 10
124.9882847222222
 20
103.6788136111111
 30
0.0
 10
124.6355069444444
 20
103.6788136111111
 30
0.0
 10
124.3851523148148
 20
104.0634589814815
 30
0.0
 10
124.1347976851852
 20
104.4481043518518
 30
0.0
 10
123.8844430555555
 20
104.8327497222222
 30
0.0
 10
123.6833597222222
 20
105.1287302777777
 30
0.0
 10
123.5140263888889
 20
105.4144802777778
 30
0.0
 10
123.3341097222222
 20
105.7213969444444
 30
0.0
 10
123.3269365740741
 20
105.7213969444444
 30
0.0
 10
123.3197634259259
 20
105.7213969444444
 30
0.0
 10
123.3125902777778
 20
105.7213969444444
 30
0.0
 10
123.1436097222222
 20
105.4144802777778
 30
0.0
 10
122.9636930555555
 20
105.1393136111111
 30
0.0
 10
122.7731930555555
 20
104.8327497222222
 30
0.0
 10
122.5262486111111
 20
104.4481043518518
 30
0.0
 10
122.2793041666666
 20
104.0634589814815
 30
0.0
 10
122.0323597222222
 20
103.6788136111111
 30
0.0
 10
121.6901652777778
 20
103.6788136111111
 30
0.0
 10
121.3479708333333
 20
103.6788136111111
 30
0.0
 10
121.0057763888889
 20
103.6788136111111
 30
0.0
 10
121.6125541666667
 20
104.5501747222222
 30
0.0
 10
122.2193319444444
 20
105.4215358333333
 30
0.0
 10
122.8261097222222
 20
106.2928969444444
 30
0.0
 10
122.2476717592592
 20
107.1289802777778
 30
0.0
 10
121.6692337962963
 20
107.9650636111111
 30
0.0
 10
121.0907958333333
 20
108.8011469444444
 30
0.0
 10
121.4364004629629
 20
108.8011469444444
 30
0.0
 10
121.7820050925926
 20
108.8011469444444
 30
0.0
 10
122.1276097222222
 20
108.8011469444444
 30
0.0
  0
SPLINE
  5
A9
330
1F
100
AcDbEntity
  8
DEFAULT
 62
     6
100
AcDbSpline
210
0.0
220
0.0
230
1.0
 70
    11
 71
     3
 72
    35
 73
    31
 74
     0
 42
0.000000001
 43
0.0000000001
 40
1.0
 40
1.0
 40
1.0
 40
1.0
 40
2.0
 40
2.0
 40
2.0
 40
2.094556861199996
 40
2.094556861199996
 40
2.094556861199996
 40
3.094556861199996
 40
3.094556861199996
 40
3.094556861199996
 40
4.094556861199996
 40
4.094556861199996
 40
4.094556861199996
 40
5.094556861199996
 40
5.094556861199996
 40
5.094556861199996
 40
6.094556861199996
 40
6.094556861199996
 40
6.094556861199996
 40
6.184556861199971
 40
6.184556861199971
 40
6.184556861199971
 40
7.184556861199971
 40
7.184556861199971
 40
7.184556861199971
 40
8.18455686119997
 40
8.18455686119997
 40
8.18455686119997
 40
9.18455686119997
 40
9.18455686119997
 40
9.18455686119997
 40
9.18455686119997
 10
126.2128822222222
 20
138.0719305555556
 30
0.0
 10
126.2128822222222
 20
138.9397638888889
 30
0.0
 10
126.7311127777778
 20
139.5535972222222
 30
0.0
 10
127.5777794444444
 20
139.9134305555555
 30
0.0
 10
127.5743692592592
 20
139.9240138888889
 30
0.0
 10
127.570959074074
 20
139.9345972222222
 30
0.0
 10
127.5675488888889
 20
139.9451805555555
 30
0.0
 10
126.8051961111111
 20
140.3050138888889
 30
0.0
 10
126.4774655555555
 20
140.8976805555555
 30
0.0
 10
126.4774655555555
 20
141.4903472222222
 30
0.0
 10
126.4774655555555
 20
142.5804305555556
 30
0.0
 10
127.3978627777778
 20
143.3212638888889
 30
0.0
 10
128.6043627777778
 20
143.3212638888889
 30
0.0
 10
129.9378627777778
 20
143.3212638888889
 30
0.0
 10
130.6046127777778
 20
142.4851805555555
 30
0.0
 10
130.6046127777778
 20
141.6279305555555
 30
0.0
 10
130.6046127777778
 20
141.0458472222222
 30
0.0
 10
130.31851
 20
140.4214305555556
 30
0.0
 10
129.4721961111111
 20
140.0192638888889
 30
0.0
 10
129.4721961111111
 20
140.0086805555555
 30
0.0
 10
129.4721961111111
 20
139.9980972222222
 30
0.0
 10
129.4721961111111
 20
139.9875138888889
 30
0.0
 10
130.3294461111111
 20
139.6488472222222
 30
0.0
 10
130.8586127777778
 20
139.0455972222222
 30
0.0
 10
130.8586127777778
 20
138.2098666666667
 30
0.0
 10
130.8586127777778
 20
137.0135972222222
 30
0.0
 10
129.8320294444444
 20
136.2096166666666
 30
0.0
 10
128.5196961111111
 20
136.2096166666666
 30
0.0
 10
127.0807155555555
 20
136.2096166666666
 30
0.0
 10
126.2128822222222
 20
137.0668666666666
 30
0.0
 10
126.2128822222222
 20
138.0719305555556
 30
0.0
  0
SPLINE
  5
AA
330
1F
100
AcDbEntity
  8
DEFAULT
 62
     6
100
AcDbSpline
210
0.0
220
0.0
230
1.0
 70
    11
 71
     3
 72
    17
 73
    13
 74
     0
 42
0.000000001
 43
0.0000000001
 40
1.0
 40
1.0
 40
1.0
 40
1.0
 40
2.0
 40
2.0
 40
2.0
 40
3.0
 40
3.0
 40
3.0
 40
4.0
 40
4.0
 40
4.0
 40
5.0
 40
5.0
 40
5.0
 40
5.0
 10
129.9166961111111
 20
138.1142638888889
 30
0.0
 10
129.9166961111111
 20
138.9503472222222
 30
0.0
 10
129.3346127777777
 20
139.3525138888889
 30
0.0
 10
128.4032794444444
 20
139.6170972222222
 30
0.0
 10
127.5989461111111
 20
139.3842638888889
 30
0.0
 10
127.1650294444444
 20
138.85545
 30
0.0
 10
127.1650294444444
 20
138.1989305555555
 30
0.0
 10
127.1332794444444
 20
137.5007833333333
 30
0.0
 10
127.6624461111111
 20
136.88695
 30
0.0
 10
128.5408627777778
 20
136.88695
 30
0.0
 10
129.3769461111111
 20
136.88695
 30
0.0
 10
129.9166961111111
 20
137.4055333333333
 30
0.0
 10
129.9166961111111
 20
138.1142638888889
 30
0.0
  0
SPLINE
  5
AB
330
1F
100
AcDbEntity
  8
DEFAULT
 62
     6
100
AcDbSpline
210
0.0
220
0.0
230
1.0
 70
    11
 71
     3
 72
    17
 73
    13
 74
     0
 42
0.000000001
 43
0.0000000001
 40
1.0
 40
1.0
 40
1.0
 40
1.0
 40
2.0
 40
2.0
 40
2.0
 40
3.0
 40
3.0
 40
3.0
 40
4.0
 40
4.0
 40
4.0
 40
5.0
 40
5.0
 40
5.0
 40
5.0
 10
127.3555294444444
 20
141.5538472222222
 30
0.0
 10
127.3555294444444
 20
140.8659305555555
 30
0.0
 10
127.8741127777778
 20
140.4955138888889
 30
0.0
 10
128.6678627777778
 20
140.2838472222222
 30
0.0
 10
129.2605294444444
 20
140.4849305555556
 30
0.0
 10
129.7156127777777
 20
140.9082638888889
 30
0.0
 10
129.7156127777777
 20
141.5326805555555
 30
0.0
 10
129.7156127777777
 20
142.0830138888889
 30
0.0
 10
129.3875294444444
 20
142.6545138888889
 30
0.0
 10
128.5514461111111
 20
142.6545138888889
 30
0.0
 10
127.7788627777777
 20
142.6545138888889
 30
0.0
 10
127.3555294444444
 20
142.1465138888889
 30
0.0
 10
127.3555294444444
 20
141.5538472222222
 30
0.0
  0
SPLINE
  5
AC
330
1F
100
AcDbEntity
  8
DEFAULT
 62
     6
100
AcDbSpline
210
0.0
220
0.0
230
1.0
 70
    11
 71
     3
 72
    59
 73
    55
 74
     0
 42
0.000000001
 43
0.0000000001
 40
0.0
 40
0.0
 40
0.0
 40
0.0
 40
3.744235569512153
 40
3.744235569512153
 40
3.744235569512153
 40
4.744235569512153
 40
4.744235569512153
 40
4.744235569512153
 40
4.834235569512128
 40
4.834235569512128
 40
4.834235569512128
 40
5.834235569512128
 40
5.834235569512128
 40
5.834235569512128
 40
9.536896774645497
 40
9.536896774645497
 40
9.536896774645497
 40
12.3878967746455
 40
12.3878967746455
 40
12.3878967746455
 40
20.97759409178069
 40
20.97759409178069
 40
20.97759409178069
 40
30.04676169415744
 40
30.04676169415744
 40
30.04676169415744
 40
33.04676169415744
 40
33.04676169415744
 40
33.04676169415744
 40
36.94875362136587
 40
36.94875362136587
 40
36.94875362136587
 40
37.94875362136587
 40
37.94875362136587
 40
37.94875362136587
 40
38.0097536213659
 40
38.0097536213659
 40
38.0097536213659
 40
39.0097536213659
 40
39.0097536213659
 40
39.0097536213659
 40
42.89599859563087
 40
42.89599859563087
 40
42.89599859563087
 40
45.8059985956309
 40
45.8059985956309
 40
45.8059985956309
 40
54.83559991573356
 40
54.83559991573356
 40
54.83559991573356
 40
63.48133071191271
 40
63.48133071191271
 40
63.48133071191271
 40
66.42033071191273
 40
66.42033071191273
 40
66.42033071191273
 40
66.42033071191273
 10
122.1276097222222
 20
141.4480844444444
 30
0.0
 10
122.3710263888889
 20
141.0811955555555
 30
0.0
 10
122.6144430555555
 20
140.7143066666666
 30
0.0
 10
122.8578597222222
 20
140.3474177777777
 30
0.0
 10
123.0480069444444
 20
140.0616677777778
 30
0.0
 10
123.2071097222222
 20
139.7970844444444
 30
0.0
 10
123.3764430555555
 20
139.5113344444444
 30
0.0
 10
123.3870263888889
 20
139.5113344444444
 30
0.0
 10
123.3976097222222
 20
139.5113344444444
 30
0.0
 10
123.4081930555555
 20
139.5113344444444
 30
0.0
 10
123.5771736111111
 20
139.8182511111111
 30
0.0
 10
123.7468597222222
 20
140.0828344444444
 30
0.0
 10
123.9158402777778
 20
140.3580011111111
 30
0.0
 10
124.1557291666666
 20
140.7213622222222
 30
0.0
 10
124.3956180555555
 20
141.0847233333333
 30
0.0
 10
124.6355069444444
 20
141.4480844444444
 30
0.0
 10
124.9707634259259
 20
141.4480844444444
 30
0.0
 10
125.3060199074074
 20
141.4480844444444
 30
0.0
 10
125.6412763888889
 20
141.4480844444444
 30
0.0
 10
125.0591930555555
 20
140.6225844444444
 30
0.0
 10
124.4771097222222
 20
139.7970844444444
 30
0.0
 10
123.8950263888889
 20
138.9715844444444
 30
0.0
 10
124.4946310185185
 20
138.08964
 30
0.0
 10
125.0942356481481
 20
137.2076955555555
 30
0.0
 10
125.6938402777778
 20
136.3257511111111
 30
0.0
 10
125.3410625
 20
136.3257511111111
 30
0.0
 10
124.9882847222222
 20
136.3257511111111
 30
0.0
 10
124.6355069444444
 20
136.3257511111111
 30
0.0
 10
124.3851523148148
 20
136.7102788888889
 30
0.0
 10
124.1347976851852
 20
137.0948066666666
 30
0.0
 10
123.8844430555555
 20
137.4793344444444
 30
0.0
 10
123.6833597222222
 20
137.7756677777778
 30
0.0
 10
123.5140263888889
 20
138.0614177777778
 30
0.0
 10
123.3341097222222
 20
138.3683344444444
 30
0.0
 10
123.3269365740741
 20
138.3683344444444
 30
0.0
 10
123.3197634259259
 20
138.3683344444444
 30
0.0
 10
123.3125902777778
 20
138.3683344444444
 30
0.0
 10
123.1436097222222
 20
138.0614177777778
 30
0.0
 10
122.9636930555555
 20
137.7862511111111
 30
0.0
 10
122.7731930555555
 20
137.4793344444444
 30
0.0
 10
122.5262486111111
 20
137.0948066666666
 30
0.0
 10
122.2793041666666
 20
136.7102788888889
 30
0.0
 10
122.0323597222222
 20
136.3257511111111
 30
0.0
 10
121.6901652777778
 20
136.3257511111111
 30
0.0
 10
121.3479708333333
 20
136.3257511111111
 30
0.0
 10
121.0057763888889
 20
136.3257511111111
 30
0.0
 10
121.6125541666667
 20
137.1971122222222
 30
0.0
 10
122.2193319444444
 20
138.0684733333333
 30
0.0
 10
122.8261097222222
 20
138.9398344444444
 30
0.0
 10
122.2476717592592
 20
139.7759177777777
 30
0.0
 10
121.6692337962963
 20
140.6120011111111
 30
0.0
 10
121.0907958333333
 20
141.4480844444444
 30
0.0
 10
121.4364004629629
 20
141.4480844444444
 30
0.0
 10
121.7820050925926
 20
141.4480844444444
 30
0.0
 10
122.1276097222222
 20
141.4480844444444
 30
0.0
  0
POLYLINE
  5
AD
330
1F
100
AcDbEntity
  8
DEFAULT
 62
     6
100
AcDb2dPolyline
 66
     1
 10
0.0
 20
0.0
 30
0.0
 70
     1
  0
VERTEX
  5
AE
330
AD
100
AcDbEntity
  8
DEFAULT
 62
     6
100
AcDbVertex
100
AcDb2dVertex
 10
163.4432497222222
 20
168.9731472222222
 30
0.0
  0
VERTEX
  5
AF
330
AD
100
AcDbEntity
  8
DEFAULT
 62
     6
100
AcDbVertex
100
AcDb2dVertex
 10
163.4432497222222
 20
170.8463972222222
 30
0.0
  0
VERTEX
  5
B0
330
AD
100
AcDbEntity
  8
DEFAULT
 62
     6
100
AcDbVertex
100
AcDb2dVertex
 10
160.2470830555555
 20
170.8463972222222
 30
0.0
  0
VERTEX
  5
B1
330
AD
100
AcDbEntity
  8
DEFAULT
 62
     6
100
AcDbVertex
100
AcDb2dVertex
 10
160.2470830555555
 20
171.4602305555555
 30
0.0
  0
VERTEX
  5
B2
330
AD
100
AcDbEntity
  8
DEFAULT
 62
     6
100
AcDbVertex
100
AcDb2dVertex
 10
163.3162497222222
 20
175.8519611111111
 30
0.0
  0
VERTEX
  5
B3
330
AD
100
AcDbEntity
  8
DEFAULT
 62
     6
100
AcDbVertex
100
AcDb2dVertex
 10
164.3213136111111
 20
175.8519611111111
 30
0.0
  0
VERTEX
  5
B4
330
AD
100
AcDbEntity
  8
DEFAULT
 62
     6
100
AcDbVertex
100
AcDb2dVertex
 10
164.3213136111111
 20
171.5766472222222
 30
0.0
  0
VERTEX
  5
B5
330
AD
100
AcDbEntity
  8
DEFAULT
 62
     6
100
AcDbVertex
100
AcDb2dVertex
 10
165.2847497222222
 20
171.5766472222222
 30
0.0
  0
VERTEX
  5
B6
330
AD
100
AcDbEntity
  8
DEFAULT
 62
     6
100
AcDbVertex
100
AcDb2dVertex
 10
165.2847497222222
 20
170.8463972222222
 30
0.0
  0
VERTEX
  5
B7
330
AD
100
AcDbEntity
  8
DEFAULT
 62
     6
100
AcDbVertex
100
AcDb2dVertex
 10
164.3213136111111
 20
170.8463972222222
 30
0.0
  0
VERTEX
  5
B8
330
AD
100
AcDbEntity
  8
DEFAULT
 62
     6
100
AcDbVertex
100
AcDb2dVertex
 10
164.3213136111111
 20
168.9731472222222
 30
0.0
  0
SEQEND
  5
B9
330
AD
100
AcDbEntity
  8
DEFAULT
 62
     6
  0
SPLINE
  5
BA
330
1F
100
AcDbEntity
  8
DEFAULT
 62
     6
100
AcDbSpline
210
0.0
220
0.0
230
1.0
 70
    11
 71
     3
 72
    26
 73
    22
 74
     0
 42
0.000000001
 43
0.0000000001
 40
6.389999999999986
 40
6.389999999999986
 40
6.389999999999986
 40
6.389999999999986
 40
12.89999999999998
 40
12.89999999999998
 40
12.89999999999998
 40
13.89999999999998
 40
13.89999999999998
 40
13.89999999999998
 40
13.98999999999995
 40
13.98999999999995
 40
13.98999999999995
 40
14.98999999999995
 40
14.98999999999995
 40
14.98999999999995
 40
23.1567950262021
 40
23.1567950262021
 40
23.1567950262021
 40
23.2167950262021
 40
23.2167950262021
 40
23.2167950262021
 40
29.60679502620209
 40
29.60679502620209
 40
29.60679502620209
 40
29.60679502620209
 10
163.4432497222222
 20
171.5766472222222
 30
0.0
 10
163.4432497222222
 20
172.342175
 30
0.0
 10
163.4432497222222
 20
173.1077027777777
 30
0.0
 10
163.4432497222222
 20
173.8732305555555
 30
0.0
 10
163.4432497222222
 20
174.2327111111111
 30
0.0
 10
163.4538330555555
 20
174.5925444444444
 30
0.0
 10
163.4749997222222
 20
174.9523777777778
 30
0.0
 10
163.4644163888889
 20
174.9523777777778
 30
0.0
 10
163.4538330555555
 20
174.9523777777778
 30
0.0
 10
163.4432497222222
 20
174.9523777777778
 30
0.0
 10
163.2312302777778
 20
174.5505638888889
 30
0.0
 10
163.0622497222222
 20
174.2538777777777
 30
0.0
 10
162.8717497222222
 20
173.9363777777777
 30
0.0
 10
162.3108330555555
 20
173.1568564814815
 30
0.0
 10
161.7499163888889
 20
172.3773351851852
 30
0.0
 10
161.1889997222222
 20
171.5978138888889
 30
0.0
 10
161.1889997222222
 20
171.5907583333334
 30
0.0
 10
161.1889997222222
 20
171.5837027777778
 30
0.0
 10
161.1889997222222
 20
171.5766472222222
 30
0.0
 10
161.9404163888888
 20
171.5766472222222
 30
0.0
 10
162.6918330555555
 20
171.5766472222222
 30
0.0
 10
163.4432497222222
 20
171.5766472222222
 30
0.0
  0
SPLINE
  5
BB
330
1F
100
AcDbEntity
  8
DEFAULT
 62
     6
100
AcDbSpline
210
0.0
220
0.0
230
1.0
 70
    11
 71
     3
 72
    59
 73
    55
 74
     0
 42
0.000000001
 43
0.0000000001
 40
2.939000000000021
 40
2.939000000000021
 40
2.939000000000021
 40
2.939000000000021
 40
6.683235569512174
 40
6.683235569512174
 40
6.683235569512174
 40
7.683235569512174
 40
7.683235569512174
 40
7.683235569512174
 40
7.773235569512149
 40
7.773235569512149
 40
7.773235569512149
 40
8.77323556951215
 40
8.77323556951215
 40
8.77323556951215
 40
12.47589677464552
 40
12.47589677464552
 40
12.47589677464552
 40
15.32689677464552
 40
15.32689677464552
 40
15.32689677464552
 40
23.91659409178072
 40
23.91659409178072
 40
23.91659409178072
 40
32.98576169415746
 40
32.98576169415746
 40
32.98576169415746
 40
35.98576169415746
 40
35.98576169415746
 40
35.98576169415746
 40
39.88913728459194
 40
39.88913728459194
 40
39.88913728459194
 40
40.88913728459194
 40
40.88913728459194
 40
40.88913728459194
 40
40.95013728459197
 40
40.95013728459197
 40
40.95013728459197
 40
41.95013728459197
 40
41.95013728459197
 40
41.95013728459197
 40
45.83776406709048
 40
45.83776406709048
 40
45.83776406709048
 40
48.74676406709047
 40
48.74676406709047
 40
48.74676406709047
 40
57.77579397068474
 40
57.77579397068474
 40
57.77579397068474
 40
66.420955854652
 40
66.420955854652
 40
66.420955854652
 40
69.35995585465201
 40
69.35995585465201
 40
69.35995585465201
 40
69.35995585465201
 10
156.3949261111111
 20
174.0953747222222
 30
0.0
 10
156.6383427777778
 20
173.7284858333333
 30
0.0
 10
156.8817594444444
 20
173.3615969444444
 30
0.0
 10
157.1251761111111
 20
172.9947080555555
 30
0.0
 10
157.3153233333333
 20
172.7089580555555
 30
0.0
 10
157.4744261111111
 20
172.4443747222222
 30
0.0
 10
157.6437594444444
 20
172.1586247222222
 30
0.0
 10
157.6543427777778
 20
172.1586247222222
 30
0.0
 10
157.6649261111111
 20
172.1586247222222
 30
0.0
 10
157.6755094444444
 20
172.1586247222222
 30
0.0
 10
157.84449
 20
172.4655413888889
 30
0.0
 10
158.0141761111111
 20
172.7301247222222
 30
0.0
 10
158.1831566666667
 20
173.0052913888889
 30
0.0
 10
158.4230455555555
 20
173.3686525
 30
0.0
 10
158.6629344444444
 20
173.7320136111111
 30
0.0
 10
158.9028233333333
 20
174.0953747222222
 30
0.0
 10
159.2380798148148
 20
174.0953747222222
 30
0.0
 10
159.5733362962963
 20
174.0953747222222
 30
0.0
 10
159.9085927777778
 20
174.0953747222222
 30
0.0
 10
159.3265094444444
 20
173.2698747222222
 30
0.0
 10
158.7444261111111
 20
172.4443747222222
 30
0.0
 10
158.1623427777778
 20
171.6188747222222
 30
0.0
 10
158.7619474074074
 20
170.7369302777778
 30
0.0
 10
159.361552037037
 20
169.8549858333333
 30
0.0
 10
159.9611566666667
 20
168.9730413888889
 30
0.0
 10
159.6083788888889
 20
168.9730413888889
 30
0.0
 10
159.2556011111111
 20
168.9730413888889
 30
0.0
 10
158.9028233333333
 20
168.9730413888889
 30
0.0
 10
158.6523511111111
 20
169.3576867592592
 30
0.0
 10
158.4018788888889
 20
169.7423321296296
 30
0.0
 10
158.1514066666666
 20
170.1269775
 30
0.0
 10
157.9506761111111
 20
170.4229580555555
 30
0.0
 10
157.7813427777778
 20
170.7087080555555
 30
0.0
 10
157.6014261111111
 20
171.0156247222222
 30
0.0
 10
157.5942529629629
 20
171.0156247222222
 30
0.0
 10
157.5870798148148
 20
171.0156247222222
 30
0.0
 10
157.5799066666667
 20
171.0156247222222
 30
0.0
 10
157.4109261111111
 20
170.7087080555555
 30
0.0
 10
157.2310094444444
 20
170.4335413888889
 30
0.0
 10
157.0405094444444
 20
170.1269775
 30
0.0
 10
156.7934474074074
 20
169.7423321296296
 30
0.0
 10
156.5463853703704
 20
169.3576867592592
 30
0.0
 10
156.2993233333333
 20
168.9730413888889
 30
0.0
 10
155.9572464814815
 20
168.9730413888889
 30
0.0
 10
155.6151696296296
 20
168.9730413888889
 30
0.0
 10
155.2730927777778
 20
168.9730413888889
 30
0.0
 10
155.879752962963
 20
169.8444025
 30
0.0
 10
156.4864131481481
 20
170.7157636111111
 30
0.0
 10
157.0930733333333
 20
171.5871247222222
 30
0.0
 10
156.5147529629629
 20
172.4232080555555
 30
0.0
 10
155.9364325925926
 20
173.2592913888889
 30
0.0
 10
155.3581122222222
 20
174.0953747222222
 30
0.0
 10
155.7037168518518
 20
174.0953747222222
 30
0.0
 10
156.0493214814815
 20
174.0953747222222
 30
0.0
 10
156.3949261111111
 20
174.0953747222222
 30
0.0
  0
SPLINE
  5
BC
330
1F
100
AcDbEntity
  8
DEFAULT
 62
     6
100
AcDbSpline
210
0.0
220
0.0
230
1.0
 70
    11
 71
     3
 72
    47
 73
    43
 74
     0
 42
0.000000001
 43
0.0000000001
 40
12.45000000000005
 40
12.45000000000005
 40
12.45000000000005
 40
12.45000000000005
 40
14.07000000000005
 40
14.07000000000005
 40
14.07000000000005
 40
16.95530760925078
 40
16.95530760925078
 40
16.95530760925078
 40
17.95530760925078
 40
17.95530760925078
 40
17.95530760925078
 40
18.95530760925078
 40
18.95530760925078
 40
18.95530760925078
 40
19.95530760925078
 40
19.95530760925078
 40
19.95530760925078
 40
21.99577838826237
 40
21.99577838826237
 40
21.99577838826237
 40
22.99577838826237
 40
22.99577838826237
 40
22.99577838826237
 40
23.99577838826237
 40
23.99577838826237
 40
23.99577838826237
 40
24.99577838826237
 40
24.99577838826237
 40
24.99577838826237
 40
27.11879510981686
 40
27.11879510981686
 40
27.11879510981686
 40
27.1787951098168
 40
27.1787951098168
 40
27.1787951098168
 40
35.93879510981679
 40
35.93879510981679
 40
35.93879510981679
 40
38.12879510981685
 40
38.12879510981685
 40
38.12879510981685
 40
50.57879510981689
 40
50.57879510981689
 40
50.57879510981689
 40
50.57879510981689
 10
241.2174852777778
 20
249.0484111111111
 30
0.0
 10
241.2174852777778
 20
249.2389111111111
 30
0.0
 10
241.2174852777778
 20
249.4294111111111
 30
0.0
 10
241.2174852777778
 20
249.6199111111111
 30
0.0
 10
241.4609019444445
 20
249.8562722222223
 30
0.0
 10
241.7043186111111
 20
250.0926333333333
 30
0.0
 10
241.9477352777778
 20
250.3289944444444
 30
0.0
 10
243.7045686111111
 20
252.0011611111111
 30
0.0
 10
244.4983186111111
 20
252.8901611111111
 30
0.0
 10
244.5089019444445
 20
253.9273277777778
 30
0.0
 10
244.5089019444445
 20
254.6258277777777
 30
0.0
 10
244.1702352777778
 20
255.2710583333333
 30
0.0
 10
243.1436519444445
 20
255.2710583333333
 30
0.0
 10
242.5192352777778
 20
255.2710583333333
 30
0.0
 10
242.0010047222222
 20
254.9535583333333
 30
0.0
 10
241.6831519444445
 20
254.688975
 30
0.0
 10
241.5844917592593
 20
254.9076972222223
 30
0.0
 10
241.4858315740741
 20
255.1264194444445
 30
0.0
 10
241.3871713888889
 20
255.3451416666667
 30
0.0
 10
241.8630686111111
 20
255.7473083333333
 30
0.0
 10
242.5404019444445
 20
256.0436416666666
 30
0.0
 10
243.3341519444444
 20
256.0436416666666
 30
0.0
 10
244.8158186111111
 20
256.0436416666666
 30
0.0
 10
245.4402352777778
 20
255.0276416666667
 30
0.0
 10
245.4402352777778
 20
254.0433916666667
 30
0.0
 10
245.4402352777778
 20
252.7737444444444
 30
0.0
 10
244.5194852777778
 20
251.7471611111111
 30
0.0
 10
243.0695686111111
 20
250.3501611111111
 30
0.0
 10
242.8861241666667
 20
250.1808277777778
 30
0.0
 10
242.7026797222222
 20
250.0114944444445
 30
0.0
 10
242.5192352777778
 20
249.8421611111111
 30
0.0
 10
242.5192352777778
 20
249.8351055555555
 30
0.0
 10
242.5192352777778
 20
249.82805
 30
0.0
 10
242.5192352777778
 20
249.8209944444445
 30
0.0
 10
243.5493463888889
 20
249.8209944444444
 30
0.0
 10
244.5794575
 20
249.8209944444444
 30
0.0
 10
245.6095686111111
 20
249.8209944444445
 30
0.0
 10
245.6095686111111
 20
249.5634666666666
 30
0.0
 10
245.6095686111111
 20
249.3059388888888
 30
0.0
 10
245.6095686111111
 20
249.0484111111111
 30
0.0
 10
244.1455408333333
 20
249.0484111111111
 30
0.0
 10
242.6815130555556
 20
249.0484111111111
 30
0.0
 10
241.2174852777778
 20
249.0484111111111
 30
0.0
  0
SPLINE
  5
BD
330
1F
100
AcDbEntity
  8
DEFAULT
 62
     6
100
AcDbSpline
210
0.0
220
0.0
230
1.0
 70
    11
 71
     3
 72
    59
 73
    55
 74
     0
 42
0.000000001
 43
0.0000000001
 40
0.0
 40
0.0
 40
0.0
 40
0.0
 40
3.744235569512184
 40
3.744235569512184
 40
3.744235569512184
 40
4.744235569512185
 40
4.744235569512185
 40
4.744235569512185
 40
4.834235569512217
 40
4.834235569512217
 40
4.834235569512217
 40
5.834235569512217
 40
5.834235569512217
 40
5.834235569512217
 40
9.536896774645696
 40
9.536896774645696
 40
9.536896774645696
 40
12.38789677464569
 40
12.38789677464569
 40
12.38789677464569
 40
20.97759409178093
 40
20.97759409178093
 40
20.97759409178093
 40
30.0467616941577
 40
30.0467616941577
 40
30.0467616941577
 40
33.0467616941577
 40
33.0467616941577
 40
33.0467616941577
 40
36.94929933010689
 40
36.94929933010689
 40
36.94929933010689
 40
37.94929933010689
 40
37.94929933010689
 40
37.94929933010689
 40
38.01029933010681
 40
38.01029933010681
 40
38.01029933010681
 40
39.01029933010681
 40
39.01029933010681
 40
39.01029933010681
 40
42.89708476282623
 40
42.89708476282623
 40
42.89708476282623
 40
45.80608476282622
 40
45.80608476282622
 40
45.80608476282622
 40
54.83511466642049
 40
54.83511466642049
 40
54.83511466642049
 40
63.48084546259967
 40
63.48084546259967
 40
63.48084546259967
 40
66.42084546259973
 40
66.42084546259973
 40
66.42084546259973
 40
66.42084546259973
 10
237.0478988888889
 20
254.1705680555556
 30
0.0
 10
237.2913155555556
 20
253.8036791666667
 30
0.0
 10
237.5347322222223
 20
253.4367902777778
 30
0.0
 10
237.7781488888889
 20
253.0699013888889
 30
0.0
 10
237.9682961111111
 20
252.7841513888889
 30
0.0
 10
238.1273988888889
 20
252.5195680555556
 30
0.0
 10
238.2967322222222
 20
252.2338180555556
 30
0.0
 10
238.3073155555555
 20
252.2338180555556
 30
0.0
 10
238.3178988888889
 20
252.2338180555556
 30
0.0
 10
238.3284822222222
 20
252.2338180555556
 30
0.0
 10
238.4974627777778
 20
252.5407347222222
 30
0.0
 10
238.6671488888889
 20
252.8053180555555
 30
0.0
 10
238.8361294444444
 20
253.0804847222222
 30
0.0
 10
239.0760183333333
 20
253.4438458333333
 30
0.0
 10
239.3159072222222
 20
253.8072069444444
 30
0.0
 10
239.5557961111111
 20
254.1705680555555
 30
0.0
 10
239.8910525925926
 20
254.1705680555555
 30
0.0
 10
240.2263090740741
 20
254.1705680555555
 30
0.0
 10
240.5615655555556
 20
254.1705680555555
 30
0.0
 10
239.9794822222222
 20
253.3450680555555
 30
0.0
 10
239.3973988888889
 20
252.5195680555555
 30
0.0
 10
238.8153155555555
 20
251.6940680555556
 30
0.0
 10
239.4149201851852
 20
250.8121236111111
 30
0.0
 10
240.0145248148148
 20
249.9301791666667
 30
0.0
 10
240.6141294444444
 20
249.0482347222222
 30
0.0
 10
240.2613516666667
 20
249.0482347222222
 30
0.0
 10
239.9085738888889
 20
249.0482347222222
 30
0.0
 10
239.5557961111111
 20
249.0482347222222
 30
0.0
 10
239.3053238888889
 20
249.4327625
 30
0.0
 10
239.0548516666667
 20
249.8172902777777
 30
0.0
 10
238.8043794444445
 20
250.2018180555555
 30
0.0
 10
238.6036488888889
 20
250.4981513888889
 30
0.0
 10
238.4343155555555
 20
250.7839013888889
 30
0.0
 10
238.2543988888889
 20
251.0908180555555
 30
0.0
 10
238.2472257407407
 20
251.0908180555556
 30
0.0
 10
238.2400525925926
 20
251.0908180555556
 30
0.0
 10
238.2328794444444
 20
251.0908180555555
 30
0.0
 10
238.0638988888889
 20
250.7839013888889
 30
0.0
 10
237.8839822222222
 20
250.5087347222222
 30
0.0
 10
237.6934822222222
 20
250.2018180555555
 30
0.0
 10
237.4464201851852
 20
249.8172902777778
 30
0.0
 10
237.1993581481481
 20
249.4327625
 30
0.0
 10
236.9522961111111
 20
249.0482347222222
 30
0.0
 10
236.6102192592593
 20
249.0482347222222
 30
0.0
 10
236.2681424074075
 20
249.0482347222222
 30
0.0
 10
235.9260655555556
 20
249.0482347222222
 30
0.0
 10
236.5327257407407
 20
249.9195958333333
 30
0.0
 10
237.139385925926
 20
250.7909569444444
 30
0.0
 10
237.7460461111111
 20
251.6623180555555
 30
0.0
 10
237.1676081481482
 20
252.4984013888889
 30
0.0
 10
236.5891701851852
 20
253.3344847222222
 30
0.0
 10
236.0107322222222
 20
254.1705680555555
 30
0.0
 10
236.3564544444444
 20
254.1705680555556
 30
0.0
 10
236.7021766666667
 20
254.1705680555556
 30
0.0
 10
237.0478988888889
 20
254.1705680555556
 30
0.0
  0
POLYLINE
  5
BE
330
1F
100
AcDbEntity
  8
DEFAULT
 62
     6
100
AcDb2dPolyline
 66
     1
 10
0.0
 20
0.0
 30
0.0
 70
     1
  0
VERTEX
  5
BF
330
BE
100
AcDbEntity
  8
DEFAULT
 62
     6
100
AcDbVertex
100
AcDb2dVertex
 10
308.7565086111111
 20
175.8524902777778
 30
0.0
  0
VERTEX
  5
C0
330
BE
100
AcDbEntity
  8
DEFAULT
 62
     6
100
AcDbVertex
100
AcDb2dVertex
 10
308.7565086111111
 20
177.7257402777778
 30
0.0
  0
VERTEX
  5
C1
330
BE
100
AcDbEntity
  8
DEFAULT
 62
     6
100
AcDbVertex
100
AcDb2dVertex
 10
305.5603419444444
 20
177.7257402777778
 30
0.0
  0
VERTEX
  5
C2
330
BE
100
AcDbEntity
  8
DEFAULT
 62
     6
100
AcDbVertex
100
AcDb2dVertex
 10
305.5603419444444
 20
178.3395736111111
 30
0.0
  0
VERTEX
  5
C3
330
BE
100
AcDbEntity
  8
DEFAULT
 62
     6
100
AcDbVertex
100
AcDb2dVertex
 10
308.6295086111111
 20
182.7313041666667
 30
0.0
  0
VERTEX
  5
C4
330
BE
100
AcDbEntity
  8
DEFAULT
 62
     6
100
AcDbVertex
100
AcDb2dVertex
 10
309.6345725
 20
182.7313041666667
 30
0.0
  0
VERTEX
  5
C5
330
BE
100
AcDbEntity
  8
DEFAULT
 62
     6
100
AcDbVertex
100
AcDb2dVertex
 10
309.6345725
 20
178.4559902777778
 30
0.0
  0
VERTEX
  5
C6
330
BE
100
AcDbEntity
  8
DEFAULT
 62
     6
100
AcDbVertex
100
AcDb2dVertex
 10
310.5980086111111
 20
178.4559902777778
 30
0.0
  0
VERTEX
  5
C7
330
BE
100
AcDbEntity
  8
DEFAULT
 62
     6
100
AcDbVertex
100
AcDb2dVertex
 10
310.5980086111111
 20
177.7257402777778
 30
0.0
  0
VERTEX
  5
C8
330
BE
100
AcDbEntity
  8
DEFAULT
 62
     6
100
AcDbVertex
100
AcDb2dVertex
 10
309.6345725
 20
177.7257402777778
 30
0.0
  0
VERTEX
  5
C9
330
BE
100
AcDbEntity
  8
DEFAULT
 62
     6
100
AcDbVertex
100
AcDb2dVertex
 10
309.6345725
 20
175.8524902777778
 30
0.0
  0
SEQEND
  5
CA
330
BE
100
AcDbEntity
  8
DEFAULT
 62
     6
  0
SPLINE
  5
CB
330
1F
100
AcDbEntity
  8
DEFAULT
 62
     6
100
AcDbSpline
210
0.0
220
0.0
230
1.0
 70
    11
 71
     3
 72
    26
 73
    22
 74
     0
 42
0.000000001
 43
0.0000000001
 40
6.389999999999986
 40
6.389999999999986
 40
6.389999999999986
 40
6.389999999999986
 40
12.89999999999998
 40
12.89999999999998
 40
12.89999999999998
 40
13.89999999999998
 40
13.89999999999998
 40
13.89999999999998
 40
13.99000000000001
 40
13.99000000000001
 40
13.99000000000001
 40
14.99000000000001
 40
14.99000000000001
 40
14.99000000000001
 40
23.15760674861374
 40
23.15760674861374
 40
23.15760674861374
 40
23.21760674861374
 40
23.21760674861374
 40
23.21760674861374
 40
29.60760674861373
 40
29.60760674861373
 40
29.60760674861373
 40
29.60760674861373
 10
308.7565086111111
 20
178.4559902777778
 30
0.0
 10
308.7565086111111
 20
179.2215180555555
 30
0.0
 10
308.7565086111111
 20
179.9870458333333
 30
0.0
 10
308.7565086111111
 20
180.7525736111111
 30
0.0
 10
308.7565086111111
 20
181.1120541666667
 30
0.0
 10
308.7670919444444
 20
181.4718875
 30
0.0
 10
308.7882586111111
 20
181.8317208333333
 30
0.0
 10
308.7776752777777
 20
181.8317208333333
 30
0.0
 10
308.7670919444444
 20
181.8317208333333
 30
0.0
 10
308.7565086111111
 20
181.8317208333333
 30
0.0
 10
308.5444891666666
 20
181.4299069444444
 30
0.0
 10
308.3755086111111
 20
181.1332208333334
 30
0.0
 10
308.1850086111111
 20
180.8160736111111
 30
0.0
 10
307.6240919444444
 20
180.0364347222222
 30
0.0
 10
307.0631752777777
 20
179.2567958333333
 30
0.0
 10
306.5022586111111
 20
178.4771569444444
 30
0.0
 10
306.5022586111111
 20
178.4701013888889
 30
0.0
 10
306.5022586111111
 20
178.4630458333333
 30
0.0
 10
306.5022586111111
 20
178.4559902777778
 30
0.0
 10
307.2536752777777
 20
178.4559902777778
 30
0.0
 10
308.0050919444444
 20
178.4559902777778
 30
0.0
 10
308.7565086111111
 20
178.4559902777778
 30
0.0
  0
SPLINE
  5
CC
330
1F
100
AcDbEntity
  8
DEFAULT
 62
     6
100
AcDbSpline
210
0.0
220
0.0
230
1.0
 70
    11
 71
     3
 72
    59
 73
    55
 74
     0
 42
0.000000001
 43
0.0000000001
 40
0.0
 40
0.0
 40
0.0
 40
0.0
 40
3.744235569512184
 40
3.744235569512184
 40
3.744235569512184
 40
4.744235569512185
 40
4.744235569512185
 40
4.744235569512185
 40
4.834235569512217
 40
4.834235569512217
 40
4.834235569512217
 40
5.834235569512217
 40
5.834235569512217
 40
5.834235569512217
 40
9.536896774645648
 40
9.536896774645648
 40
9.536896774645648
 40
12.38789677464565
 40
12.38789677464565
 40
12.38789677464565
 40
20.97759409178088
 40
20.97759409178088
 40
20.97759409178088
 40
30.04676169415765
 40
30.04676169415765
 40
30.04676169415765
 40
33.04676169415765
 40
33.04676169415765
 40
33.04676169415765
 40
36.94929933010684
 40
36.94929933010684
 40
36.94929933010684
 40
37.94929933010684
 40
37.94929933010684
 40
37.94929933010684
 40
38.01029933010676
 40
38.01029933010676
 40
38.01029933010676
 40
39.01029933010676
 40
39.01029933010676
 40
39.01029933010676
 40
42.89708476282618
 40
42.89708476282618
 40
42.89708476282618
 40
45.80608476282617
 40
45.80608476282617
 40
45.80608476282617
 40
54.83511466642044
 40
54.83511466642044
 40
54.83511466642044
 40
63.48027655038769
 40
63.48027655038769
 40
63.48027655038769
 40
66.41927655038765
 40
66.41927655038765
 40
66.41927655038765
 40
66.41927655038765
 10
301.708185
 20
180.9747177777778
 30
0.0
 10
301.9516016666666
 20
180.6078288888889
 30
0.0
 10
302.1950183333333
 20
180.24094
 30
0.0
 10
302.438435
 20
179.8740511111111
 30
0.0
 10
302.6285822222222
 20
179.5883011111111
 30
0.0
 10
302.787685
 20
179.3237177777777
 30
0.0
 10
302.9570183333333
 20
179.0379677777777
 30
0.0
 10
302.9676016666667
 20
179.0379677777777
 30
0.0
 10
302.978185
 20
179.0379677777777
 30
0.0
 10
302.9887683333333
 20
179.0379677777777
 30
0.0
 10
303.1577488888889
 20
179.3448844444444
 30
0.0
 10
303.327435
 20
179.6094677777778
 30
0.0
 10
303.4964155555555
 20
179.8846344444444
 30
0.0
 10
303.7363044444444
 20
180.2479955555555
 30
0.0
 10
303.9761933333334
 20
180.6113566666667
 30
0.0
 10
304.2160822222222
 20
180.9747177777778
 30
0.0
 10
304.5513387037037
 20
180.9747177777778
 30
0.0
 10
304.8865951851852
 20
180.9747177777778
 30
0.0
 10
305.2218516666667
 20
180.9747177777778
 30
0.0
 10
304.6397683333333
 20
180.1492177777777
 30
0.0
 10
304.057685
 20
179.3237177777778
 30
0.0
 10
303.4756016666666
 20
178.4982177777778
 30
0.0
 10
304.0752062962962
 20
177.6162733333333
 30
0.0
 10
304.6748109259259
 20
176.7343288888889
 30
0.0
 10
305.2744155555555
 20
175.8523844444444
 30
0.0
 10
304.9216377777778
 20
175.8523844444444
 30
0.0
 10
304.56886
 20
175.8523844444444
 30
0.0
 10
304.2160822222222
 20
175.8523844444444
 30
0.0
 10
303.96561
 20
176.2369122222222
 30
0.0
 10
303.7151377777778
 20
176.62144
 30
0.0
 10
303.4646655555555
 20
177.0059677777778
 30
0.0
 10
303.263935
 20
177.3023011111111
 30
0.0
 10
303.0946016666666
 20
177.5880511111111
 30
0.0
 10
302.914685
 20
177.8949677777777
 30
0.0
 10
302.9075118518518
 20
177.8949677777777
 30
0.0
 10
302.9003387037037
 20
177.8949677777777
 30
0.0
 10
302.8931655555556
 20
177.8949677777777
 30
0.0
 10
302.724185
 20
177.5880511111111
 30
0.0
 10
302.5442683333333
 20
177.3128844444444
 30
0.0
 10
302.3537683333333
 20
177.0059677777778
 30
0.0
 10
302.1067062962963
 20
176.62144
 30
0.0
 10
301.8596442592593
 20
176.2369122222222
 30
0.0
 10
301.6125822222222
 20
175.8523844444444
 30
0.0
 10
301.2705053703704
 20
175.8523844444444
 30
0.0
 10
300.9284285185185
 20
175.8523844444444
 30
0.0
 10
300.5863516666666
 20
175.8523844444444
 30
0.0
 10
301.1930118518518
 20
176.7237455555555
 30
0.0
 10
301.7996720370371
 20
177.5951066666667
 30
0.0
 10
302.4063322222222
 20
178.4664677777778
 30
0.0
 10
301.8280118518518
 20
179.3025511111111
 30
0.0
 10
301.2496914814815
 20
180.1386344444444
 30
0.0
 10
300.6713711111111
 20
180.9747177777778
 30
0.0
 10
301.0169757407407
 20
180.9747177777778
 30
0.0
 10
301.3625803703704
 20
180.9747177777778
 30
0.0
 10
301.708185
 20
180.9747177777778
 30
0.0
  0
POLYLINE
  5
CD
330
1F
100
AcDbEntity
  8
DEFAULT
 62
     6
100
AcDb2dPolyline
 66
     1
 10
0.0
 20
0.0
 30
0.0
 70
     1
  0
VERTEX
  5
CE
330
CD
100
AcDbEntity
  8
DEFAULT
 62
     6
100
AcDbVertex
100
AcDb2dVertex
 10
312.2956811111111
 20
116.2675122222222
 30
0.0
  0
VERTEX
  5
CF
330
CD
100
AcDbEntity
  8
DEFAULT
 62
     6
100
AcDbVertex
100
AcDb2dVertex
 10
312.2956811111111
 20
118.1407622222222
 30
0.0
  0
VERTEX
  5
D0
330
CD
100
AcDbEntity
  8
DEFAULT
 62
     6
100
AcDbVertex
100
AcDb2dVertex
 10
309.0995144444444
 20
118.1407622222222
 30
0.0
  0
VERTEX
  5
D1
330
CD
100
AcDbEntity
  8
DEFAULT
 62
     6
100
AcDbVertex
100
AcDb2dVertex
 10
309.0995144444444
 20
118.7545955555556
 30
0.0
  0
VERTEX
  5
D2
330
CD
100
AcDbEntity
  8
DEFAULT
 62
     6
100
AcDbVertex
100
AcDb2dVertex
 10
312.1686811111111
 20
123.1463261111111
 30
0.0
  0
VERTEX
  5
D3
330
CD
100
AcDbEntity
  8
DEFAULT
 62
     6
100
AcDbVertex
100
AcDb2dVertex
 10
313.173745
 20
123.1463261111111
 30
0.0
  0
VERTEX
  5
D4
330
CD
100
AcDbEntity
  8
DEFAULT
 62
     6
100
AcDbVertex
100
AcDb2dVertex
 10
313.173745
 20
118.8710122222222
 30
0.0
  0
VERTEX
  5
D5
330
CD
100
AcDbEntity
  8
DEFAULT
 62
     6
100
AcDbVertex
100
AcDb2dVertex
 10
314.1371811111111
 20
118.8710122222222
 30
0.0
  0
VERTEX
  5
D6
330
CD
100
AcDbEntity
  8
DEFAULT
 62
     6
100
AcDbVertex
100
AcDb2dVertex
 10
314.1371811111111
 20
118.1407622222222
 30
0.0
  0
VERTEX
  5
D7
330
CD
100
AcDbEntity
  8
DEFAULT
 62
     6
100
AcDbVertex
100
AcDb2dVertex
 10
313.173745
 20
118.1407622222222
 30
0.0
  0
VERTEX
  5
D8
330
CD
100
AcDbEntity
  8
DEFAULT
 62
     6
100
AcDbVertex
100
AcDb2dVertex
 10
313.173745
 20
116.2675122222222
 30
0.0
  0
SEQEND
  5
D9
330
CD
100
AcDbEntity
  8
DEFAULT
 62
     6
  0
SPLINE
  5
DA
330
1F
100
AcDbEntity
  8
DEFAULT
 62
     6
100
AcDbSpline
210
0.0
220
0.0
230
1.0
 70
    11
 71
     3
 72
    26
 73
    22
 74
     0
 42
0.000000001
 43
0.0000000001
 40
6.389999999999986
 40
6.389999999999986
 40
6.389999999999986
 40
6.389999999999986
 40
12.89999999999998
 40
12.89999999999998
 40
12.89999999999998
 40
13.89999999999998
 40
13.89999999999998
 40
13.89999999999998
 40
13.99000000000001
 40
13.99000000000001
 40
13.99000000000001
 40
14.99000000000001
 40
14.99000000000001
 40
14.99000000000001
 40
23.15760674861369
 40
23.15760674861369
 40
23.15760674861369
 40
23.21660674861372
 40
23.21660674861372
 40
23.21660674861372
 40
29.6066067486137
 40
29.6066067486137
 40
29.6066067486137
 40
29.6066067486137
 10
312.2956811111111
 20
118.8710122222222
 30
0.0
 10
312.2956811111111
 20
119.63654
 30
0.0
 10
312.2956811111111
 20
120.4020677777778
 30
0.0
 10
312.2956811111111
 20
121.1675955555555
 30
0.0
 10
312.2956811111111
 20
121.5270761111111
 30
0.0
 10
312.3062644444444
 20
121.8869094444444
 30
0.0
 10
312.3274311111111
 20
122.2467427777778
 30
0.0
 10
312.3168477777778
 20
122.2467427777778
 30
0.0
 10
312.3062644444444
 20
122.2467427777778
 30
0.0
 10
312.2956811111111
 20
122.2467427777778
 30
0.0
 10
312.0836616666667
 20
121.8449288888889
 30
0.0
 10
311.9146811111111
 20
121.5482427777778
 30
0.0
 10
311.7241811111111
 20
121.2307427777778
 30
0.0
 10
311.1632644444445
 20
120.4511038888889
 30
0.0
 10
310.6023477777778
 20
119.671465
 30
0.0
 10
310.0414311111111
 20
118.8918261111111
 30
0.0
 10
310.0414311111111
 20
118.8848881481481
 30
0.0
 10
310.0414311111111
 20
118.8779501851852
 30
0.0
 10
310.0414311111111
 20
118.8710122222222
 30
0.0
 10
310.7928477777778
 20
118.8710122222222
 30
0.0
 10
311.5442644444444
 20
118.8710122222222
 30
0.0
 10
312.2956811111111
 20
118.8710122222222
 30
0.0
  0
SPLINE
  5
DB
330
1F
100
AcDbEntity
  8
DEFAULT
 62
     6
100
AcDbSpline
210
0.0
220
0.0
230
1.0
 70
    11
 71
     3
 72
    59
 73
    55
 74
     0
 42
0.000000001
 43
0.0000000001
 40
2.940000000000055
 40
2.940000000000055
 40
2.940000000000055
 40
2.940000000000055
 40
6.684235569512192
 40
6.684235569512192
 40
6.684235569512192
 40
7.684235569512192
 40
7.684235569512192
 40
7.684235569512192
 40
7.774235569512224
 40
7.774235569512224
 40
7.774235569512224
 40
8.774235569512225
 40
8.774235569512225
 40
8.774235569512225
 40
12.47689677464566
 40
12.47689677464566
 40
12.47689677464566
 40
15.32789677464566
 40
15.32789677464566
 40
15.32789677464566
 40
23.91759409178088
 40
23.91759409178088
 40
23.91759409178088
 40
32.98676169415766
 40
32.98676169415766
 40
32.98676169415766
 40
35.98676169415766
 40
35.98676169415766
 40
35.98676169415766
 40
39.88929933010684
 40
39.88929933010684
 40
39.88929933010684
 40
40.88929933010684
 40
40.88929933010684
 40
40.88929933010684
 40
40.95029933010677
 40
40.95029933010677
 40
40.95029933010677
 40
41.95029933010677
 40
41.95029933010677
 40
41.95029933010677
 40
45.83708476282619
 40
45.83708476282619
 40
45.83708476282619
 40
48.74608476282618
 40
48.74608476282618
 40
48.74608476282618
 40
57.77511466642044
 40
57.77511466642044
 40
57.77511466642044
 40
66.42084546259963
 40
66.42084546259963
 40
66.42084546259963
 40
69.36084546259968
 40
69.36084546259968
 40
69.36084546259968
 40
69.36084546259968
 10
305.2473575
 20
121.3897044444444
 30
0.0
 10
305.4907741666666
 20
121.0228155555555
 30
0.0
 10
305.7341908333333
 20
120.6559266666666
 30
0.0
 10
305.9776075
 20
120.2890377777778
 30
0.0
 10
306.1677547222222
 20
120.0032877777778
 30
0.0
 10
306.3268575
 20
119.7387044444444
 30
0.0
 10
306.4961908333333
 20
119.4529544444444
 30
0.0
 10
306.5067741666666
 20
119.4529544444444
 30
0.0
 10
306.5173574999999
 20
119.4529544444444
 30
0.0
 10
306.5279408333333
 20
119.4529544444444
 30
0.0
 10
306.6969213888889
 20
119.7598711111111
 30
0.0
 10
306.8666075
 20
120.0244544444444
 30
0.0
 10
307.0355880555555
 20
120.2996211111111
 30
0.0
 10
307.2754769444444
 20
120.6629822222222
 30
0.0
 10
307.5153658333333
 20
121.0263433333333
 30
0.0
 10
307.7552547222222
 20
121.3897044444444
 30
0.0
 10
308.0905112037037
 20
121.3897044444444
 30
0.0
 10
308.4257676851851
 20
121.3897044444444
 30
0.0
 10
308.7610241666666
 20
121.3897044444444
 30
0.0
 10
308.1789408333333
 20
120.5642044444444
 30
0.0
 10
307.5968575
 20
119.7387044444444
 30
0.0
 10
307.0147741666667
 20
118.9132044444444
 30
0.0
 10
307.6143787962963
 20
118.03126
 30
0.0
 10
308.213983425926
 20
117.1493155555556
 30
0.0
 10
308.8135880555556
 20
116.2673711111111
 30
0.0
 10
308.4608102777777
 20
116.2673711111111
 30
0.0
 10
308.1080325
 20
116.2673711111111
 30
0.0
 10
307.7552547222222
 20
116.2673711111111
 30
0.0
 10
307.5047825
 20
116.6518988888889
 30
0.0
 10
307.2543102777778
 20
117.0364266666667
 30
0.0
 10
307.0038380555555
 20
117.4209544444444
 30
0.0
 10
306.8031075
 20
117.7172877777778
 30
0.0
 10
306.6337741666666
 20
118.0030377777777
 30
0.0
 10
306.4538575
 20
118.3099544444444
 30
0.0
 10
306.4466843518518
 20
118.3099544444444
 30
0.0
 10
306.4395112037037
 20
118.3099544444444
 30
0.0
 10
306.4323380555555
 20
118.3099544444444
 30
0.0
 10
306.2633575
 20
118.0030377777777
 30
0.0
 10
306.0834408333333
 20
117.7278711111111
 30
0.0
 10
305.8929408333333
 20
117.4209544444444
 30
0.0
 10
305.6458787962963
 20
117.0364266666667
 30
0.0
 10
305.3988167592593
 20
116.6518988888889
 30
0.0
 10
305.1517547222222
 20
116.2673711111111
 30
0.0
 10
304.8096778703704
 20
116.2673711111111
 30
0.0
 10
304.4676010185185
 20
116.2673711111111
 30
0.0
 10
304.1255241666667
 20
116.2673711111111
 30
0.0
 10
304.7321843518518
 20
117.1387322222222
 30
0.0
 10
305.338844537037
 20
118.0100933333333
 30
0.0
 10
305.9455047222222
 20
118.8814544444444
 30
0.0
 10
305.3670667592592
 20
119.7175377777777
 30
0.0
 10
304.7886287962962
 20
120.5536211111111
 30
0.0
 10
304.2101908333333
 20
121.3897044444444
 30
0.0
 10
304.5559130555555
 20
121.3897044444444
 30
0.0
 10
304.9016352777778
 20
121.3897044444444
 30
0.0
 10
305.2473575
 20
121.3897044444444
 30
0.0
  0
POLYLINE
  5
DC
330
1F
100
AcDbEntity
  8
DEFAULT
 62
     6
100
AcDb2dPolyline
 66
     1
 10
0.0
 20
0.0
 30
0.0
 70
     1
  0
VERTEX
  5
DD
330
DC
100
AcDbEntity
  8
DEFAULT
 62
     6
100
AcDbVertex
100
AcDb2dVertex
 10
244.0116263888889
 20
73.85219333333332
 30
0.0
  0
VERTEX
  5
DE
330
DC
100
AcDbEntity
  8
DEFAULT
 62
     6
100
AcDbVertex
100
AcDb2dVertex
 10
244.0116263888889
 20
75.72544333333333
 30
0.0
  0
VERTEX
  5
DF
330
DC
100
AcDbEntity
  8
DEFAULT
 62
     6
100
AcDbVertex
100
AcDb2dVertex
 10
240.8158125
 20
75.72544333333333
 30
0.0
  0
VERTEX
  5
E0
330
DC
100
AcDbEntity
  8
DEFAULT
 62
     6
100
AcDbVertex
100
AcDb2dVertex
 10
240.8158125
 20
76.33927666666665
 30
0.0
  0
VERTEX
  5
E1
330
DC
100
AcDbEntity
  8
DEFAULT
 62
     6
100
AcDbVertex
100
AcDb2dVertex
 10
243.8846263888889
 20
80.73100722222222
 30
0.0
  0
VERTEX
  5
E2
330
DC
100
AcDbEntity
  8
DEFAULT
 62
     6
100
AcDbVertex
100
AcDb2dVertex
 10
244.8896902777778
 20
80.73100722222222
 30
0.0
  0
VERTEX
  5
E3
330
DC
100
AcDbEntity
  8
DEFAULT
 62
     6
100
AcDbVertex
100
AcDb2dVertex
 10
244.8896902777778
 20
76.45569333333333
 30
0.0
  0
VERTEX
  5
E4
330
DC
100
AcDbEntity
  8
DEFAULT
 62
     6
100
AcDbVertex
100
AcDb2dVertex
 10
245.8531263888889
 20
76.45569333333333
 30
0.0
  0
VERTEX
  5
E5
330
DC
100
AcDbEntity
  8
DEFAULT
 62
     6
100
AcDbVertex
100
AcDb2dVertex
 10
245.8531263888889
 20
75.72544333333333
 30
0.0
  0
VERTEX
  5
E6
330
DC
100
AcDbEntity
  8
DEFAULT
 62
     6
100
AcDbVertex
100
AcDb2dVertex
 10
244.8896902777778
 20
75.72544333333333
 30
0.0
  0
VERTEX
  5
E7
330
DC
100
AcDbEntity
  8
DEFAULT
 62
     6
100
AcDbVertex
100
AcDb2dVertex
 10
244.8896902777778
 20
73.85219333333332
 30
0.0
  0
SEQEND
  5
E8
330
DC
100
AcDbEntity
  8
DEFAULT
 62
     6
  0
SPLINE
  5
E9
330
1F
100
AcDbEntity
  8
DEFAULT
 62
     6
100
AcDbSpline
210
0.0
220
0.0
230
1.0
 70
    11
 71
     3
 72
    26
 73
    22
 74
     0
 42
0.000000001
 43
0.0000000001
 40
6.389999999999986
 40
6.389999999999986
 40
6.389999999999986
 40
6.389999999999986
 40
12.89999999999998
 40
12.89999999999998
 40
12.89999999999998
 40
13.89999999999998
 40
13.89999999999998
 40
13.89999999999998
 40
13.99000000000001
 40
13.99000000000001
 40
13.99000000000001
 40
14.99000000000001
 40
14.99000000000001
 40
14.99000000000001
 40
23.15679502620213
 40
23.15679502620213
 40
23.15679502620213
 40
23.21679502620213
 40
23.21679502620213
 40
23.21679502620213
 40
29.60679502620212
 40
29.60679502620212
 40
29.60679502620212
 40
29.60679502620212
 10
244.0116263888889
 20
76.45569333333333
 30
0.0
 10
244.0116263888889
 20
77.2212211111111
 30
0.0
 10
244.0116263888889
 20
77.98674888888887
 30
0.0
 10
244.0116263888889
 20
78.75227666666665
 30
0.0
 10
244.0116263888889
 20
79.11175722222221
 30
0.0
 10
244.0222097222222
 20
79.47159055555555
 30
0.0
 10
244.0433763888889
 20
79.83142388888888
 30
0.0
 10
244.0327930555555
 20
79.83142388888888
 30
0.0
 10
244.0222097222222
 20
79.83142388888888
 30
0.0
 10
244.0116263888889
 20
79.83142388888888
 30
0.0
 10
243.7996069444444
 20
79.42961
 30
0.0
 10
243.6306263888889
 20
79.13292388888888
 30
0.0
 10
243.4401263888889
 20
78.81542388888887
 30
0.0
 10
242.8792097222222
 20
78.03590259259256
 30
0.0
 10
242.3182930555555
 20
77.25638129629628
 30
0.0
 10
241.7573763888889
 20
76.47685999999999
 30
0.0
 10
241.7573763888889
 20
76.46980444444443
 30
0.0
 10
241.7573763888889
 20
76.46274888888888
 30
0.0
 10
241.7573763888889
 20
76.45569333333333
 30
0.0
 10
242.5087930555555
 20
76.45569333333333
 30
0.0
 10
243.2602097222222
 20
76.45569333333333
 30
0.0
 10
244.0116263888889
 20
76.45569333333333
 30
0.0
  0
SPLINE
  5
EA
330
1F
100
AcDbEntity
  8
DEFAULT
 62
     6
100
AcDbSpline
210
0.0
220
0.0
230
1.0
 70
    11
 71
     3
 72
    59
 73
    55
 74
     0
 42
0.000000001
 43
0.0000000001
 40
0.0
 40
0.0
 40
0.0
 40
0.0
 40
3.744235569512161
 40
3.744235569512161
 40
3.744235569512161
 40
4.744235569512161
 40
4.744235569512161
 40
4.744235569512161
 40
4.834235569512193
 40
4.834235569512193
 40
4.834235569512193
 40
5.834235569512193
 40
5.834235569512193
 40
5.834235569512193
 40
9.536896774645648
 40
9.536896774645648
 40
9.536896774645648
 40
12.38789677464565
 40
12.38789677464565
 40
12.38789677464565
 40
20.9775940917809
 40
20.9775940917809
 40
20.9775940917809
 40
30.04676169415767
 40
30.04676169415767
 40
30.04676169415767
 40
33.04676169415767
 40
33.04676169415767
 40
33.04676169415767
 40
36.9501372845922
 40
36.9501372845922
 40
36.9501372845922
 40
37.9501372845922
 40
37.9501372845922
 40
37.9501372845922
 40
38.01113728459212
 40
38.01113728459212
 40
38.01113728459212
 40
39.01113728459212
 40
39.01113728459212
 40
39.01113728459212
 40
42.89876406709068
 40
42.89876406709068
 40
42.89876406709068
 40
45.80776406709067
 40
45.80776406709067
 40
45.80776406709067
 40
54.83679397068496
 40
54.83679397068496
 40
54.83679397068496
 40
63.48195585465221
 40
63.48195585465221
 40
63.48195585465221
 40
66.42095585465218
 40
66.42095585465218
 40
66.42095585465218
 40
66.42095585465218
 10
236.9633027777778
 20
78.97438555555553
 30
0.0
 10
237.2067194444444
 20
78.60749666666665
 30
0.0
 10
237.4501361111111
 20
78.24060777777775
 30
0.0
 10
237.6935527777778
 20
77.87371888888887
 30
0.0
 10
237.8837
 20
77.58796888888888
 30
0.0
 10
238.0428027777777
 20
77.32338555555555
 30
0.0
 10
238.2121361111111
 20
77.03763555555554
 30
0.0
 10
238.2227194444444
 20
77.03763555555554
 30
0.0
 10
238.2333027777778
 20
77.03763555555554
 30
0.0
 10
238.2438861111111
 20
77.03763555555554
 30
0.0
 10
238.4128666666666
 20
77.3445522222222
 30
0.0
 10
238.5825527777778
 20
77.60913555555554
 30
0.0
 10
238.7515333333333
 20
77.8843022222222
 30
0.0
 10
238.9914222222222
 20
78.2476633333333
 30
0.0
 10
239.2313111111111
 20
78.61102444444442
 30
0.0
 10
239.4712
 20
78.97438555555554
 30
0.0
 10
239.8064564814814
 20
78.97438555555554
 30
0.0
 10
240.1417129629629
 20
78.97438555555554
 30
0.0
 10
240.4769694444444
 20
78.97438555555554
 30
0.0
 10
239.8948861111111
 20
78.14888555555554
 30
0.0
 10
239.3128027777777
 20
77.32338555555553
 30
0.0
 10
238.7307194444444
 20
76.49788555555554
 30
0.0
 10
239.330324074074
 20
75.6159411111111
 30
0.0
 10
239.9299287037037
 20
74.73399666666666
 30
0.0
 10
240.5295333333333
 20
73.85205222222221
 30
0.0
 10
240.1767555555556
 20
73.85205222222221
 30
0.0
 10
239.8239777777777
 20
73.85205222222221
 30
0.0
 10
239.4712
 20
73.85205222222221
 30
0.0
 10
239.2207277777777
 20
74.23669759259258
 30
0.0
 10
238.9702555555556
 20
74.62134296296294
 30
0.0
 10
238.7197833333333
 20
75.00598833333332
 30
0.0
 10
238.5190527777777
 20
75.30196888888888
 30
0.0
 10
238.3497194444444
 20
75.58771888888889
 30
0.0
 10
238.1698027777777
 20
75.89463555555555
 30
0.0
 10
238.1626296296296
 20
75.89463555555555
 30
0.0
 10
238.1554564814815
 20
75.89463555555555
 30
0.0
 10
238.1482833333333
 20
75.89463555555555
 30
0.0
 10
237.9793027777777
 20
75.58771888888889
 30
0.0
 10
237.7993861111111
 20
75.31255222222221
 30
0.0
 10
237.6088861111111
 20
75.00598833333332
 30
0.0
 10
237.3618240740741
 20
74.62134296296296
 30
0.0
 10
237.114762037037
 20
74.23669759259259
 30
0.0
 10
236.8677
 20
73.85205222222221
 30
0.0
 10
236.5256231481482
 20
73.85205222222221
 30
0.0
 10
236.1835462962963
 20
73.85205222222221
 30
0.0
 10
235.8414694444444
 20
73.85205222222221
 30
0.0
 10
236.4481296296296
 20
74.72341333333333
 30
0.0
 10
237.0547898148148
 20
75.59477444444444
 30
0.0
 10
237.66145
 20
76.46613555555554
 30
0.0
 10
237.0831296296296
 20
77.30221888888887
 30
0.0
 10
236.5048092592592
 20
78.13830222222221
 30
0.0
 10
235.9264888888889
 20
78.97438555555554
 30
0.0
 10
236.2720935185185
 20
78.97438555555554
 30
0.0
 10
236.6176981481482
 20
78.97438555555553
 30
0.0
 10
236.9633027777778
 20
78.97438555555553
 30
0.0
  0
POLYLINE
  5
EB
330
1F
100
AcDbEntity
  8
DEFAULT
 62
     6
100
AcDb2dPolyline
 66
     1
 10
0.0
 20
0.0
 30
0.0
 70
     1
  0
VERTEX
  5
EC
330
EB
100
AcDbEntity
  8
DEFAULT
 62
     6
100
AcDbVertex
100
AcDb2dVertex
 10
91.1717125
 20
168.9731472222222
 30
0.0
  0
VERTEX
  5
ED
330
EB
100
AcDbEntity
  8
DEFAULT
 62
     6
100
AcDbVertex
100
AcDb2dVertex
 10
91.1717125
 20
170.8463972222222
 30
0.0
  0
VERTEX
  5
EE
330
EB
100
AcDbEntity
  8
DEFAULT
 62
     6
100
AcDbVertex
100
AcDb2dVertex
 10
87.97554583333333
 20
170.8463972222222
 30
0.0
  0
VERTEX
  5
EF
330
EB
100
AcDbEntity
  8
DEFAULT
 62
     6
100
AcDbVertex
100
AcDb2dVertex
 10
87.97554583333333
 20
171.4602305555555
 30
0.0
  0
VERTEX
  5
F0
330
EB
100
AcDbEntity
  8
DEFAULT
 62
     6
100
AcDbVertex
100
AcDb2dVertex
 10
91.04471249999999
 20
175.8519611111111
 30
0.0
  0
VERTEX
  5
F1
330
EB
100
AcDbEntity
  8
DEFAULT
 62
     6
100
AcDbVertex
100
AcDb2dVertex
 10
92.04977638888887
 20
175.8519611111111
 30
0.0
  0
VERTEX
  5
F2
330
EB
100
AcDbEntity
  8
DEFAULT
 62
     6
100
AcDbVertex
100
AcDb2dVertex
 10
92.04977638888887
 20
171.5766472222222
 30
0.0
  0
VERTEX
  5
F3
330
EB
100
AcDbEntity
  8
DEFAULT
 62
     6
100
AcDbVertex
100
AcDb2dVertex
 10
93.01321250000001
 20
171.5766472222222
 30
0.0
  0
VERTEX
  5
F4
330
EB
100
AcDbEntity
  8
DEFAULT
 62
     6
100
AcDbVertex
100
AcDb2dVertex
 10
93.01321250000001
 20
170.8463972222222
 30
0.0
  0
VERTEX
  5
F5
330
EB
100
AcDbEntity
  8
DEFAULT
 62
     6
100
AcDbVertex
100
AcDb2dVertex
 10
92.04977638888887
 20
170.8463972222222
 30
0.0
  0
VERTEX
  5
F6
330
EB
100
AcDbEntity
  8
DEFAULT
 62
     6
100
AcDbVertex
100
AcDb2dVertex
 10
92.04977638888887
 20
168.9731472222222
 30
0.0
  0
SEQEND
  5
F7
330
EB
100
AcDbEntity
  8
DEFAULT
 62
     6
  0
SPLINE
  5
F8
330
1F
100
AcDbEntity
  8
DEFAULT
 62
     6
100
AcDbSpline
210
0.0
220
0.0
230
1.0
 70
    11
 71
     3
 72
    26
 73
    22
 74
     0
 42
0.000000001
 43
0.0000000001
 40
6.389999999999986
 40
6.389999999999986
 40
6.389999999999986
 40
6.389999999999986
 40
12.89999999999998
 40
12.89999999999998
 40
12.89999999999998
 40
13.89999999999998
 40
13.89999999999998
 40
13.89999999999998
 40
13.98999999999995
 40
13.98999999999995
 40
13.98999999999995
 40
14.98999999999995
 40
14.98999999999995
 40
14.98999999999995
 40
23.1567950262021
 40
23.1567950262021
 40
23.1567950262021
 40
23.2167950262021
 40
23.2167950262021
 40
23.2167950262021
 40
29.60679502620209
 40
29.60679502620209
 40
29.60679502620209
 40
29.60679502620209
 10
91.1717125
 20
171.5766472222222
 30
0.0
 10
91.1717125
 20
172.342175
 30
0.0
 10
91.1717125
 20
173.1077027777777
 30
0.0
 10
91.1717125
 20
173.8732305555555
 30
0.0
 10
91.1717125
 20
174.2327111111111
 30
0.0
 10
91.18229583333331
 20
174.5925444444444
 30
0.0
 10
91.20346249999999
 20
174.9523777777778
 30
0.0
 10
91.19287916666666
 20
174.9523777777778
 30
0.0
 10
91.18229583333333
 20
174.9523777777778
 30
0.0
 10
91.1717125
 20
174.9523777777778
 30
0.0
 10
90.95969305555555
 20
174.5505638888889
 30
0.0
 10
90.7907125
 20
174.2538777777777
 30
0.0
 10
90.6002125
 20
173.9363777777777
 30
0.0
 10
90.03929583333333
 20
173.1568564814815
 30
0.0
 10
89.47837916666667
 20
172.3773351851852
 30
0.0
 10
88.9174625
 20
171.5978138888889
 30
0.0
 10
88.9174625
 20
171.5907583333334
 30
0.0
 10
88.9174625
 20
171.5837027777778
 30
0.0
 10
88.9174625
 20
171.5766472222222
 30
0.0
 10
89.66887916666667
 20
171.5766472222222
 30
0.0
 10
90.42029583333333
 20
171.5766472222222
 30
0.0
 10
91.1717125
 20
171.5766472222222
 30
0.0
  0
SPLINE
  5
F9
330
1F
100
AcDbEntity
  8
DEFAULT
 62
     6
100
AcDbSpline
210
0.0
220
0.0
230
1.0
 70
    11
 71
     3
 72
    59
 73
    55
 74
     0
 42
0.000000001
 43
0.0000000001
 40
0.0
 40
0.0
 40
0.0
 40
0.0
 40
3.744235569512201
 40
3.744235569512201
 40
3.744235569512201
 40
4.744235569512201
 40
4.744235569512201
 40
4.744235569512201
 40
4.834235569512204
 40
4.834235569512204
 40
4.834235569512204
 40
5.834235569512204
 40
5.834235569512204
 40
5.834235569512204
 40
9.536896774645605
 40
9.536896774645605
 40
9.536896774645605
 40
12.3878967746456
 40
12.3878967746456
 40
12.3878967746456
 40
20.97759409178082
 40
20.97759409178082
 40
20.97759409178082
 40
30.04676169415758
 40
30.04676169415758
 40
30.04676169415758
 40
33.04676169415758
 40
33.04676169415758
 40
33.04676169415758
 40
36.95013728459206
 40
36.95013728459206
 40
36.95013728459206
 40
37.95013728459206
 40
37.95013728459206
 40
37.95013728459206
 40
38.01113728459204
 40
38.01113728459204
 40
38.01113728459204
 40
39.01113728459204
 40
39.01113728459204
 40
39.01113728459204
 40
42.89876406709055
 40
42.89876406709055
 40
42.89876406709055
 40
45.80776406709057
 40
45.80776406709057
 40
45.80776406709057
 40
54.83679397068484
 40
54.83679397068484
 40
54.83679397068484
 40
63.48252476686398
 40
63.48252476686398
 40
63.48252476686398
 40
66.42252476686397
 40
66.42252476686397
 40
66.42252476686397
 40
66.42252476686397
 10
84.1233888888889
 20
174.0953747222222
 30
0.0
 10
84.36680555555556
 20
173.7284858333333
 30
0.0
 10
84.61022222222222
 20
173.3615969444444
 30
0.0
 10
84.8536388888889
 20
172.9947080555555
 30
0.0
 10
85.0437861111111
 20
172.7089580555555
 30
0.0
 10
85.2025361111111
 20
172.4443747222222
 30
0.0
 10
85.37222222222222
 20
172.1586247222222
 30
0.0
 10
85.38280555555555
 20
172.1586247222222
 30
0.0
 10
85.39338888888888
 20
172.1586247222222
 30
0.0
 10
85.40397222222222
 20
172.1586247222222
 30
0.0
 10
85.57295277777777
 20
172.4655413888889
 30
0.0
 10
85.74263888888889
 20
172.7301247222222
 30
0.0
 10
85.91161944444444
 20
173.0052913888889
 30
0.0
 10
86.15150833333333
 20
173.3686525
 30
0.0
 10
86.39139722222221
 20
173.7320136111111
 30
0.0
 10
86.63128611111111
 20
174.0953747222222
 30
0.0
 10
86.96654259259259
 20
174.0953747222222
 30
0.0
 10
87.30179907407405
 20
174.0953747222222
 30
0.0
 10
87.63705555555555
 20
174.0953747222222
 30
0.0
 10
87.0549722222222
 20
173.2698747222222
 30
0.0
 10
86.47288888888887
 20
172.4443747222222
 30
0.0
 10
85.89080555555554
 20
171.6188747222222
 30
0.0
 10
86.49041018518517
 20
170.7369302777778
 30
0.0
 10
87.09001481481482
 20
169.8549858333333
 30
0.0
 10
87.68961944444445
 20
168.9730413888889
 30
0.0
 10
87.33684166666667
 20
168.9730413888889
 30
0.0
 10
86.98406388888888
 20
168.9730413888889
 30
0.0
 10
86.63128611111111
 20
168.9730413888889
 30
0.0
 10
86.38081388888888
 20
169.3576867592592
 30
0.0
 10
86.13034166666667
 20
169.7423321296296
 30
0.0
 10
85.87986944444444
 20
170.1269775
 30
0.0
 10
85.67913888888889
 20
170.4229580555555
 30
0.0
 10
85.50980555555556
 20
170.7087080555555
 30
0.0
 10
85.32988888888887
 20
171.0156247222222
 30
0.0
 10
85.32271574074072
 20
171.0156247222222
 30
0.0
 10
85.31554259259258
 20
171.0156247222222
 30
0.0
 10
85.30836944444444
 20
171.0156247222222
 30
0.0
 10
85.13938888888889
 20
170.7087080555555
 30
0.0
 10
84.95947222222222
 20
170.4335413888889
 30
0.0
 10
84.76897222222222
 20
170.1269775
 30
0.0
 10
84.52191018518518
 20
169.7423321296296
 30
0.0
 10
84.27484814814815
 20
169.3576867592592
 30
0.0
 10
84.02778611111111
 20
168.9730413888889
 30
0.0
 10
83.68570925925926
 20
168.9730413888889
 30
0.0
 10
83.3436324074074
 20
168.9730413888889
 30
0.0
 10
83.00155555555556
 20
168.9730413888889
 30
0.0
 10
83.60821574074073
 20
169.8444025
 30
0.0
 10
84.21487592592592
 20
170.7157636111111
 30
0.0
 10
84.82153611111112
 20
171.5871247222222
 30
0.0
 10
84.24309814814815
 20
172.4232080555555
 30
0.0
 10
83.66466018518518
 20
173.2592913888889
 30
0.0
 10
83.08622222222222
 20
174.0953747222222
 30
0.0
 10
83.43194444444445
 20
174.0953747222222
 30
0.0
 10
83.77766666666668
 20
174.0953747222221
 30
0.0
 10
84.1233888888889
 20
174.0953747222222
 30
0.0
  0
SPLINE
  5
FA
330
1F
100
AcDbEntity
  8
DEFAULT
 62
     6
100
AcDbSpline
210
0.0
220
0.0
230
1.0
 70
    11
 71
     3
 72
    35
 73
    31
 74
     0
 42
0.000000001
 43
0.0000000001
 40
1.0
 40
1.0
 40
1.0
 40
1.0
 40
2.0
 40
2.0
 40
2.0
 40
2.09455686120005
 40
2.09455686120005
 40
2.09455686120005
 40
3.09455686120005
 40
3.09455686120005
 40
3.09455686120005
 40
4.09455686120005
 40
4.09455686120005
 40
4.09455686120005
 40
5.09455686120005
 40
5.09455686120005
 40
5.09455686120005
 40
6.09455686120005
 40
6.09455686120005
 40
6.09455686120005
 40
6.184556861200082
 40
6.184556861200082
 40
6.184556861200082
 40
7.184556861200082
 40
7.184556861200082
 40
7.184556861200082
 40
8.184556861200083
 40
8.184556861200083
 40
8.184556861200083
 40
9.184556861200083
 40
9.184556861200083
 40
9.184556861200083
 40
9.184556861200083
 10
126.2127058333333
 20
203.3664758333333
 30
0.0
 10
126.2127058333333
 20
204.2343091666667
 30
0.0
 10
126.7309363888889
 20
204.8481425
 30
0.0
 10
127.5776030555555
 20
205.2079758333333
 30
0.0
 10
127.5741928703703
 20
205.2185591666667
 30
0.0
 10
127.5707826851852
 20
205.2291425
 30
0.0
 10
127.5673725
 20
205.2397258333333
 30
0.0
 10
126.8050197222222
 20
205.5995591666667
 30
0.0
 10
126.4772891666667
 20
206.1922258333333
 30
0.0
 10
126.4772891666667
 20
206.7848925
 30
0.0
 10
126.4772891666667
 20
207.8749758333333
 30
0.0
 10
127.3976863888889
 20
208.6158091666667
 30
0.0
 10
128.6041863888889
 20
208.6158091666667
 30
0.0
 10
129.9376863888889
 20
208.6158091666667
 30
0.0
 10
130.6044363888889
 20
207.7797258333333
 30
0.0
 10
130.6044363888889
 20
206.9224758333333
 30
0.0
 10
130.6044363888889
 20
206.3403925
 30
0.0
 10
130.3183336111111
 20
205.7159758333333
 30
0.0
 10
129.4720197222222
 20
205.3138091666666
 30
0.0
 10
129.4720197222222
 20
205.3032258333333
 30
0.0
 10
129.4720197222222
 20
205.2926425
 30
0.0
 10
129.4720197222222
 20
205.2820591666666
 30
0.0
 10
130.3292697222222
 20
204.9433925
 30
0.0
 10
130.8584363888889
 20
204.3401425
 30
0.0
 10
130.8584363888889
 20
203.5044119444444
 30
0.0
 10
130.8584363888889
 20
202.3081425
 30
0.0
 10
129.8318530555555
 20
201.5041619444444
 30
0.0
 10
128.5195197222222
 20
201.5041619444444
 30
0.0
 10
127.0805391666667
 20
201.5041619444444
 30
0.0
 10
126.2127058333333
 20
202.3614119444444
 30
0.0
 10
126.2127058333333
 20
203.3664758333333
 30
0.0
  0
SPLINE
  5
FB
330
1F
100
AcDbEntity
  8
DEFAULT
 62
     6
100
AcDbSpline
210
0.0
220
0.0
230
1.0
 70
    11
 71
     3
 72
    17
 73
    13
 74
     0
 42
0.000000001
 43
0.0000000001
 40
1.0
 40
1.0
 40
1.0
 40
1.0
 40
2.0
 40
2.0
 40
2.0
 40
3.0
 40
3.0
 40
3.0
 40
4.0
 40
4.0
 40
4.0
 40
5.0
 40
5.0
 40
5.0
 40
5.0
 10
129.9165197222222
 20
203.4088091666667
 30
0.0
 10
129.9165197222222
 20
204.2448925
 30
0.0
 10
129.3344363888889
 20
204.6470591666667
 30
0.0
 10
128.4031030555556
 20
204.9116425
 30
0.0
 10
127.5987697222222
 20
204.6788091666667
 30
0.0
 10
127.1648530555555
 20
204.1499952777778
 30
0.0
 10
127.1648530555555
 20
203.4934758333333
 30
0.0
 10
127.1331030555555
 20
202.7953286111111
 30
0.0
 10
127.6622697222222
 20
202.1814952777777
 30
0.0
 10
128.5406863888889
 20
202.1814952777777
 30
0.0
 10
129.3764169444444
 20
202.1814952777777
 30
0.0
 10
129.9165197222222
 20
202.7000786111111
 30
0.0
 10
129.9165197222222
 20
203.4088091666667
 30
0.0
  0
SPLINE
  5
FC
330
1F
100
AcDbEntity
  8
DEFAULT
 62
     6
100
AcDbSpline
210
0.0
220
0.0
230
1.0
 70
    11
 71
     3
 72
    17
 73
    13
 74
     0
 42
0.000000001
 43
0.0000000001
 40
1.0
 40
1.0
 40
1.0
 40
1.0
 40
2.0
 40
2.0
 40
2.0
 40
3.0
 40
3.0
 40
3.0
 40
4.0
 40
4.0
 40
4.0
 40
5.0
 40
5.0
 40
5.0
 40
5.0
 10
127.3553530555555
 20
206.8483925
 30
0.0
 10
127.3553530555555
 20
206.1604758333333
 30
0.0
 10
127.8739363888889
 20
205.7900591666667
 30
0.0
 10
128.6676863888889
 20
205.5783925
 30
0.0
 10
129.2603530555555
 20
205.7794758333333
 30
0.0
 10
129.7154363888889
 20
206.2028091666666
 30
0.0
 10
129.7154363888889
 20
206.8272258333333
 30
0.0
 10
129.7154363888889
 20
207.3775591666667
 30
0.0
 10
129.3873530555555
 20
207.9490591666666
 30
0.0
 10
128.5512697222222
 20
207.9490591666666
 30
0.0
 10
127.7786863888889
 20
207.9490591666666
 30
0.0
 10
127.3553530555555
 20
207.4410591666666
 30
0.0
 10
127.3553530555555
 20
206.8483925
 30
0.0
  0
SPLINE
  5
FD
330
1F
100
AcDbEntity
  8
DEFAULT
 62
     6
100
AcDbSpline
210
0.0
220
0.0
230
1.0
 70
    11
 71
     3
 72
    59
 73
    55
 74
     0
 42
0.000000001
 43
0.0000000001
 40
2.939000000000021
 40
2.939000000000021
 40
2.939000000000021
 40
2.939000000000021
 40
6.683235569512174
 40
6.683235569512174
 40
6.683235569512174
 40
7.683235569512174
 40
7.683235569512174
 40
7.683235569512174
 40
7.773235569512149
 40
7.773235569512149
 40
7.773235569512149
 40
8.77323556951215
 40
8.77323556951215
 40
8.77323556951215
 40
12.47589677464557
 40
12.47589677464557
 40
12.47589677464557
 40
15.32689677464557
 40
15.32689677464557
 40
15.32689677464557
 40
23.91659409178077
 40
23.91659409178077
 40
23.91659409178077
 40
32.9857616941575
 40
32.9857616941575
 40
32.9857616941575
 40
35.9857616941575
 40
35.9857616941575
 40
35.9857616941575
 40
39.88829933010669
 40
39.88829933010669
 40
39.88829933010669
 40
40.88829933010669
 40
40.88829933010669
 40
40.88829933010669
 40
40.94929933010673
 40
40.94929933010673
 40
40.94929933010673
 40
41.94929933010673
 40
41.94929933010673
 40
41.94929933010673
 40
45.83608476282615
 40
45.83608476282615
 40
45.83608476282615
 40
48.74508476282614
 40
48.74508476282614
 40
48.74508476282614
 40
57.7741146664204
 40
57.7741146664204
 40
57.7741146664204
 40
66.41927655038765
 40
66.41927655038765
 40
66.41927655038765
 40
69.35827655038767
 40
69.35827655038767
 40
69.35827655038767
 40
69.35827655038767
 10
122.1274333333333
 20
206.7426297222222
 30
0.0
 10
122.37085
 20
206.3757408333333
 30
0.0
 10
122.6142666666666
 20
206.0088519444444
 30
0.0
 10
122.8576833333333
 20
205.6419630555555
 30
0.0
 10
123.0478305555555
 20
205.3562130555555
 30
0.0
 10
123.2069333333333
 20
205.0916297222222
 30
0.0
 10
123.3762666666667
 20
204.8058797222222
 30
0.0
 10
123.38685
 20
204.8058797222222
 30
0.0
 10
123.3974333333333
 20
204.8058797222222
 30
0.0
 10
123.4080166666667
 20
204.8058797222222
 30
0.0
 10
123.5769972222222
 20
205.1127963888889
 30
0.0
 10
123.7466833333333
 20
205.3773797222222
 30
0.0
 10
123.9156638888889
 20
205.6525463888889
 30
0.0
 10
124.1555527777778
 20
206.0159074999999
 30
0.0
 10
124.3954416666667
 20
206.3792686111111
 30
0.0
 10
124.6353305555555
 20
206.7426297222222
 30
0.0
 10
124.970587037037
 20
206.7426297222222
 30
0.0
 10
125.3058435185185
 20
206.7426297222222
 30
0.0
 10
125.6411
 20
206.7426297222222
 30
0.0
 10
125.0590166666667
 20
205.9171297222222
 30
0.0
 10
124.4769333333333
 20
205.0916297222222
 30
0.0
 10
123.89485
 20
204.2661297222222
 30
0.0
 10
124.4944546296296
 20
203.3841852777778
 30
0.0
 10
125.0940592592592
 20
202.5022408333333
 30
0.0
 10
125.6936638888889
 20
201.6202963888889
 30
0.0
 10
125.3408861111111
 20
201.6202963888889
 30
0.0
 10
124.9881083333333
 20
201.6202963888889
 30
0.0
 10
124.6353305555555
 20
201.6202963888889
 30
0.0
 10
124.3848583333333
 20
202.0048241666666
 30
0.0
 10
124.1343861111111
 20
202.3893519444444
 30
0.0
 10
123.8839138888889
 20
202.7738797222222
 30
0.0
 10
123.6831833333333
 20
203.0702130555555
 30
0.0
 10
123.51385
 20
203.3559630555555
 30
0.0
 10
123.3339333333333
 20
203.6628797222222
 30
0.0
 10
123.3267601851852
 20
203.6628797222222
 30
0.0
 10
123.319587037037
 20
203.6628797222222
 30
0.0
 10
123.3124138888889
 20
203.6628797222222
 30
0.0
 10
123.1434333333333
 20
203.3559630555555
 30
0.0
 10
122.9635166666666
 20
203.0807963888889
 30
0.0
 10
122.7730166666666
 20
202.7738797222222
 30
0.0
 10
122.5259546296296
 20
202.3893519444444
 30
0.0
 10
122.2788925925926
 20
202.0048241666667
 30
0.0
 10
122.0318305555555
 20
201.6202963888889
 30
0.0
 10
121.6897537037037
 20
201.6202963888889
 30
0.0
 10
121.3476768518518
 20
201.6202963888889
 30
0.0
 10
121.0056
 20
201.6202963888889
 30
0.0
 10
121.6122601851852
 20
202.4916575
 30
0.0
 10
122.2189203703704
 20
203.3630186111111
 30
0.0
 10
122.8255805555555
 20
204.2343797222222
 30
0.0
 10
122.2472601851852
 20
205.0704630555556
 30
0.0
 10
121.6689398148148
 20
205.9065463888889
 30
0.0
 10
121.0906194444444
 20
206.7426297222222
 30
0.0
 10
121.4362240740741
 20
206.7426297222222
 30
0.0
 10
121.7818287037037
 20
206.7426297222222
 30
0.0
 10
122.1274333333333
 20
206.7426297222222
 30
0.0
  0
SPLINE
  5
FE
330
1F
100
AcDbEntity
  8
DEFAULT
 62
     6
100
AcDbSpline
210
0.0
220
0.0
230
1.0
 70
    11
 71
     3
 72
    35
 73
    31
 74
     0
 42
0.000000001
 43
0.0000000001
 40
1.0
 40
1.0
 40
1.0
 40
1.0
 40
2.0
 40
2.0
 40
2.0
 40
2.09455686120005
 40
2.09455686120005
 40
2.09455686120005
 40
3.09455686120005
 40
3.09455686120005
 40
3.09455686120005
 40
4.09455686120005
 40
4.09455686120005
 40
4.09455686120005
 40
5.09455686120005
 40
5.09455686120005
 40
5.09455686120005
 40
6.09455686120005
 40
6.09455686120005
 40
6.09455686120005
 40
6.184556861200082
 40
6.184556861200082
 40
6.184556861200082
 40
7.184556861200082
 40
7.184556861200082
 40
7.184556861200082
 40
8.184556861200083
 40
8.184556861200083
 40
8.184556861200083
 40
9.184556861200083
 40
9.184556861200083
 40
9.184556861200083
 40
9.184556861200083
 10
126.2127058333333
 20
236.0135897222222
 30
0.0
 10
126.2127058333333
 20
236.8814230555556
 30
0.0
 10
126.7309363888889
 20
237.4952563888889
 30
0.0
 10
127.5776030555555
 20
237.8550897222222
 30
0.0
 10
127.5741928703703
 20
237.8656730555555
 30
0.0
 10
127.5707826851852
 20
237.8762563888889
 30
0.0
 10
127.5673725
 20
237.8868397222222
 30
0.0
 10
126.8050197222222
 20
238.2466730555556
 30
0.0
 10
126.4772891666667
 20
238.8393397222222
 30
0.0
 10
126.4772891666667
 20
239.4320063888889
 30
0.0
 10
126.4772891666667
 20
240.5220897222222
 30
0.0
 10
127.3976863888889
 20
241.2629230555555
 30
0.0
 10
128.6041863888889
 20
241.2629230555555
 30
0.0
 10
129.9376863888889
 20
241.2629230555555
 30
0.0
 10
130.6044363888889
 20
240.4268397222222
 30
0.0
 10
130.6044363888889
 20
239.5695897222222
 30
0.0
 10
130.6044363888889
 20
238.9875063888888
 30
0.0
 10
130.3183336111111
 20
238.3630897222222
 30
0.0
 10
129.4720197222222
 20
237.9609230555555
 30
0.0
 10
129.4720197222222
 20
237.9503397222222
 30
0.0
 10
129.4720197222222
 20
237.9397563888889
 30
0.0
 10
129.4720197222222
 20
237.9291730555555
 30
0.0
 10
130.3292697222222
 20
237.5905063888889
 30
0.0
 10
130.8584363888889
 20
236.9872563888889
 30
0.0
 10
130.8584363888889
 20
236.1515258333333
 30
0.0
 10
130.8584363888889
 20
234.9552563888889
 30
0.0
 10
129.8318530555555
 20
234.1512758333333
 30
0.0
 10
128.5195197222222
 20
234.1512758333333
 30
0.0
 10
127.0805391666667
 20
234.1512758333333
 30
0.0
 10
126.2127058333333
 20
235.0085258333333
 30
0.0
 10
126.2127058333333
 20
236.0135897222222
 30
0.0
  0
SPLINE
  5
FF
330
1F
100
AcDbEntity
  8
DEFAULT
 62
     6
100
AcDbSpline
210
0.0
220
0.0
230
1.0
 70
    11
 71
     3
 72
    17
 73
    13
 74
     0
 42
0.000000001
 43
0.0000000001
 40
1.0
 40
1.0
 40
1.0
 40
1.0
 40
2.0
 40
2.0
 40
2.0
 40
3.0
 40
3.0
 40
3.0
 40
4.0
 40
4.0
 40
4.0
 40
5.0
 40
5.0
 40
5.0
 40
5.0
 10
129.9165197222222
 20
236.0559230555556
 30
0.0
 10
129.9165197222222
 20
236.8920063888889
 30
0.0
 10
129.3344363888889
 20
237.2941730555555
 30
0.0
 10
128.4031030555556
 20
237.5587563888889
 30
0.0
 10
127.5987697222222
 20
237.3259230555555
 30
0.0
 10
127.1648530555555
 20
236.7971091666666
 30
0.0
 10
127.1648530555555
 20
236.1405897222222
 30
0.0
 10
127.1331030555555
 20
235.4424425
 30
0.0
 10
127.6622697222222
 20
234.8286091666666
 30
0.0
 10
128.5406863888889
 20
234.8286091666666
 30
0.0
 10
129.3764169444444
 20
234.8286091666666
 30
0.0
 10
129.9165197222222
 20
235.3471925
 30
0.0
 10
129.9165197222222
 20
236.0559230555556
 30
0.0
  0
SPLINE
  5
100
330
1F
100
AcDbEntity
  8
DEFAULT
 62
     6
100
AcDbSpline
210
0.0
220
0.0
230
1.0
 70
    11
 71
     3
 72
    17
 73
    13
 74
     0
 42
0.000000001
 43
0.0000000001
 40
1.0
 40
1.0
 40
1.0
 40
1.0
 40
2.0
 40
2.0
 40
2.0
 40
3.0
 40
3.0
 40
3.0
 40
4.0
 40
4.0
 40
4.0
 40
5.0
 40
5.0
 40
5.0
 40
5.0
 10
127.3553530555555
 20
239.4955063888889
 30
0.0
 10
127.3553530555555
 20
238.8075897222222
 30
0.0
 10
127.8739363888889
 20
238.4371730555555
 30
0.0
 10
128.6676863888889
 20
238.2255063888889
 30
0.0
 10
129.2603530555555
 20
238.4265897222222
 30
0.0
 10
129.7154363888889
 20
238.8499230555555
 30
0.0
 10
129.7154363888889
 20
239.4743397222222
 30
0.0
 10
129.7154363888889
 20
240.0246730555556
 30
0.0
 10
129.3873530555555
 20
240.5961730555555
 30
0.0
 10
128.5512697222222
 20
240.5961730555555
 30
0.0
 10
127.7786863888889
 20
240.5961730555555
 30
0.0
 10
127.3553530555555
 20
240.0881730555555
 30
0.0
 10
127.3553530555555
 20
239.4955063888889
 30
0.0
  0
SPLINE
  5
101
330
1F
100
AcDbEntity
  8
DEFAULT
 62
     6
100
AcDbSpline
210
0.0
220
0.0
230
1.0
 70
    11
 71
     3
 72
    59
 73
    55
 74
     0
 42
0.000000001
 43
0.0000000001
 40
0.0
 40
0.0
 40
0.0
 40
0.0
 40
3.744235569512248
 40
3.744235569512248
 40
3.744235569512248
 40
4.744235569512249
 40
4.744235569512249
 40
4.744235569512249
 40
4.834235569512224
 40
4.834235569512224
 40
4.834235569512224
 40
5.834235569512224
 40
5.834235569512224
 40
5.834235569512224
 40
9.53689677464564
 40
9.53689677464564
 40
9.53689677464564
 40
12.38789677464564
 40
12.38789677464564
 40
12.38789677464564
 40
20.97759409178084
 40
20.97759409178084
 40
20.97759409178084
 40
30.04593473381675
 40
30.04593473381675
 40
30.04593473381675
 40
33.04593473381675
 40
33.04593473381675
 40
33.04593473381675
 40
36.94763449161463
 40
36.94763449161463
 40
36.94763449161463
 40
37.94763449161463
 40
37.94763449161463
 40
37.94763449161463
 40
38.00863449161466
 40
38.00863449161466
 40
38.00863449161466
 40
39.00863449161466
 40
39.00863449161466
 40
39.00863449161466
 40
42.8945786497312
 40
42.8945786497312
 40
42.8945786497312
 40
45.80357864973119
 40
45.80357864973119
 40
45.80357864973119
 40
54.83178788523298
 40
54.83178788523298
 40
54.83178788523298
 40
63.47694976920024
 40
63.47694976920024
 40
63.47694976920024
 40
66.41594976920027
 40
66.41594976920027
 40
66.41594976920027
 40
66.41594976920027
 10
122.1274333333333
 20
239.3897436111111
 30
0.0
 10
122.37085
 20
239.0228547222222
 30
0.0
 10
122.6142666666666
 20
238.6559658333333
 30
0.0
 10
122.8576833333333
 20
238.2890769444444
 30
0.0
 10
123.0478305555555
 20
238.0033269444444
 30
0.0
 10
123.2069333333333
 20
237.7387436111111
 30
0.0
 10
123.3762666666667
 20
237.4529936111111
 30
0.0
 10
123.38685
 20
237.4529936111111
 30
0.0
 10
123.3974333333333
 20
237.4529936111111
 30
0.0
 10
123.4080166666667
 20
237.4529936111111
 30
0.0
 10
123.5769972222222
 20
237.7599102777777
 30
0.0
 10
123.7466833333333
 20
238.0244936111111
 30
0.0
 10
123.9156638888889
 20
238.2996602777777
 30
0.0
 10
124.1555527777778
 20
238.6630213888889
 30
0.0
 10
124.3954416666667
 20
239.0263825
 30
0.0
 10
124.6353305555555
 20
239.3897436111111
 30
0.0
 10
124.970587037037
 20
239.3897436111111
 30
0.0
 10
125.3058435185185
 20
239.3897436111111
 30
0.0
 10
125.6411
 20
239.3897436111111
 30
0.0
 10
125.0590166666667
 20
238.5642436111111
 30
0.0
 10
124.4769333333333
 20
237.7387436111111
 30
0.0
 10
123.89485
 20
236.9132436111111
 30
0.0
 10
124.4944546296296
 20
236.0314167592593
 30
0.0
 10
125.0940592592592
 20
235.1495899074074
 30
0.0
 10
125.6936638888889
 20
234.2677630555555
 30
0.0
 10
125.3408861111111
 20
234.2677630555555
 30
0.0
 10
124.9881083333333
 20
234.2677630555555
 30
0.0
 10
124.6353305555555
 20
234.2677630555555
 30
0.0
 10
124.3848583333333
 20
234.6521732407407
 30
0.0
 10
124.1343861111111
 20
235.0365834259259
 30
0.0
 10
123.8839138888889
 20
235.4209936111111
 30
0.0
 10
123.6831833333333
 20
235.7173269444444
 30
0.0
 10
123.51385
 20
236.0030769444444
 30
0.0
 10
123.3339333333333
 20
236.3099936111111
 30
0.0
 10
123.3267601851852
 20
236.3099936111111
 30
0.0
 10
123.319587037037
 20
236.3099936111111
 30
0.0
 10
123.3124138888889
 20
236.3099936111111
 30
0.0
 10
123.1434333333333
 20
236.0030769444444
 30
0.0
 10
122.9635166666666
 20
235.7279102777778
 30
0.0
 10
122.7730166666666
 20
235.4209936111111
 30
0.0
 10
122.5259546296296
 20
235.0365834259259
 30
0.0
 10
122.2788925925926
 20
234.6521732407407
 30
0.0
 10
122.0318305555555
 20
234.2677630555555
 30
0.0
 10
121.6897537037037
 20
234.2677630555555
 30
0.0
 10
121.3476768518518
 20
234.2677630555555
 30
0.0
 10
121.0056
 20
234.2677630555555
 30
0.0
 10
121.6122601851852
 20
235.1390065740741
 30
0.0
 10
122.2189203703704
 20
236.0102500925926
 30
0.0
 10
122.8255805555555
 20
236.8814936111111
 30
0.0
 10
122.2472601851852
 20
237.7175769444444
 30
0.0
 10
121.6689398148148
 20
238.5536602777778
 30
0.0
 10
121.0906194444444
 20
239.3897436111111
 30
0.0
 10
121.4362240740741
 20
239.3897436111111
 30
0.0
 10
121.7818287037037
 20
239.3897436111111
 30
0.0
 10
122.1274333333333
 20
239.3897436111111
 30
0.0
  0
SPLINE
  5
102
330
1F
100
AcDbEntity
  8
DEFAULT
 62
     6
100
AcDbSpline
210
0.0
220
0.0
230
1.0
 70
    11
 71
     3
 72
    35
 73
    31
 74
     0
 42
0.000000001
 43
0.0000000001
 40
1.0
 40
1.0
 40
1.0
 40
1.0
 40
2.0
 40
2.0
 40
2.0
 40
2.09455686120005
 40
2.09455686120005
 40
2.09455686120005
 40
3.09455686120005
 40
3.09455686120005
 40
3.09455686120005
 40
4.09455686120005
 40
4.09455686120005
 40
4.09455686120005
 40
5.09455686120005
 40
5.09455686120005
 40
5.09455686120005
 40
6.09455686120005
 40
6.09455686120005
 40
6.09455686120005
 40
6.184556861200082
 40
6.184556861200082
 40
6.184556861200082
 40
7.184556861200082
 40
7.184556861200082
 40
7.184556861200082
 40
8.184556861200083
 40
8.184556861200083
 40
8.184556861200083
 40
9.184556861200083
 40
9.184556861200083
 40
9.184556861200083
 40
9.184556861200083
 10
126.2127058333333
 20
268.6607036111111
 30
0.0
 10
126.2127058333333
 20
269.5285369444445
 30
0.0
 10
126.7309363888889
 20
270.1423702777778
 30
0.0
 10
127.5776030555555
 20
270.5022036111111
 30
0.0
 10
127.5741928703703
 20
270.5127869444444
 30
0.0
 10
127.5707826851852
 20
270.5233702777778
 30
0.0
 10
127.5673725
 20
270.5339536111111
 30
0.0
 10
126.8050197222222
 20
270.8937869444445
 30
0.0
 10
126.4772891666667
 20
271.4864536111111
 30
0.0
 10
126.4772891666667
 20
272.0791202777778
 30
0.0
 10
126.4772891666667
 20
273.1692036111111
 30
0.0
 10
127.3976863888889
 20
273.9100369444444
 30
0.0
 10
128.6041863888889
 20
273.9100369444444
 30
0.0
 10
129.9376863888889
 20
273.9100369444444
 30
0.0
 10
130.6044363888889
 20
273.0739536111111
 30
0.0
 10
130.6044363888889
 20
272.2167036111111
 30
0.0
 10
130.6044363888889
 20
271.6346202777777
 30
0.0
 10
130.3183336111111
 20
271.0102036111111
 30
0.0
 10
129.4720197222222
 20
270.6080369444444
 30
0.0
 10
129.4720197222222
 20
270.5974536111111
 30
0.0
 10
129.4720197222222
 20
270.5868702777777
 30
0.0
 10
129.4720197222222
 20
270.5762869444444
 30
0.0
 10
130.3292697222222
 20
270.2376202777778
 30
0.0
 10
130.8584363888889
 20
269.6343702777777
 30
0.0
 10
130.8584363888889
 20
268.7986397222222
 30
0.0
 10
130.8584363888889
 20
267.6023702777778
 30
0.0
 10
129.8318530555555
 20
266.7983897222222
 30
0.0
 10
128.5195197222222
 20
266.7983897222222
 30
0.0
 10
127.0805391666667
 20
266.7983897222222
 30
0.0
 10
126.2127058333333
 20
267.6556397222222
 30
0.0
 10
126.2127058333333
 20
268.6607036111111
 30
0.0
  0
SPLINE
  5
103
330
1F
100
AcDbEntity
  8
DEFAULT
 62
     6
100
AcDbSpline
210
0.0
220
0.0
230
1.0
 70
    11
 71
     3
 72
    17
 73
    13
 74
     0
 42
0.000000001
 43
0.0000000001
 40
1.0
 40
1.0
 40
1.0
 40
1.0
 40
2.0
 40
2.0
 40
2.0
 40
3.0
 40
3.0
 40
3.0
 40
4.0
 40
4.0
 40
4.0
 40
5.0
 40
5.0
 40
5.0
 40
5.0
 10
129.9165197222222
 20
268.7030369444444
 30
0.0
 10
129.9165197222222
 20
269.5391202777778
 30
0.0
 10
129.3344363888889
 20
269.9412869444444
 30
0.0
 10
128.4031030555556
 20
270.2058702777778
 30
0.0
 10
127.5987697222222
 20
269.9730369444445
 30
0.0
 10
127.1648530555555
 20
269.4442230555555
 30
0.0
 10
127.1648530555555
 20
268.7877036111111
 30
0.0
 10
127.1331030555555
 20
268.0895563888889
 30
0.0
 10
127.6622697222222
 20
267.4757230555555
 30
0.0
 10
128.5406863888889
 20
267.4757230555555
 30
0.0
 10
129.3764169444444
 20
267.4757230555555
 30
0.0
 10
129.9165197222222
 20
267.9943063888888
 30
0.0
 10
129.9165197222222
 20
268.7030369444444
 30
0.0
  0
SPLINE
  5
104
330
1F
100
AcDbEntity
  8
DEFAULT
 62
     6
100
AcDbSpline
210
0.0
220
0.0
230
1.0
 70
    11
 71
     3
 72
    17
 73
    13
 74
     0
 42
0.000000001
 43
0.0000000001
 40
1.0
 40
1.0
 40
1.0
 40
1.0
 40
2.0
 40
2.0
 40
2.0
 40
3.0
 40
3.0
 40
3.0
 40
4.0
 40
4.0
 40
4.0
 40
5.0
 40
5.0
 40
5.0
 40
5.0
 10
127.3553530555555
 20
272.1426202777778
 30
0.0
 10
127.3553530555555
 20
271.4547036111111
 30
0.0
 10
127.8739363888889
 20
271.0842869444444
 30
0.0
 10
128.6676863888889
 20
270.8726202777777
 30
0.0
 10
129.2603530555555
 20
271.0737036111111
 30
0.0
 10
129.7154363888889
 20
271.4970369444444
 30
0.0
 10
129.7154363888889
 20
272.1214536111111
 30
0.0
 10
129.7154363888889
 20
272.6717869444444
 30
0.0
 10
129.3873530555555
 20
273.2432869444444
 30
0.0
 10
128.5512697222222
 20
273.2432869444444
 30
0.0
 10
127.7786863888889
 20
273.2432869444444
 30
0.0
 10
127.3553530555555
 20
272.7352869444444
 30
0.0
 10
127.3553530555555
 20
272.1426202777778
 30
0.0
  0
SPLINE
  5
105
330
1F
100
AcDbEntity
  8
DEFAULT
 62
     6
100
AcDbSpline
210
0.0
220
0.0
230
1.0
 70
    11
 71
     3
 72
    59
 73
    55
 74
     0
 42
0.000000001
 43
0.0000000001
 40
0.0
 40
0.0
 40
0.0
 40
0.0
 40
3.744235569512058
 40
3.744235569512058
 40
3.744235569512058
 40
4.744235569512059
 40
4.744235569512059
 40
4.744235569512059
 40
4.834235569512034
 40
4.834235569512034
 40
4.834235569512034
 40
5.834235569512034
 40
5.834235569512034
 40
5.834235569512034
 40
9.53689677464545
 40
9.53689677464545
 40
9.53689677464545
 40
12.38789677464545
 40
12.38789677464545
 40
12.38789677464545
 40
20.97759409178065
 40
20.97759409178065
 40
20.97759409178065
 40
30.04676169415739
 40
30.04676169415739
 40
30.04676169415739
 40
33.04676169415739
 40
33.04676169415739
 40
33.04676169415739
 40
36.94929933010658
 40
36.94929933010658
 40
36.94929933010658
 40
37.94929933010658
 40
37.94929933010658
 40
37.94929933010658
 40
38.01029933010661
 40
38.01029933010661
 40
38.01029933010661
 40
39.01029933010661
 40
39.01029933010661
 40
39.01029933010661
 40
42.89708476282603
 40
42.89708476282603
 40
42.89708476282603
 40
45.80608476282602
 40
45.80608476282602
 40
45.80608476282602
 40
54.83511466642029
 40
54.83511466642029
 40
54.83511466642029
 40
63.48027655038754
 40
63.48027655038754
 40
63.48027655038754
 40
66.41927655038756
 40
66.41927655038756
 40
66.41927655038756
 40
66.41927655038756
 10
122.1274333333333
 20
272.0368574999999
 30
0.0
 10
122.37085
 20
271.6699686111111
 30
0.0
 10
122.6142666666667
 20
271.3030797222222
 30
0.0
 10
122.8576833333333
 20
270.9361908333333
 30
0.0
 10
123.0478305555555
 20
270.6504408333333
 30
0.0
 10
123.2069333333333
 20
270.3858575
 30
0.0
 10
123.3762666666667
 20
270.1001075
 30
0.0
 10
123.38685
 20
270.1001075
 30
0.0
 10
123.3974333333333
 20
270.1001075
 30
0.0
 10
123.4080166666667
 20
270.1001075
 30
0.0
 10
123.5769972222222
 20
270.4070241666666
 30
0.0
 10
123.7466833333333
 20
270.6716075
 30
0.0
 10
123.9156638888889
 20
270.9467741666666
 30
0.0
 10
124.1555527777778
 20
271.3101352777778
 30
0.0
 10
124.3954416666667
 20
271.6734963888889
 30
0.0
 10
124.6353305555555
 20
272.0368575
 30
0.0
 10
124.970587037037
 20
272.0368575
 30
0.0
 10
125.3058435185185
 20
272.0368575
 30
0.0
 10
125.6411
 20
272.0368575
 30
0.0
 10
125.0590166666667
 20
271.2113575
 30
0.0
 10
124.4769333333333
 20
270.3858575
 30
0.0
 10
123.89485
 20
269.5603575
 30
0.0
 10
124.4944546296296
 20
268.6784130555556
 30
0.0
 10
125.0940592592592
 20
267.7964686111111
 30
0.0
 10
125.6936638888889
 20
266.9145241666666
 30
0.0
 10
125.3408861111111
 20
266.9145241666666
 30
0.0
 10
124.9881083333333
 20
266.9145241666666
 30
0.0
 10
124.6353305555555
 20
266.9145241666666
 30
0.0
 10
124.3848583333333
 20
267.2990519444444
 30
0.0
 10
124.1343861111111
 20
267.6835797222222
 30
0.0
 10
123.8839138888889
 20
268.0681075
 30
0.0
 10
123.6831833333333
 20
268.3644408333333
 30
0.0
 10
123.51385
 20
268.6501908333333
 30
0.0
 10
123.3339333333333
 20
268.9571074999999
 30
0.0
 10
123.3267601851852
 20
268.9571074999999
 30
0.0
 10
123.319587037037
 20
268.9571074999999
 30
0.0
 10
123.3124138888889
 20
268.9571074999999
 30
0.0
 10
123.1434333333333
 20
268.6501908333333
 30
0.0
 10
122.9635166666666
 20
268.3750241666667
 30
0.0
 10
122.7730166666666
 20
268.0681075
 30
0.0
 10
122.5259546296296
 20
267.6835797222222
 30
0.0
 10
122.2788925925926
 20
267.2990519444444
 30
0.0
 10
122.0318305555555
 20
266.9145241666666
 30
0.0
 10
121.6897537037037
 20
266.9145241666666
 30
0.0
 10
121.3476768518518
 20
266.9145241666666
 30
0.0
 10
121.0056
 20
266.9145241666666
 30
0.0
 10
121.6122601851852
 20
267.7858852777778
 30
0.0
 10
122.2189203703704
 20
268.6572463888889
 30
0.0
 10
122.8255805555555
 20
269.5286075
 30
0.0
 10
122.2472601851852
 20
270.3646908333333
 30
0.0
 10
121.6689398148148
 20
271.2007741666666
 30
0.0
 10
121.0906194444444
 20
272.0368575
 30
0.0
 10
121.4362240740741
 20
272.0368575
 30
0.0
 10
121.7818287037037
 20
272.0368575
 30
0.0
 10
122.1274333333333
 20
272.0368574999999
 30
0.0
  0
SPLINE
  5
106
330
1F
100
AcDbEntity
  8
DEFAULT
 62
     6
100
AcDbSpline
210
0.0
220
0.0
230
1.0
 70
    11
 71
     3
 72
    38
 73
    34
 74
     0
 42
0.000000001
 43
0.0000000001
 40
2.159999999999997
 40
2.159999999999997
 40
2.159999999999997
 40
2.159999999999997
 40
3.159999999999997
 40
3.159999999999997
 40
3.159999999999997
 40
4.159999999999997
 40
4.159999999999997
 40
4.159999999999997
 40
4.249999999999972
 40
4.249999999999972
 40
4.249999999999972
 40
5.249999999999972
 40
5.249999999999972
 40
5.249999999999972
 40
6.249999999999972
 40
6.249999999999972
 40
6.249999999999972
 40
7.249999999999972
 40
7.249999999999972
 40
7.249999999999972
 40
8.249999999999972
 40
8.249999999999972
 40
8.249999999999972
 40
9.249999999999972
 40
9.249999999999972
 40
9.249999999999972
 40
10.24999999999997
 40
10.24999999999997
 40
10.24999999999997
 40
11.24999999999997
 40
11.24999999999997
 40
11.24999999999997
 40
13.40999999999997
 40
13.40999999999997
 40
13.40999999999997
 40
13.40999999999997
 10
117.0564291666666
 20
18.555335
 30
0.0
 10
116.8659291666666
 20
18.56591833333333
 30
0.0
 10
116.6228652777778
 20
18.555335
 30
0.0
 10
116.3582819444444
 20
18.51335444444444
 30
0.0
 10
114.8974291666666
 20
18.269585
 30
0.0
 10
114.1248458333333
 20
17.20066833333333
 30
0.0
 10
113.9660958333333
 20
16.06825166666667
 30
0.0
 10
113.9766791666667
 20
16.06825166666667
 30
0.0
 10
113.9872625
 20
16.06825166666667
 30
0.0
 10
113.9978458333333
 20
16.06825166666667
 30
0.0
 10
114.3262819444444
 20
16.50252111111111
 30
0.0
 10
114.8974291666666
 20
16.86200166666666
 30
0.0
 10
115.6594291666667
 20
16.86200166666666
 30
0.0
 10
116.8765125
 20
16.86200166666666
 30
0.0
 10
117.7337625
 20
15.98393777777778
 30
0.0
 10
117.7337625
 20
14.63950166666666
 30
0.0
 10
117.7337625
 20
13.38043777777778
 30
0.0
 10
116.8765125
 20
12.21627111111111
 30
0.0
 10
115.4477625
 20
12.21627111111111
 30
0.0
 10
113.9770319444444
 20
12.21627111111111
 30
0.0
 10
113.0135958333333
 20
13.35927111111111
 30
0.0
 10
113.0135958333333
 20
15.14785444444444
 30
0.0
 10
113.0135958333333
 20
16.50252111111111
 30
0.0
 10
113.5004291666666
 20
17.57143777777777
 30
0.0
 10
114.1777625
 20
18.24877111111111
 30
0.0
 10
114.7492625
 20
18.80968777777777
 30
0.0
 10
115.5112625
 20
19.158585
 30
0.0
 10
116.3790958333333
 20
19.26477111111111
 30
0.0
 10
116.6542625
 20
19.30675166666666
 30
0.0
 10
116.8870958333333
 20
19.317335
 30
0.0
 10
117.0564291666666
 20
19.317335
 30
0.0
 10
117.0564291666666
 20
19.063335
 30
0.0
 10
117.0564291666666
 20
18.809335
 30
0.0
 10
117.0564291666666
 20
18.555335
 30
0.0
  0
SPLINE
  5
107
330
1F
100
AcDbEntity
  8
DEFAULT
 62
     6
100
AcDbSpline
210
0.0
220
0.0
230
1.0
 70
    11
 71
     3
 72
    20
 73
    16
 74
     0
 42
0.000000001
 43
0.0000000001
 40
1.0
 40
1.0
 40
1.0
 40
1.0
 40
2.0
 40
2.0
 40
2.0
 40
3.0
 40
3.0
 40
3.0
 40
4.0
 40
4.0
 40
4.0
 40
5.0
 40
5.0
 40
5.0
 40
6.0
 40
6.0
 40
6.0
 40
6.0
 10
116.7918458333333
 20
14.58693777777778
 30
0.0
 10
116.7918458333333
 20
15.57118777777777
 30
0.0
 10
116.2309291666667
 20
16.16385444444444
 30
0.0
 10
115.3736791666666
 20
16.16385444444444
 30
0.0
 10
114.8131152777778
 20
16.16385444444444
 30
0.0
 10
114.2941791666667
 20
15.81460444444444
 30
0.0
 10
114.0401791666666
 20
15.316835
 30
0.0
 10
113.9770319444444
 20
15.21135444444444
 30
0.0
 10
113.9343458333333
 20
15.07377111111111
 30
0.0
 10
113.9343458333333
 20
14.904085
 30
0.0
 10
113.9555125
 20
13.77202111111111
 30
0.0
 10
114.4744486111111
 20
12.93593777777778
 30
0.0
 10
115.4477625
 20
12.93593777777778
 30
0.0
 10
116.2520958333333
 20
12.93593777777778
 30
0.0
 10
116.7918458333333
 20
13.60268777777778
 30
0.0
 10
116.7918458333333
 20
14.58693777777778
 30
0.0
  0
POLYLINE
  5
108
330
1F
100
AcDbEntity
  8
DEFAULT
 62
     6
100
AcDb2dPolyline
 66
     1
 10
0.0
 20
0.0
 30
0.0
 70
     1
  0
VERTEX
  5
109
330
108
100
AcDbEntity
  8
DEFAULT
 62
     6
100
AcDbVertex
100
AcDb2dVertex
 10
112.1671408333333
 20
19.21164277777778
 30
0.0
  0
VERTEX
  5
10A
330
108
100
AcDbEntity
  8
DEFAULT
 62
     6
100
AcDbVertex
100
AcDb2dVertex
 10
112.1671408333333
 20
18.59780944444444
 30
0.0
  0
VERTEX
  5
10B
330
108
100
AcDbEntity
  8
DEFAULT
 62
     6
100
AcDbVertex
100
AcDb2dVertex
 10
109.1720575
 20
12.33282888888889
 30
0.0
  0
VERTEX
  5
10C
330
108
100
AcDbEntity
  8
DEFAULT
 62
     6
100
AcDbVertex
100
AcDb2dVertex
 10
108.2089741666666
 20
12.33282888888889
 30
0.0
  0
VERTEX
  5
10D
330
108
100
AcDbEntity
  8
DEFAULT
 62
     6
100
AcDbVertex
100
AcDb2dVertex
 10
111.1934741666666
 20
18.41789277777778
 30
0.0
  0
VERTEX
  5
10E
330
108
100
AcDbEntity
  8
DEFAULT
 62
     6
100
AcDbVertex
100
AcDb2dVertex
 10
111.1934741666666
 20
18.43870666666666
 30
0.0
  0
VERTEX
  5
10F
330
108
100
AcDbEntity
  8
DEFAULT
 62
     6
100
AcDbVertex
100
AcDb2dVertex
 10
107.8279741666666
 20
18.43870666666666
 30
0.0
  0
VERTEX
  5
110
330
108
100
AcDbEntity
  8
DEFAULT
 62
     6
100
AcDbVertex
100
AcDb2dVertex
 10
107.8279741666666
 20
19.21164277777778
 30
0.0
  0
SEQEND
  5
111
330
108
100
AcDbEntity
  8
DEFAULT
 62
     6
  0
POLYLINE
  5
112
330
1F
100
AcDbEntity
  8
DEFAULT
 62
     6
100
AcDb2dPolyline
 66
     1
 10
0.0
 20
0.0
 30
0.0
 70
     1
  0
VERTEX
  5
113
330
112
100
AcDbEntity
  8
DEFAULT
 62
     6
100
AcDbVertex
100
AcDb2dVertex
 10
104.2933877777778
 20
18.34380944444444
 30
0.0
  0
VERTEX
  5
114
330
112
100
AcDbEntity
  8
DEFAULT
 62
     6
100
AcDbVertex
100
AcDb2dVertex
 10
104.2718683333333
 20
18.34380944444444
 30
0.0
  0
VERTEX
  5
115
330
112
100
AcDbEntity
  8
DEFAULT
 62
     6
100
AcDbVertex
100
AcDb2dVertex
 10
103.0763044444444
 20
17.69822611111111
 30
0.0
  0
VERTEX
  5
116
330
112
100
AcDbEntity
  8
DEFAULT
 62
     6
100
AcDbVertex
100
AcDb2dVertex
 10
102.8963877777778
 20
18.40730944444444
 30
0.0
  0
VERTEX
  5
117
330
112
100
AcDbEntity
  8
DEFAULT
 62
     6
100
AcDbVertex
100
AcDb2dVertex
 10
104.3992211111111
 20
19.21164277777778
 30
0.0
  0
VERTEX
  5
118
330
112
100
AcDbEntity
  8
DEFAULT
 62
     6
100
AcDbVertex
100
AcDb2dVertex
 10
105.1929711111111
 20
19.21164277777778
 30
0.0
  0
VERTEX
  5
119
330
112
100
AcDbEntity
  8
DEFAULT
 62
     6
100
AcDbVertex
100
AcDb2dVertex
 10
105.1929711111111
 20
12.33282888888889
 30
0.0
  0
VERTEX
  5
11A
330
112
100
AcDbEntity
  8
DEFAULT
 62
     6
100
AcDbVertex
100
AcDb2dVertex
 10
104.2933877777778
 20
12.33282888888889
 30
0.0
  0
SEQEND
  5
11B
330
112
100
AcDbEntity
  8
DEFAULT
 62
     6
  0
SPLINE
  5
11C
330
1F
100
AcDbEntity
  8
DEFAULT
 62
     6
100
AcDbSpline
210
0.0
220
0.0
230
1.0
 70
    11
 71
     3
 72
    59
 73
    55
 74
     0
 42
0.000000001
 43
0.0000000001
 40
0.0
 40
0.0
 40
0.0
 40
0.0
 40
3.744235569512142
 40
3.744235569512142
 40
3.744235569512142
 40
4.744235569512142
 40
4.744235569512142
 40
4.744235569512142
 40
4.834235569512117
 40
4.834235569512117
 40
4.834235569512117
 40
5.834235569512117
 40
5.834235569512117
 40
5.834235569512117
 40
9.53689677464551
 40
9.53689677464551
 40
9.53689677464551
 40
12.38789677464551
 40
12.38789677464551
 40
12.38789677464551
 40
20.97759409178072
 40
20.97759409178072
 40
20.97759409178072
 40
30.04676169415746
 40
30.04676169415746
 40
30.04676169415746
 40
33.04676169415747
 40
33.04676169415747
 40
33.04676169415747
 40
36.94929933010667
 40
36.94929933010667
 40
36.94929933010667
 40
37.94929933010667
 40
37.94929933010667
 40
37.94929933010667
 40
38.0102993301067
 40
38.0102993301067
 40
38.0102993301067
 40
39.0102993301067
 40
39.0102993301067
 40
39.0102993301067
 40
42.89708476282613
 40
42.89708476282613
 40
42.89708476282613
 40
45.80608476282612
 40
45.80608476282612
 40
45.80608476282612
 40
54.83511466642041
 40
54.83511466642041
 40
54.83511466642041
 40
63.48027655038766
 40
63.48027655038766
 40
63.48027655038766
 40
66.41927655038768
 40
66.41927655038768
 40
66.41927655038768
 40
66.41927655038768
 10
98.1022083333333
 20
17.45498583333333
 30
0.0
 10
98.34562499999997
 20
17.08809694444444
 30
0.0
 10
98.58904166666662
 20
16.72120805555555
 30
0.0
 10
98.83245833333329
 20
16.35431916666667
 30
0.0
 10
99.02260555555553
 20
16.06821638888889
 30
0.0
 10
99.18170833333332
 20
15.80398583333333
 30
0.0
 10
99.35104166666666
 20
15.51823583333333
 30
0.0
 10
99.36162499999999
 20
15.51823583333333
 30
0.0
 10
99.37220833333332
 20
15.51823583333333
 30
0.0
 10
99.38279166666665
 20
15.51823583333333
 30
0.0
 10
99.5517722222222
 20
15.8251525
 30
0.0
 10
99.7214583333333
 20
16.08973583333333
 30
0.0
 10
99.89043888888888
 20
16.3649025
 30
0.0
 10
100.1303277777778
 20
16.72826361111111
 30
0.0
 10
100.3702166666666
 20
17.09162472222222
 30
0.0
 10
100.6101055555555
 20
17.45498583333333
 30
0.0
 10
100.945362037037
 20
17.45498583333333
 30
0.0
 10
101.2806185185185
 20
17.45498583333333
 30
0.0
 10
101.615875
 20
17.45498583333333
 30
0.0
 10
101.0337916666666
 20
16.62948583333333
 30
0.0
 10
100.4517083333333
 20
15.80398583333333
 30
0.0
 10
99.86962499999998
 20
14.97848583333333
 30
0.0
 10
100.4692296296296
 20
14.09654138888889
 30
0.0
 10
101.0688342592592
 20
13.21459694444444
 30
0.0
 10
101.6684388888889
 20
12.3326525
 30
0.0
 10
101.3156611111111
 20
12.3326525
 30
0.0
 10
100.9628833333333
 20
12.3326525
 30
0.0
 10
100.6101055555555
 20
12.3326525
 30
0.0
 10
100.3596333333333
 20
12.71718027777778
 30
0.0
 10
100.1091611111111
 20
13.10170805555556
 30
0.0
 10
99.85868888888886
 20
13.48623583333333
 30
0.0
 10
99.65795833333333
 20
13.78256916666667
 30
0.0
 10
99.48862499999998
 20
14.06831916666667
 30
0.0
 10
99.30870833333333
 20
14.37523583333333
 30
0.0
 10
99.30153518518517
 20
14.37523583333333
 30
0.0
 10
99.29436203703703
 20
14.37523583333333
 30
0.0
 10
99.28718888888886
 20
14.37523583333333
 30
0.0
 10
99.11820833333331
 20
14.06831916666667
 30
0.0
 10
98.93829166666666
 20
13.7931525
 30
0.0
 10
98.74779166666664
 20
13.48623583333333
 30
0.0
 10
98.50072962962959
 20
13.10170805555556
 30
0.0
 10
98.25366759259255
 20
12.71718027777778
 30
0.0
 10
98.00660555555554
 20
12.3326525
 30
0.0
 10
97.6645287037037
 20
12.3326525
 30
0.0
 10
97.32245185185184
 20
12.3326525
 30
0.0
 10
96.98037499999998
 20
12.3326525
 30
0.0
 10
97.58703518518517
 20
13.20401361111111
 30
0.0
 10
98.19369537037035
 20
14.07537472222222
 30
0.0
 10
98.80035555555554
 20
14.94673583333333
 30
0.0
 10
98.22203518518518
 20
15.78281916666667
 30
0.0
 10
97.6437148148148
 20
16.6189025
 30
0.0
 10
97.06539444444442
 20
17.45498583333333
 30
0.0
 10
97.41099907407404
 20
17.45498583333333
 30
0.0
 10
97.75660370370366
 20
17.45498583333333
 30
0.0
 10
98.1022083333333
 20
17.45498583333333
 30
0.0
  0
SPLINE
  5
11D
330
1F
100
AcDbEntity
  8
DEFAULT
 62
     6
100
AcDbSpline
210
0.0
220
0.0
230
1.0
 70
    11
 71
     3
 72
    35
 73
    31
 74
     0
 42
0.000000001
 43
0.0000000001
 40
1.0
 40
1.0
 40
1.0
 40
1.0
 40
2.0
 40
2.0
 40
2.0
 40
2.09455686120005
 40
2.09455686120005
 40
2.09455686120005
 40
3.09455686120005
 40
3.09455686120005
 40
3.09455686120005
 40
4.09455686120005
 40
4.09455686120005
 40
4.09455686120005
 40
5.09455686120005
 40
5.09455686120005
 40
5.09455686120005
 40
6.09455686120005
 40
6.09455686120005
 40
6.09455686120005
 40
6.184556861200082
 40
6.184556861200082
 40
6.184556861200082
 40
7.184556861200082
 40
7.184556861200082
 40
7.184556861200082
 40
8.184556861200083
 40
8.184556861200083
 40
8.184556861200083
 40
9.184556861200083
 40
9.184556861200083
 40
9.184556861200083
 40
9.184556861200083
 10
443.5857763888889
 20
203.6660547222222
 30
0.0
 10
443.5857763888889
 20
204.5338880555555
 30
0.0
 10
444.1040069444444
 20
205.1477213888889
 30
0.0
 10
444.9506736111111
 20
205.5075547222222
 30
0.0
 10
444.9472634259259
 20
205.5181380555556
 30
0.0
 10
444.9438532407407
 20
205.5287213888889
 30
0.0
 10
444.9404430555556
 20
205.5393047222222
 30
0.0
 10
444.1780902777778
 20
205.8991380555555
 30
0.0
 10
443.8503597222222
 20
206.4918047222222
 30
0.0
 10
443.8503597222222
 20
207.0844713888889
 30
0.0
 10
443.8503597222222
 20
208.1745547222222
 30
0.0
 10
444.7707569444444
 20
208.9153880555555
 30
0.0
 10
445.9772569444444
 20
208.9153880555555
 30
0.0
 10
447.3107569444444
 20
208.9153880555555
 30
0.0
 10
447.9775069444444
 20
208.0793047222222
 30
0.0
 10
447.9775069444444
 20
207.2220547222222
 30
0.0
 10
447.9775069444444
 20
206.6399713888889
 30
0.0
 10
447.6914041666666
 20
206.0155547222222
 30
0.0
 10
446.8450902777777
 20
205.6133880555555
 30
0.0
 10
446.8450902777777
 20
205.6028047222222
 30
0.0
 10
446.8450902777777
 20
205.5922213888888
 30
0.0
 10
446.8450902777777
 20
205.5816380555555
 30
0.0
 10
447.7023402777778
 20
205.2429713888889
 30
0.0
 10
448.2315069444444
 20
204.6397213888889
 30
0.0
 10
448.2315069444444
 20
203.8039908333333
 30
0.0
 10
448.2315069444444
 20
202.6077213888889
 30
0.0
 10
447.2049236111111
 20
201.8037408333333
 30
0.0
 10
445.8925902777777
 20
201.8037408333333
 30
0.0
 10
444.4536097222222
 20
201.8037408333333
 30
0.0
 10
443.5857763888889
 20
202.6609908333333
 30
0.0
 10
443.5857763888889
 20
203.6660547222222
 30
0.0
  0
SPLINE
  5
11E
330
1F
100
AcDbEntity
  8
DEFAULT
 62
     6
100
AcDbSpline
210
0.0
220
0.0
230
1.0
 70
    11
 71
     3
 72
    17
 73
    13
 74
     0
 42
0.000000001
 43
0.0000000001
 40
1.0
 40
1.0
 40
1.0
 40
1.0
 40
2.0
 40
2.0
 40
2.0
 40
3.0
 40
3.0
 40
3.0
 40
4.0
 40
4.0
 40
4.0
 40
5.0
 40
5.0
 40
5.0
 40
5.0
 10
447.2895902777777
 20
203.7083880555555
 30
0.0
 10
447.2895902777777
 20
204.5444713888889
 30
0.0
 10
446.7075069444444
 20
204.9466380555555
 30
0.0
 10
445.7761736111111
 20
205.2112213888889
 30
0.0
 10
444.9718402777777
 20
204.9783880555555
 30
0.0
 10
444.5379236111111
 20
204.4495741666667
 30
0.0
 10
444.5379236111111
 20
203.7930547222222
 30
0.0
 10
444.506173611111
 20
203.0949075
 30
0.0
 10
445.0353402777777
 20
202.4810741666666
 30
0.0
 10
445.9137569444444
 20
202.4810741666666
 30
0.0
 10
446.7494875
 20
202.4810741666666
 30
0.0
 10
447.2895902777777
 20
202.9996575
 30
0.0
 10
447.2895902777777
 20
203.7083880555555
 30
0.0
  0
SPLINE
  5
11F
330
1F
100
AcDbEntity
  8
DEFAULT
 62
     6
100
AcDbSpline
210
0.0
220
0.0
230
1.0
 70
    11
 71
     3
 72
    17
 73
    13
 74
     0
 42
0.000000001
 43
0.0000000001
 40
1.0
 40
1.0
 40
1.0
 40
1.0
 40
2.0
 40
2.0
 40
2.0
 40
3.0
 40
3.0
 40
3.0
 40
4.0
 40
4.0
 40
4.0
 40
5.0
 40
5.0
 40
5.0
 40
5.0
 10
444.7284236111111
 20
207.1479713888889
 30
0.0
 10
444.7284236111111
 20
206.4600547222222
 30
0.0
 10
445.2470069444444
 20
206.0896380555555
 30
0.0
 10
446.0407569444444
 20
205.8779713888889
 30
0.0
 10
446.6334236111111
 20
206.0790547222222
 30
0.0
 10
447.0885069444444
 20
206.5023880555555
 30
0.0
 10
447.0885069444444
 20
207.1268047222222
 30
0.0
 10
447.0885069444444
 20
207.6771380555555
 30
0.0
 10
446.7604236111111
 20
208.2486380555555
 30
0.0
 10
445.9243402777778
 20
208.2486380555555
 30
0.0
 10
445.1517569444445
 20
208.2486380555555
 30
0.0
 10
444.7284236111111
 20
207.7406380555555
 30
0.0
 10
444.7284236111111
 20
207.1479713888889
 30
0.0
  0
SPLINE
  5
120
330
1F
100
AcDbEntity
  8
DEFAULT
 62
     6
100
AcDbSpline
210
0.0
220
0.0
230
1.0
 70
    11
 71
     3
 72
    59
 73
    55
 74
     0
 42
0.000000001
 43
0.0000000001
 40
0.0
 40
0.0
 40
0.0
 40
0.0
 40
3.744235569512122
 40
3.744235569512122
 40
3.744235569512122
 40
4.744235569512123
 40
4.744235569512123
 40
4.744235569512123
 40
4.834235569512268
 40
4.834235569512268
 40
4.834235569512268
 40
5.834235569512268
 40
5.834235569512268
 40
5.834235569512268
 40
9.536896774645685
 40
9.536896774645685
 40
9.536896774645685
 40
12.3878967746458
 40
12.3878967746458
 40
12.3878967746458
 40
20.97759409178103
 40
20.97759409178103
 40
20.97759409178103
 40
30.04676169415774
 40
30.04676169415774
 40
30.04676169415774
 40
33.04676169415774
 40
33.04676169415774
 40
33.04676169415774
 40
36.94929933010686
 40
36.94929933010686
 40
36.94929933010686
 40
37.94929933010686
 40
37.94929933010686
 40
37.94929933010686
 40
38.01029933010701
 40
38.01029933010701
 40
38.01029933010701
 40
39.01029933010701
 40
39.01029933010701
 40
39.01029933010701
 40
42.89708476282637
 40
42.89708476282637
 40
42.89708476282637
 40
45.80608476282647
 40
45.80608476282647
 40
45.80608476282647
 40
54.8351146664208
 40
54.8351146664208
 40
54.8351146664208
 40
63.48027655038812
 40
63.48027655038812
 40
63.48027655038812
 40
66.41927655038819
 40
66.41927655038819
 40
66.41927655038819
 40
66.41927655038819
 10
439.5004686111112
 20
207.0422086111111
 30
0.0
 10
439.7438852777778
 20
206.6753197222223
 30
0.0
 10
439.9873019444444
 20
206.3084308333333
 30
0.0
 10
440.2307186111111
 20
205.9415419444445
 30
0.0
 10
440.4208658333333
 20
205.6557919444444
 30
0.0
 10
440.579968611111
 20
205.3912086111111
 30
0.0
 10
440.7493019444444
 20
205.1054586111111
 30
0.0
 10
440.7598852777778
 20
205.1054586111111
 30
0.0
 10
440.7704686111111
 20
205.1054586111111
 30
0.0
 10
440.7810519444444
 20
205.1054586111111
 30
0.0
 10
440.9500324999999
 20
205.4123752777778
 30
0.0
 10
441.119718611111
 20
205.6769586111111
 30
0.0
 10
441.2886991666666
 20
205.9521252777778
 30
0.0
 10
441.5285880555555
 20
206.3154863888889
 30
0.0
 10
441.7684769444443
 20
206.6788475
 30
0.0
 10
442.0083658333332
 20
207.0422086111111
 30
0.0
 10
442.3436223148147
 20
207.0422086111111
 30
0.0
 10
442.6788787962962
 20
207.0422086111111
 30
0.0
 10
443.0141352777777
 20
207.0422086111111
 30
0.0
 10
442.4320519444444
 20
206.2167086111111
 30
0.0
 10
441.849968611111
 20
205.3912086111111
 30
0.0
 10
441.2678852777777
 20
204.5657086111111
 30
0.0
 10
441.8674899074073
 20
203.6837641666666
 30
0.0
 10
442.467094537037
 20
202.8018197222222
 30
0.0
 10
443.0666991666666
 20
201.9198752777778
 30
0.0
 10
442.7139213888888
 20
201.9198752777778
 30
0.0
 10
442.3611436111109
 20
201.9198752777778
 30
0.0
 10
442.0083658333332
 20
201.9198752777778
 30
0.0
 10
441.7578936111111
 20
202.3044030555556
 30
0.0
 10
441.5074213888888
 20
202.6889308333333
 30
0.0
 10
441.2569491666666
 20
203.0734586111111
 30
0.0
 10
441.0562186111111
 20
203.3697919444444
 30
0.0
 10
440.8868852777778
 20
203.6555419444444
 30
0.0
 10
440.7069686111111
 20
203.9624586111111
 30
0.0
 10
440.6997954629629
 20
203.9624586111111
 30
0.0
 10
440.6926223148147
 20
203.9624586111111
 30
0.0
 10
440.6854491666666
 20
203.9624586111111
 30
0.0
 10
440.5164686111111
 20
203.6555419444444
 30
0.0
 10
440.3365519444444
 20
203.3803752777778
 30
0.0
 10
440.1460519444444
 20
203.0734586111111
 30
0.0
 10
439.8989899074074
 20
202.6889308333333
 30
0.0
 10
439.6519278703703
 20
202.3044030555556
 30
0.0
 10
439.4048658333333
 20
201.9198752777778
 30
0.0
 10
439.0627889814814
 20
201.9198752777778
 30
0.0
 10
438.7207121296296
 20
201.9198752777778
 30
0.0
 10
438.3786352777777
 20
201.9198752777778
 30
0.0
 10
438.9852954629629
 20
202.7912363888889
 30
0.0
 10
439.5919556481481
 20
203.6625975
 30
0.0
 10
440.1986158333333
 20
204.5339586111111
 30
0.0
 10
439.6202954629629
 20
205.3700419444444
 30
0.0
 10
439.0419750925926
 20
206.2061252777777
 30
0.0
 10
438.4636547222221
 20
207.0422086111111
 30
0.0
 10
438.8092593518518
 20
207.0422086111111
 30
0.0
 10
439.1548639814815
 20
207.0422086111111
 30
0.0
 10
439.5004686111112
 20
207.0422086111111
 30
0.0
  0
SPLINE
  5
121
330
1F
100
AcDbEntity
  8
DEFAULT
 62
     6
100
AcDbSpline
210
0.0
220
0.0
230
1.0
 70
    11
 71
     3
 72
    35
 73
    31
 74
     0
 42
0.000000001
 43
0.0000000001
 40
1.0
 40
1.0
 40
1.0
 40
1.0
 40
2.0
 40
2.0
 40
2.0
 40
2.094556861200016
 40
2.094556861200016
 40
2.094556861200016
 40
3.094556861200016
 40
3.094556861200016
 40
3.094556861200016
 40
4.094556861200016
 40
4.094556861200016
 40
4.094556861200016
 40
5.094556861200016
 40
5.094556861200016
 40
5.094556861200016
 40
6.094556861200016
 40
6.094556861200016
 40
6.094556861200016
 40
6.184556861200012
 40
6.184556861200012
 40
6.184556861200012
 40
7.184556861200012
 40
7.184556861200012
 40
7.184556861200012
 40
8.184556861200011
 40
8.184556861200011
 40
8.184556861200011
 40
9.184556861200011
 40
9.184556861200011
 40
9.184556861200011
 40
9.184556861200011
 10
373.7202541666666
 20
14.67964777777778
 30
0.0
 10
373.7202541666666
 20
15.54748111111111
 30
0.0
 10
374.2384847222222
 20
16.16131444444444
 30
0.0
 10
375.0851513888888
 20
16.52114777777778
 30
0.0
 10
375.0817412037036
 20
16.53173111111111
 30
0.0
 10
375.0783310185186
 20
16.54231444444444
 30
0.0
 10
375.0749208333333
 20
16.55289777777778
 30
0.0
 10
374.3125680555555
 20
16.91273111111111
 30
0.0
 10
373.9848374999999
 20
17.50539777777778
 30
0.0
 10
373.9848374999999
 20
18.09806444444444
 30
0.0
 10
373.9848374999999
 20
19.18814777777778
 30
0.0
 10
374.9052347222221
 20
19.92898111111111
 30
0.0
 10
376.1117347222221
 20
19.92898111111111
 30
0.0
 10
377.4452347222222
 20
19.92898111111111
 30
0.0
 10
378.1119847222222
 20
19.09289777777778
 30
0.0
 10
378.1119847222222
 20
18.23564777777777
 30
0.0
 10
378.1119847222222
 20
17.65356444444445
 30
0.0
 10
377.8258819444443
 20
17.02914777777778
 30
0.0
 10
376.9795680555555
 20
16.62698111111111
 30
0.0
 10
376.9795680555555
 20
16.61639777777778
 30
0.0
 10
376.9795680555555
 20
16.60581444444444
 30
0.0
 10
376.9795680555555
 20
16.59523111111111
 30
0.0
 10
377.8368180555555
 20
16.25656444444444
 30
0.0
 10
378.3659847222222
 20
15.65331444444444
 30
0.0
 10
378.3659847222222
 20
14.81758388888889
 30
0.0
 10
378.3659847222222
 20
13.62131444444444
 30
0.0
 10
377.3394013888888
 20
12.81733388888889
 30
0.0
 10
376.0270680555555
 20
12.81733388888889
 30
0.0
 10
374.5880875
 20
12.81733388888889
 30
0.0
 10
373.7202541666666
 20
13.67423111111111
 30
0.0
 10
373.7202541666666
 20
14.67964777777778
 30
0.0
  0
SPLINE
  5
122
330
1F
100
AcDbEntity
  8
DEFAULT
 62
     6
100
AcDbSpline
210
0.0
220
0.0
230
1.0
 70
    11
 71
     3
 72
    17
 73
    13
 74
     0
 42
0.000000001
 43
0.0000000001
 40
1.0
 40
1.0
 40
1.0
 40
1.0
 40
2.0
 40
2.0
 40
2.0
 40
3.0
 40
3.0
 40
3.0
 40
4.0
 40
4.0
 40
4.0
 40
5.0
 40
5.0
 40
5.0
 40
5.0
 10
377.4240680555555
 20
14.72198111111111
 30
0.0
 10
377.4240680555555
 20
15.55806444444444
 30
0.0
 10
376.8419847222222
 20
15.96023111111111
 30
0.0
 10
375.9106513888888
 20
16.22481444444444
 30
0.0
 10
375.1063180555555
 20
15.99198111111111
 30
0.0
 10
374.6724013888888
 20
15.46316722222222
 30
0.0
 10
374.6724013888888
 20
14.80664777777778
 30
0.0
 10
374.6406513888888
 20
14.10850055555555
 30
0.0
 10
375.1698180555555
 20
13.49466722222222
 30
0.0
 10
376.0482347222221
 20
13.49466722222222
 30
0.0
 10
376.8839652777777
 20
13.49466722222222
 30
0.0
 10
377.4240680555555
 20
14.01289777777778
 30
0.0
 10
377.4240680555555
 20
14.72198111111111
 30
0.0
  0
SPLINE
  5
123
330
1F
100
AcDbEntity
  8
DEFAULT
 62
     6
100
AcDbSpline
210
0.0
220
0.0
230
1.0
 70
    11
 71
     3
 72
    17
 73
    13
 74
     0
 42
0.000000001
 43
0.0000000001
 40
1.0
 40
1.0
 40
1.0
 40
1.0
 40
2.0
 40
2.0
 40
2.0
 40
3.0
 40
3.0
 40
3.0
 40
4.0
 40
4.0
 40
4.0
 40
5.0
 40
5.0
 40
5.0
 40
5.0
 10
374.8629013888888
 20
18.16156444444444
 30
0.0
 10
374.8629013888888
 20
17.47364777777777
 30
0.0
 10
375.3814847222222
 20
17.10323111111111
 30
0.0
 10
376.1752347222222
 20
16.89156444444444
 30
0.0
 10
376.7679013888888
 20
17.09264777777778
 30
0.0
 10
377.2229847222222
 20
17.51598111111111
 30
0.0
 10
377.2229847222222
 20
18.140045
 30
0.0
 10
377.2229847222222
 20
18.69073111111111
 30
0.0
 10
376.8949013888889
 20
19.26223111111111
 30
0.0
 10
376.0588180555555
 20
19.26223111111111
 30
0.0
 10
375.2862347222222
 20
19.26223111111111
 30
0.0
 10
374.8629013888888
 20
18.75423111111111
 30
0.0
 10
374.8629013888888
 20
18.16156444444444
 30
0.0
  0
SPLINE
  5
124
330
1F
100
AcDbEntity
  8
DEFAULT
 62
     6
100
AcDbSpline
210
0.0
220
0.0
230
1.0
 70
    11
 71
     3
 72
    59
 73
    55
 74
     0
 42
0.000000001
 43
0.0000000001
 40
0.0
 40
0.0
 40
0.0
 40
0.0
 40
3.744235569512122
 40
3.744235569512122
 40
3.744235569512122
 40
4.744235569512123
 40
4.744235569512123
 40
4.744235569512123
 40
4.834235569512268
 40
4.834235569512268
 40
4.834235569512268
 40
5.834235569512268
 40
5.834235569512268
 40
5.834235569512268
 40
9.536896774645655
 40
9.536896774645655
 40
9.536896774645655
 40
12.38789677464577
 40
12.38789677464577
 40
12.38789677464577
 40
20.97841136924372
 40
20.97841136924372
 40
20.97841136924372
 40
30.04675201127958
 40
30.04675201127958
 40
30.04675201127958
 40
33.04675201127958
 40
33.04675201127958
 40
33.04675201127958
 40
36.94928964722872
 40
36.94928964722872
 40
36.94928964722872
 40
37.94928964722872
 40
37.94928964722872
 40
37.94928964722872
 40
38.01028964722887
 40
38.01028964722887
 40
38.01028964722887
 40
39.01028964722887
 40
39.01028964722887
 40
39.01028964722887
 40
42.89707507994825
 40
42.89707507994825
 40
42.89707507994825
 40
45.80607507994836
 40
45.80607507994836
 40
45.80607507994836
 40
54.83510498354271
 40
54.83510498354271
 40
54.83510498354271
 40
63.48026686751003
 40
63.48026686751003
 40
63.48026686751003
 40
66.4192668675101
 40
66.4192668675101
 40
66.4192668675101
 40
66.4192668675101
 10
369.6349816666666
 20
18.05580166666667
 30
0.0
 10
369.8783983333333
 20
17.68891277777778
 30
0.0
 10
370.1218149999999
 20
17.32202388888889
 30
0.0
 10
370.3652316666665
 20
16.955135
 30
0.0
 10
370.5553788888889
 20
16.66903222222222
 30
0.0
 10
370.7144816666666
 20
16.40480166666667
 30
0.0
 10
370.883815
 20
16.11905166666666
 30
0.0
 10
370.8943983333333
 20
16.11905166666666
 30
0.0
 10
370.9049816666666
 20
16.11905166666666
 30
0.0
 10
370.915565
 20
16.11905166666666
 30
0.0
 10
371.0845455555555
 20
16.42596833333333
 30
0.0
 10
371.2542316666666
 20
16.69055166666667
 30
0.0
 10
371.4232122222222
 20
16.96571833333334
 30
0.0
 10
371.6631011111111
 20
17.32907944444445
 30
0.0
 10
371.90299
 20
17.69244055555556
 30
0.0
 10
372.1428788888888
 20
18.05580166666667
 30
0.0
 10
372.4781353703704
 20
18.05580166666667
 30
0.0
 10
372.8133918518518
 20
18.05580166666667
 30
0.0
 10
373.1486483333333
 20
18.05580166666667
 30
0.0
 10
372.566565
 20
17.23018407407407
 30
0.0
 10
371.9844816666667
 20
16.40456648148148
 30
0.0
 10
371.4023983333333
 20
15.57894888888889
 30
0.0
 10
372.0020029629629
 20
14.69712203703704
 30
0.0
 10
372.6016075925925
 20
13.81529518518518
 30
0.0
 10
373.2012122222222
 20
12.93346833333333
 30
0.0
 10
372.8484344444444
 20
12.93346833333333
 30
0.0
 10
372.4956566666667
 20
12.93346833333333
 30
0.0
 10
372.1428788888888
 20
12.93346833333333
 30
0.0
 10
371.8924066666667
 20
13.31799611111111
 30
0.0
 10
371.6419344444444
 20
13.70252388888889
 30
0.0
 10
371.3914622222222
 20
14.08705166666667
 30
0.0
 10
371.1907316666667
 20
14.383385
 30
0.0
 10
371.0213983333334
 20
14.669135
 30
0.0
 10
370.8414816666667
 20
14.97605166666667
 30
0.0
 10
370.8343085185185
 20
14.97605166666667
 30
0.0
 10
370.8271353703703
 20
14.97605166666667
 30
0.0
 10
370.8199622222222
 20
14.97605166666667
 30
0.0
 10
370.6509816666667
 20
14.669135
 30
0.0
 10
370.471065
 20
14.39396833333333
 30
0.0
 10
370.280565
 20
14.08705166666667
 30
0.0
 10
370.033502962963
 20
13.70252388888889
 30
0.0
 10
369.7864409259259
 20
13.31799611111111
 30
0.0
 10
369.5393788888889
 20
12.93346833333333
 30
0.0
 10
369.197302037037
 20
12.93346833333333
 30
0.0
 10
368.8552251851851
 20
12.93346833333333
 30
0.0
 10
368.5131483333333
 20
12.93346833333333
 30
0.0
 10
369.1198085185185
 20
13.80482944444444
 30
0.0
 10
369.7264687037036
 20
14.67619055555556
 30
0.0
 10
370.3331288888889
 20
15.54755166666667
 30
0.0
 10
369.7548085185185
 20
16.383635
 30
0.0
 10
369.1764881481481
 20
17.21971833333333
 30
0.0
 10
368.5981677777777
 20
18.05580166666667
 30
0.0
 10
368.9437724074073
 20
18.05580166666667
 30
0.0
 10
369.289377037037
 20
18.05580166666667
 30
0.0
 10
369.6349816666666
 20
18.05580166666667
 30
0.0
  0
POLYLINE
  5
125
330
1F
100
AcDbEntity
  8
DEFAULT
 62
     6
100
AcDb2dPolyline
 66
     1
 10
0.0
 20
0.0
 30
0.0
 70
     1
  0
VERTEX
  5
126
330
125
100
AcDbEntity
  8
DEFAULT
 62
     6
100
AcDbVertex
100
AcDb2dVertex
 10
327.0312088888888
 20
12.93325666666667
 30
0.0
  0
VERTEX
  5
127
330
125
100
AcDbEntity
  8
DEFAULT
 62
     6
100
AcDbVertex
100
AcDb2dVertex
 10
327.0312088888888
 20
14.80650666666667
 30
0.0
  0
VERTEX
  5
128
330
125
100
AcDbEntity
  8
DEFAULT
 62
     6
100
AcDbVertex
100
AcDb2dVertex
 10
323.8350422222222
 20
14.80650666666667
 30
0.0
  0
VERTEX
  5
129
330
125
100
AcDbEntity
  8
DEFAULT
 62
     6
100
AcDbVertex
100
AcDb2dVertex
 10
323.8350422222222
 20
15.42034
 30
0.0
  0
VERTEX
  5
12A
330
125
100
AcDbEntity
  8
DEFAULT
 62
     6
100
AcDbVertex
100
AcDb2dVertex
 10
326.9042088888888
 20
19.81207055555555
 30
0.0
  0
VERTEX
  5
12B
330
125
100
AcDbEntity
  8
DEFAULT
 62
     6
100
AcDbVertex
100
AcDb2dVertex
 10
327.9092727777777
 20
19.81207055555555
 30
0.0
  0
VERTEX
  5
12C
330
125
100
AcDbEntity
  8
DEFAULT
 62
     6
100
AcDbVertex
100
AcDb2dVertex
 10
327.9092727777777
 20
15.53675666666667
 30
0.0
  0
VERTEX
  5
12D
330
125
100
AcDbEntity
  8
DEFAULT
 62
     6
100
AcDbVertex
100
AcDb2dVertex
 10
328.8727088888889
 20
15.53675666666667
 30
0.0
  0
VERTEX
  5
12E
330
125
100
AcDbEntity
  8
DEFAULT
 62
     6
100
AcDbVertex
100
AcDb2dVertex
 10
328.8727088888889
 20
14.80650666666667
 30
0.0
  0
VERTEX
  5
12F
330
125
100
AcDbEntity
  8
DEFAULT
 62
     6
100
AcDbVertex
100
AcDb2dVertex
 10
327.9092727777777
 20
14.80650666666667
 30
0.0
  0
VERTEX
  5
130
330
125
100
AcDbEntity
  8
DEFAULT
 62
     6
100
AcDbVertex
100
AcDb2dVertex
 10
327.9092727777777
 20
12.93325666666667
 30
0.0
  0
SEQEND
  5
131
330
125
100
AcDbEntity
  8
DEFAULT
 62
     6
  0
SPLINE
  5
132
330
1F
100
AcDbEntity
  8
DEFAULT
 62
     6
100
AcDbSpline
210
0.0
220
0.0
230
1.0
 70
    11
 71
     3
 72
    26
 73
    22
 74
     0
 42
0.000000001
 43
0.0000000001
 40
6.389999999999986
 40
6.389999999999986
 40
6.389999999999986
 40
6.389999999999986
 40
12.89999999999998
 40
12.89999999999998
 40
12.89999999999998
 40
13.89999999999998
 40
13.89999999999998
 40
13.89999999999998
 40
13.99000000000002
 40
13.99000000000002
 40
13.99000000000002
 40
14.99000000000002
 40
14.99000000000002
 40
14.99000000000002
 40
23.15679502620214
 40
23.15679502620214
 40
23.15679502620214
 40
23.21679502620215
 40
23.21679502620215
 40
23.21679502620215
 40
29.60679502620213
 40
29.60679502620213
 40
29.60679502620213
 40
29.60679502620213
 10
327.0312088888888
 20
15.53675666666667
 30
0.0
 10
327.0312088888888
 20
16.30228444444445
 30
0.0
 10
327.0312088888888
 20
17.06781222222222
 30
0.0
 10
327.0312088888888
 20
17.83334
 30
0.0
 10
327.0312088888888
 20
18.19282055555555
 30
0.0
 10
327.0417922222222
 20
18.55300666666666
 30
0.0
 10
327.0629588888889
 20
18.91248722222222
 30
0.0
 10
327.0523755555556
 20
18.91248722222222
 30
0.0
 10
327.0417922222222
 20
18.91248722222222
 30
0.0
 10
327.0312088888888
 20
18.91248722222222
 30
0.0
 10
326.8191894444444
 20
18.51067333333333
 30
0.0
 10
326.6502088888889
 20
18.21434
 30
0.0
 10
326.4597088888889
 20
17.89648722222222
 30
0.0
 10
325.8987922222222
 20
17.11696592592592
 30
0.0
 10
325.3378755555555
 20
16.33744462962963
 30
0.0
 10
324.7769588888889
 20
15.55792333333333
 30
0.0
 10
324.7769588888889
 20
15.55086777777778
 30
0.0
 10
324.7769588888889
 20
15.54381222222222
 30
0.0
 10
324.7769588888889
 20
15.53675666666667
 30
0.0
 10
325.5283755555556
 20
15.53675666666667
 30
0.0
 10
326.2797922222222
 20
15.53675666666667
 30
0.0
 10
327.0312088888888
 20
15.53675666666667
 30
0.0
  0
SPLINE
  5
133
330
1F
100
AcDbEntity
  8
DEFAULT
 62
     6
100
AcDbSpline
210
0.0
220
0.0
230
1.0
 70
    11
 71
     3
 72
    59
 73
    55
 74
     0
 42
0.000000001
 43
0.0000000001
 40
0.0
 40
0.0
 40
0.0
 40
0.0
 40
3.744235569512184
 40
3.744235569512184
 40
3.744235569512184
 40
4.744235569512185
 40
4.744235569512185
 40
4.744235569512185
 40
4.834235569512217
 40
4.834235569512217
 40
4.834235569512217
 40
5.834235569512217
 40
5.834235569512217
 40
5.834235569512217
 40
9.536896774645665
 40
9.536896774645665
 40
9.536896774645665
 40
12.38789677464566
 40
12.38789677464566
 40
12.38789677464566
 40
20.97759409178092
 40
20.97759409178092
 40
20.97759409178092
 40
30.04676169415769
 40
30.04676169415769
 40
30.04676169415769
 40
33.04676169415769
 40
33.04676169415769
 40
33.04676169415769
 40
36.9501372845922
 40
36.9501372845922
 40
36.9501372845922
 40
37.9501372845922
 40
37.9501372845922
 40
37.9501372845922
 40
38.01113728459212
 40
38.01113728459212
 40
38.01113728459212
 40
39.01113728459212
 40
39.01113728459212
 40
39.01113728459212
 40
42.89876406709067
 40
42.89876406709067
 40
42.89876406709067
 40
45.80676406709068
 40
45.80676406709068
 40
45.80676406709068
 40
54.83604338495433
 40
54.83604338495433
 40
54.83604338495433
 40
63.48038286232332
 40
63.48038286232332
 40
63.48038286232332
 40
66.41938286232329
 40
66.41938286232329
 40
66.41938286232329
 40
66.41938286232329
 10
319.9828852777777
 20
18.05544888888888
 30
0.0
 10
320.2263019444443
 20
17.68855999999999
 30
0.0
 10
320.469718611111
 20
17.3216711111111
 30
0.0
 10
320.7131352777777
 20
16.95478222222221
 30
0.0
 10
320.9032825
 20
16.66903222222222
 30
0.0
 10
321.0623852777777
 20
16.40444888888889
 30
0.0
 10
321.2317186111111
 20
16.11905166666666
 30
0.0
 10
321.2423019444444
 20
16.11905166666666
 30
0.0
 10
321.2528852777778
 20
16.11905166666666
 30
0.0
 10
321.2634686111111
 20
16.11905166666666
 30
0.0
 10
321.4324491666666
 20
16.42561555555556
 30
0.0
 10
321.6021352777777
 20
16.69019888888889
 30
0.0
 10
321.7711158333333
 20
16.96536555555555
 30
0.0
 10
322.0110047222221
 20
17.32872666666666
 30
0.0
 10
322.2508936111111
 20
17.69208777777778
 30
0.0
 10
322.4907825
 20
18.05544888888889
 30
0.0
 10
322.8260389814814
 20
18.05544888888889
 30
0.0
 10
323.1612954629629
 20
18.05544888888889
 30
0.0
 10
323.4965519444444
 20
18.05544888888889
 30
0.0
 10
322.9144686111111
 20
17.22994888888888
 30
0.0
 10
322.3323852777777
 20
16.40444888888888
 30
0.0
 10
321.7503019444444
 20
15.57894888888888
 30
0.0
 10
322.3499065740741
 20
14.69700444444444
 30
0.0
 10
322.9495112037037
 20
13.81506
 30
0.0
 10
323.5491158333333
 20
12.93311555555555
 30
0.0
 10
323.1963380555555
 20
12.93311555555555
 30
0.0
 10
322.8435602777777
 20
12.93311555555555
 30
0.0
 10
322.4907825
 20
12.93311555555555
 30
0.0
 10
322.2403102777778
 20
13.31776092592592
 30
0.0
 10
321.9898380555555
 20
13.70240629629629
 30
0.0
 10
321.7393658333333
 20
14.08705166666666
 30
0.0
 10
321.5386352777778
 20
14.383385
 30
0.0
 10
321.3693019444444
 20
14.66878222222222
 30
0.0
 10
321.1893852777777
 20
14.97605166666666
 30
0.0
 10
321.1822121296296
 20
14.97605166666666
 30
0.0
 10
321.1750389814815
 20
14.97605166666666
 30
0.0
 10
321.1678658333333
 20
14.97605166666666
 30
0.0
 10
320.9988852777777
 20
14.66878222222222
 30
0.0
 10
320.8189686111111
 20
14.39361555555555
 30
0.0
 10
320.6284686111111
 20
14.08705166666666
 30
0.0
 10
320.381406574074
 20
13.70240629629629
 30
0.0
 10
320.134344537037
 20
13.31776092592592
 30
0.0
 10
319.8872825
 20
12.93311555555555
 30
0.0
 10
319.5453232407407
 20
12.93311555555555
 30
0.0
 10
319.2033639814815
 20
12.93311555555555
 30
0.0
 10
318.8614047222222
 20
12.93311555555555
 30
0.0
 10
319.4679473148148
 20
13.80459425925926
 30
0.0
 10
320.0744899074074
 20
14.67607296296296
 30
0.0
 10
320.6810325
 20
15.54755166666666
 30
0.0
 10
320.1027121296295
 20
16.38351740740741
 30
0.0
 10
319.5243917592592
 20
17.21948314814815
 30
0.0
 10
318.9460713888889
 20
18.05544888888889
 30
0.0
 10
319.2916760185184
 20
18.05544888888889
 30
0.0
 10
319.6372806481481
 20
18.05544888888888
 30
0.0
 10
319.9828852777777
 20
18.05544888888888
 30
0.0
  0
POLYLINE
  5
134
330
1F
100
AcDbEntity
  8
DEFAULT
 62
     6
100
AcDb2dPolyline
 66
     1
 10
0.0
 20
0.0
 30
0.0
 70
     1
  0
VERTEX
  5
135
330
134
100
AcDbEntity
  8
DEFAULT
 62
     6
100
AcDbVertex
100
AcDb2dVertex
 10
280.6927894444444
 20
12.93325666666667
 30
0.0
  0
VERTEX
  5
136
330
134
100
AcDbEntity
  8
DEFAULT
 62
     6
100
AcDbVertex
100
AcDb2dVertex
 10
280.6927894444444
 20
14.80650666666667
 30
0.0
  0
VERTEX
  5
137
330
134
100
AcDbEntity
  8
DEFAULT
 62
     6
100
AcDbVertex
100
AcDb2dVertex
 10
277.4966227777778
 20
14.80650666666667
 30
0.0
  0
VERTEX
  5
138
330
134
100
AcDbEntity
  8
DEFAULT
 62
     6
100
AcDbVertex
100
AcDb2dVertex
 10
277.4966227777778
 20
15.42034
 30
0.0
  0
VERTEX
  5
139
330
134
100
AcDbEntity
  8
DEFAULT
 62
     6
100
AcDbVertex
100
AcDb2dVertex
 10
280.5657894444444
 20
19.81207055555555
 30
0.0
  0
VERTEX
  5
13A
330
134
100
AcDbEntity
  8
DEFAULT
 62
     6
100
AcDbVertex
100
AcDb2dVertex
 10
281.5708533333333
 20
19.81207055555555
 30
0.0
  0
VERTEX
  5
13B
330
134
100
AcDbEntity
  8
DEFAULT
 62
     6
100
AcDbVertex
100
AcDb2dVertex
 10
281.5708533333333
 20
15.53675666666667
 30
0.0
  0
VERTEX
  5
13C
330
134
100
AcDbEntity
  8
DEFAULT
 62
     6
100
AcDbVertex
100
AcDb2dVertex
 10
282.5342894444444
 20
15.53675666666667
 30
0.0
  0
VERTEX
  5
13D
330
134
100
AcDbEntity
  8
DEFAULT
 62
     6
100
AcDbVertex
100
AcDb2dVertex
 10
282.5342894444444
 20
14.80650666666667
 30
0.0
  0
VERTEX
  5
13E
330
134
100
AcDbEntity
  8
DEFAULT
 62
     6
100
AcDbVertex
100
AcDb2dVertex
 10
281.5708533333333
 20
14.80650666666667
 30
0.0
  0
VERTEX
  5
13F
330
134
100
AcDbEntity
  8
DEFAULT
 62
     6
100
AcDbVertex
100
AcDb2dVertex
 10
281.5708533333333
 20
12.93325666666667
 30
0.0
  0
SEQEND
  5
140
330
134
100
AcDbEntity
  8
DEFAULT
 62
     6
  0
SPLINE
  5
141
330
1F
100
AcDbEntity
  8
DEFAULT
 62
     6
100
AcDbSpline
210
0.0
220
0.0
230
1.0
 70
    11
 71
     3
 72
    26
 73
    22
 74
     0
 42
0.000000001
 43
0.0000000001
 40
6.389999999999986
 40
6.389999999999986
 40
6.389999999999986
 40
6.389999999999986
 40
12.89999999999998
 40
12.89999999999998
 40
12.89999999999998
 40
13.89999999999998
 40
13.89999999999998
 40
13.89999999999998
 40
13.99000000000002
 40
13.99000000000002
 40
13.99000000000002
 40
14.99000000000002
 40
14.99000000000002
 40
14.99000000000002
 40
23.15679502620214
 40
23.15679502620214
 40
23.15679502620214
 40
23.21679502620215
 40
23.21679502620215
 40
23.21679502620215
 40
29.60679502620213
 40
29.60679502620213
 40
29.60679502620213
 40
29.60679502620213
 10
280.6927894444444
 20
15.53675666666667
 30
0.0
 10
280.6927894444444
 20
16.30228444444445
 30
0.0
 10
280.6927894444444
 20
17.06781222222222
 30
0.0
 10
280.6927894444444
 20
17.83334
 30
0.0
 10
280.6927894444444
 20
18.19282055555555
 30
0.0
 10
280.7033727777777
 20
18.55300666666666
 30
0.0
 10
280.7245394444444
 20
18.91248722222222
 30
0.0
 10
280.7139561111111
 20
18.91248722222222
 30
0.0
 10
280.7033727777778
 20
18.91248722222222
 30
0.0
 10
280.6927894444444
 20
18.91248722222222
 30
0.0
 10
280.4807699999999
 20
18.51067333333333
 30
0.0
 10
280.3117894444444
 20
18.21434
 30
0.0
 10
280.1212894444444
 20
17.89648722222222
 30
0.0
 10
279.5603727777778
 20
17.11696592592592
 30
0.0
 10
278.9994561111111
 20
16.33744462962963
 30
0.0
 10
278.4385394444444
 20
15.55792333333333
 30
0.0
 10
278.4385394444444
 20
15.55086777777778
 30
0.0
 10
278.4385394444444
 20
15.54381222222222
 30
0.0
 10
278.4385394444444
 20
15.53675666666667
 30
0.0
 10
279.1899561111111
 20
15.53675666666667
 30
0.0
 10
279.9413727777778
 20
15.53675666666667
 30
0.0
 10
280.6927894444444
 20
15.53675666666667
 30
0.0
  0
SPLINE
  5
142
330
1F
100
AcDbEntity
  8
DEFAULT
 62
     6
100
AcDbSpline
210
0.0
220
0.0
230
1.0
 70
    11
 71
     3
 72
    59
 73
    55
 74
     0
 42
0.000000001
 43
0.0000000001
 40
0.0
 40
0.0
 40
0.0
 40
0.0
 40
3.744235569512075
 40
3.744235569512075
 40
3.744235569512075
 40
4.744235569512075
 40
4.744235569512075
 40
4.744235569512075
 40
4.834235569512106
 40
4.834235569512106
 40
4.834235569512106
 40
5.834235569512106
 40
5.834235569512106
 40
5.834235569512106
 40
9.536896774645555
 40
9.536896774645555
 40
9.536896774645555
 40
12.38789677464555
 40
12.38789677464555
 40
12.38789677464555
 40
20.9775940917808
 40
20.9775940917808
 40
20.9775940917808
 40
30.04676169415757
 40
30.04676169415757
 40
30.04676169415757
 40
33.04676169415757
 40
33.04676169415757
 40
33.04676169415757
 40
36.95013728459209
 40
36.95013728459209
 40
36.95013728459209
 40
37.95013728459209
 40
37.95013728459209
 40
37.95013728459209
 40
38.01113728459201
 40
38.01113728459201
 40
38.01113728459201
 40
39.01113728459201
 40
39.01113728459201
 40
39.01113728459201
 40
42.89876406709055
 40
42.89876406709055
 40
42.89876406709055
 40
45.80776406709055
 40
45.80776406709055
 40
45.80776406709055
 40
54.83761467493562
 40
54.83761467493562
 40
54.83761467493562
 40
63.48195415230461
 40
63.48195415230461
 40
63.48195415230461
 40
66.42095415230457
 40
66.42095415230457
 40
66.42095415230457
 40
66.42095415230457
 10
273.6444658333333
 20
18.05544888888888
 30
0.0
 10
273.8878824999999
 20
17.68856
 30
0.0
 10
274.1312991666666
 20
17.32167111111111
 30
0.0
 10
274.3747158333333
 20
16.95478222222223
 30
0.0
 10
274.5648630555556
 20
16.66903222222222
 30
0.0
 10
274.7239658333333
 20
16.40444888888889
 30
0.0
 10
274.8932991666666
 20
16.11905166666666
 30
0.0
 10
274.9038825
 20
16.11905166666666
 30
0.0
 10
274.9144658333333
 20
16.11905166666666
 30
0.0
 10
274.9250491666667
 20
16.11905166666666
 30
0.0
 10
275.0940297222222
 20
16.42561555555556
 30
0.0
 10
275.2637158333333
 20
16.69019888888889
 30
0.0
 10
275.4326963888889
 20
16.96536555555555
 30
0.0
 10
275.6725852777777
 20
17.32872666666666
 30
0.0
 10
275.9124741666666
 20
17.69208777777778
 30
0.0
 10
276.1523630555556
 20
18.05544888888889
 30
0.0
 10
276.4876195370371
 20
18.05544888888889
 30
0.0
 10
276.8228760185186
 20
18.05544888888889
 30
0.0
 10
277.1581325
 20
18.05544888888889
 30
0.0
 10
276.5760491666667
 20
17.22994888888888
 30
0.0
 10
275.9939658333333
 20
16.40444888888888
 30
0.0
 10
275.4118825
 20
15.57894888888888
 30
0.0
 10
276.0114871296296
 20
14.69700444444444
 30
0.0
 10
276.6110917592593
 20
13.81506
 30
0.0
 10
277.2106963888889
 20
12.93311555555555
 30
0.0
 10
276.8579186111111
 20
12.93311555555555
 30
0.0
 10
276.5051408333333
 20
12.93311555555555
 30
0.0
 10
276.1523630555556
 20
12.93311555555555
 30
0.0
 10
275.9018908333333
 20
13.31776092592592
 30
0.0
 10
275.6514186111111
 20
13.70240629629629
 30
0.0
 10
275.4009463888889
 20
14.08705166666666
 30
0.0
 10
275.2002158333333
 20
14.383385
 30
0.0
 10
275.0308825
 20
14.66878222222222
 30
0.0
 10
274.8509658333333
 20
14.97605166666666
 30
0.0
 10
274.8437926851852
 20
14.97605166666666
 30
0.0
 10
274.8366195370371
 20
14.97605166666666
 30
0.0
 10
274.8294463888889
 20
14.97605166666666
 30
0.0
 10
274.6604658333333
 20
14.66878222222222
 30
0.0
 10
274.4805491666667
 20
14.39361555555555
 30
0.0
 10
274.2900491666667
 20
14.08705166666666
 30
0.0
 10
274.0429871296296
 20
13.70240629629629
 30
0.0
 10
273.7959250925926
 20
13.31776092592592
 30
0.0
 10
273.5488630555556
 20
12.93311555555555
 30
0.0
 10
273.2067862037037
 20
12.93311555555555
 30
0.0
 10
272.8647093518518
 20
12.93311555555555
 30
0.0
 10
272.5226325
 20
12.93311555555555
 30
0.0
 10
273.1292926851851
 20
13.80459425925926
 30
0.0
 10
273.7359528703703
 20
14.67607296296296
 30
0.0
 10
274.3426130555555
 20
15.54755166666666
 30
0.0
 10
273.7642926851852
 20
16.38351740740741
 30
0.0
 10
273.1859723148148
 20
17.21948314814815
 30
0.0
 10
272.6076519444445
 20
18.05544888888889
 30
0.0
 10
272.9532565740741
 20
18.05544888888889
 30
0.0
 10
273.2988612037037
 20
18.05544888888888
 30
0.0
 10
273.6444658333333
 20
18.05544888888888
 30
0.0
  0
POLYLINE
  5
143
330
1F
100
AcDbEntity
  8
DEFAULT
 62
     6
100
AcDb2dPolyline
 66
     1
 10
0.0
 20
0.0
 30
0.0
 70
     1
  0
VERTEX
  5
144
330
143
100
AcDbEntity
  8
DEFAULT
 62
     6
100
AcDbVertex
100
AcDb2dVertex
 10
234.3894713888889
 20
12.93325666666667
 30
0.0
  0
VERTEX
  5
145
330
143
100
AcDbEntity
  8
DEFAULT
 62
     6
100
AcDbVertex
100
AcDb2dVertex
 10
234.3894713888889
 20
14.80650666666667
 30
0.0
  0
VERTEX
  5
146
330
143
100
AcDbEntity
  8
DEFAULT
 62
     6
100
AcDbVertex
100
AcDb2dVertex
 10
231.1933047222222
 20
14.80650666666667
 30
0.0
  0
VERTEX
  5
147
330
143
100
AcDbEntity
  8
DEFAULT
 62
     6
100
AcDbVertex
100
AcDb2dVertex
 10
231.1933047222222
 20
15.42034
 30
0.0
  0
VERTEX
  5
148
330
143
100
AcDbEntity
  8
DEFAULT
 62
     6
100
AcDbVertex
100
AcDb2dVertex
 10
234.2624713888889
 20
19.81207055555555
 30
0.0
  0
VERTEX
  5
149
330
143
100
AcDbEntity
  8
DEFAULT
 62
     6
100
AcDbVertex
100
AcDb2dVertex
 10
235.2675352777778
 20
19.81207055555555
 30
0.0
  0
VERTEX
  5
14A
330
143
100
AcDbEntity
  8
DEFAULT
 62
     6
100
AcDbVertex
100
AcDb2dVertex
 10
235.2675352777778
 20
15.53675666666667
 30
0.0
  0
VERTEX
  5
14B
330
143
100
AcDbEntity
  8
DEFAULT
 62
     6
100
AcDbVertex
100
AcDb2dVertex
 10
236.2309713888889
 20
15.53675666666667
 30
0.0
  0
VERTEX
  5
14C
330
143
100
AcDbEntity
  8
DEFAULT
 62
     6
100
AcDbVertex
100
AcDb2dVertex
 10
236.2309713888889
 20
14.80650666666667
 30
0.0
  0
VERTEX
  5
14D
330
143
100
AcDbEntity
  8
DEFAULT
 62
     6
100
AcDbVertex
100
AcDb2dVertex
 10
235.2675352777778
 20
14.80650666666667
 30
0.0
  0
VERTEX
  5
14E
330
143
100
AcDbEntity
  8
DEFAULT
 62
     6
100
AcDbVertex
100
AcDb2dVertex
 10
235.2675352777778
 20
12.93325666666667
 30
0.0
  0
SEQEND
  5
14F
330
143
100
AcDbEntity
  8
DEFAULT
 62
     6
  0
SPLINE
  5
150
330
1F
100
AcDbEntity
  8
DEFAULT
 62
     6
100
AcDbSpline
210
0.0
220
0.0
230
1.0
 70
    11
 71
     3
 72
    26
 73
    22
 74
     0
 42
0.000000001
 43
0.0000000001
 40
6.389999999999986
 40
6.389999999999986
 40
6.389999999999986
 40
6.389999999999986
 40
12.89999999999998
 40
12.89999999999998
 40
12.89999999999998
 40
13.89999999999998
 40
13.89999999999998
 40
13.89999999999998
 40
13.99000000000002
 40
13.99000000000002
 40
13.99000000000002
 40
14.99000000000002
 40
14.99000000000002
 40
14.99000000000002
 40
23.15679502620214
 40
23.15679502620214
 40
23.15679502620214
 40
23.21679502620215
 40
23.21679502620215
 40
23.21679502620215
 40
29.60679502620213
 40
29.60679502620213
 40
29.60679502620213
 40
29.60679502620213
 10
234.3894713888889
 20
15.53675666666667
 30
0.0
 10
234.3894713888889
 20
16.30228444444445
 30
0.0
 10
234.3894713888889
 20
17.06781222222222
 30
0.0
 10
234.3894713888889
 20
17.83334
 30
0.0
 10
234.3894713888889
 20
18.19282055555555
 30
0.0
 10
234.4000547222222
 20
18.55300666666666
 30
0.0
 10
234.4212213888889
 20
18.91248722222222
 30
0.0
 10
234.4106380555556
 20
18.91248722222222
 30
0.0
 10
234.4000547222222
 20
18.91248722222222
 30
0.0
 10
234.3894713888889
 20
18.91248722222222
 30
0.0
 10
234.1774519444444
 20
18.51067333333333
 30
0.0
 10
234.0084713888889
 20
18.21434
 30
0.0
 10
233.8179713888889
 20
17.89648722222222
 30
0.0
 10
233.2570547222222
 20
17.11696592592592
 30
0.0
 10
232.6961380555556
 20
16.33744462962963
 30
0.0
 10
232.1352213888889
 20
15.55792333333333
 30
0.0
 10
232.1352213888889
 20
15.55086777777778
 30
0.0
 10
232.1352213888889
 20
15.54381222222222
 30
0.0
 10
232.1352213888889
 20
15.53675666666667
 30
0.0
 10
232.8866380555556
 20
15.53675666666667
 30
0.0
 10
233.6380547222222
 20
15.53675666666667
 30
0.0
 10
234.3894713888889
 20
15.53675666666667
 30
0.0
  0
SPLINE
  5
151
330
1F
100
AcDbEntity
  8
DEFAULT
 62
     6
100
AcDbSpline
210
0.0
220
0.0
230
1.0
 70
    11
 71
     3
 72
    59
 73
    55
 74
     0
 42
0.000000001
 43
0.0000000001
 40
0.0
 40
0.0
 40
0.0
 40
0.0
 40
3.744235569512184
 40
3.744235569512184
 40
3.744235569512184
 40
4.744235569512185
 40
4.744235569512185
 40
4.744235569512185
 40
4.834235569512217
 40
4.834235569512217
 40
4.834235569512217
 40
5.834235569512217
 40
5.834235569512217
 40
5.834235569512217
 40
9.536896774645665
 40
9.536896774645665
 40
9.536896774645665
 40
12.38789677464566
 40
12.38789677464566
 40
12.38789677464566
 40
20.97759409178092
 40
20.97759409178092
 40
20.97759409178092
 40
30.04676169415769
 40
30.04676169415769
 40
30.04676169415769
 40
33.04676169415769
 40
33.04676169415769
 40
33.04676169415769
 40
36.9501372845922
 40
36.9501372845922
 40
36.9501372845922
 40
37.9501372845922
 40
37.9501372845922
 40
37.9501372845922
 40
38.01113728459212
 40
38.01113728459212
 40
38.01113728459212
 40
39.01113728459212
 40
39.01113728459212
 40
39.01113728459212
 40
42.89876406709067
 40
42.89876406709067
 40
42.89876406709067
 40
45.80776406709066
 40
45.80776406709066
 40
45.80776406709066
 40
54.83761467493573
 40
54.83761467493573
 40
54.83761467493573
 40
63.48195415230472
 40
63.48195415230472
 40
63.48195415230472
 40
66.42095415230469
 40
66.42095415230469
 40
66.42095415230469
 40
66.42095415230469
 10
227.3411477777777
 20
18.05544888888888
 30
0.0
 10
227.5845644444444
 20
17.68855999999999
 30
0.0
 10
227.8279811111111
 20
17.3216711111111
 30
0.0
 10
228.0713977777777
 20
16.95478222222221
 30
0.0
 10
228.261545
 20
16.66903222222222
 30
0.0
 10
228.4206477777777
 20
16.40444888888889
 30
0.0
 10
228.5899811111111
 20
16.11905166666666
 30
0.0
 10
228.6005644444444
 20
16.11905166666666
 30
0.0
 10
228.6111477777778
 20
16.11905166666666
 30
0.0
 10
228.6217311111111
 20
16.11905166666666
 30
0.0
 10
228.7907116666667
 20
16.42561555555556
 30
0.0
 10
228.9603977777778
 20
16.69019888888889
 30
0.0
 10
229.1293783333333
 20
16.96536555555555
 30
0.0
 10
229.3692672222222
 20
17.32872666666666
 30
0.0
 10
229.6091561111111
 20
17.69208777777778
 30
0.0
 10
229.849045
 20
18.05544888888889
 30
0.0
 10
230.1843014814815
 20
18.05544888888889
 30
0.0
 10
230.519557962963
 20
18.05544888888889
 30
0.0
 10
230.8548144444444
 20
18.05544888888889
 30
0.0
 10
230.2727311111111
 20
17.22994888888888
 30
0.0
 10
229.6906477777778
 20
16.40444888888888
 30
0.0
 10
229.1085644444444
 20
15.57894888888888
 30
0.0
 10
229.708169074074
 20
14.69700444444444
 30
0.0
 10
230.3077737037037
 20
13.81506
 30
0.0
 10
230.9073783333333
 20
12.93311555555555
 30
0.0
 10
230.5546005555555
 20
12.93311555555555
 30
0.0
 10
230.2018227777778
 20
12.93311555555555
 30
0.0
 10
229.849045
 20
12.93311555555555
 30
0.0
 10
229.5985727777778
 20
13.31776092592592
 30
0.0
 10
229.3481005555556
 20
13.70240629629629
 30
0.0
 10
229.0976283333333
 20
14.08705166666666
 30
0.0
 10
228.8968977777778
 20
14.383385
 30
0.0
 10
228.7275644444444
 20
14.66878222222222
 30
0.0
 10
228.5476477777777
 20
14.97605166666666
 30
0.0
 10
228.5404746296296
 20
14.97605166666666
 30
0.0
 10
228.5333014814815
 20
14.97605166666666
 30
0.0
 10
228.5261283333333
 20
14.97605166666666
 30
0.0
 10
228.3571477777778
 20
14.66878222222222
 30
0.0
 10
228.1772311111111
 20
14.39361555555555
 30
0.0
 10
227.9867311111111
 20
14.08705166666666
 30
0.0
 10
227.7396690740741
 20
13.70240629629629
 30
0.0
 10
227.492607037037
 20
13.31776092592592
 30
0.0
 10
227.245545
 20
12.93311555555555
 30
0.0
 10
226.9034681481481
 20
12.93311555555555
 30
0.0
 10
226.5613912962963
 20
12.93311555555555
 30
0.0
 10
226.2193144444444
 20
12.93311555555555
 30
0.0
 10
226.8259746296296
 20
13.80459425925926
 30
0.0
 10
227.4326348148148
 20
14.67607296296296
 30
0.0
 10
228.039295
 20
15.54755166666666
 30
0.0
 10
227.4609746296296
 20
16.38351740740741
 30
0.0
 10
226.8826542592592
 20
17.21948314814815
 30
0.0
 10
226.3043338888889
 20
18.05544888888889
 30
0.0
 10
226.6499385185185
 20
18.05544888888889
 30
0.0
 10
226.9955431481481
 20
18.05544888888888
 30
0.0
 10
227.3411477777777
 20
18.05544888888888
 30
0.0
  0
POLYLINE
  5
152
330
1F
100
AcDbEntity
  8
DEFAULT
 62
     6
100
AcDb2dPolyline
 66
     1
 10
0.0
 20
0.0
 30
0.0
 70
     1
  0
VERTEX
  5
153
330
152
100
AcDbEntity
  8
DEFAULT
 62
     6
100
AcDbVertex
100
AcDb2dVertex
 10
329.1836825
 20
251.0555402777778
 30
0.0
  0
VERTEX
  5
154
330
152
100
AcDbEntity
  8
DEFAULT
 62
     6
100
AcDbVertex
100
AcDb2dVertex
 10
329.1625158333333
 20
251.0555402777778
 30
0.0
  0
VERTEX
  5
155
330
152
100
AcDbEntity
  8
DEFAULT
 62
     6
100
AcDbVertex
100
AcDb2dVertex
 10
327.9665991666666
 20
250.4099569444444
 30
0.0
  0
VERTEX
  5
156
330
152
100
AcDbEntity
  8
DEFAULT
 62
     6
100
AcDbVertex
100
AcDb2dVertex
 10
327.7866825
 20
251.1190402777777
 30
0.0
  0
VERTEX
  5
157
330
152
100
AcDbEntity
  8
DEFAULT
 62
     6
100
AcDbVertex
100
AcDb2dVertex
 10
329.2895158333333
 20
251.9233736111111
 30
0.0
  0
VERTEX
  5
158
330
152
100
AcDbEntity
  8
DEFAULT
 62
     6
100
AcDbVertex
100
AcDb2dVertex
 10
330.0832658333333
 20
251.9233736111111
 30
0.0
  0
VERTEX
  5
159
330
152
100
AcDbEntity
  8
DEFAULT
 62
     6
100
AcDbVertex
100
AcDb2dVertex
 10
330.0832658333333
 20
245.0445597222222
 30
0.0
  0
VERTEX
  5
15A
330
152
100
AcDbEntity
  8
DEFAULT
 62
     6
100
AcDbVertex
100
AcDb2dVertex
 10
329.1836825
 20
245.0445597222222
 30
0.0
  0
SEQEND
  5
15B
330
152
100
AcDbEntity
  8
DEFAULT
 62
     6
  0
SPLINE
  5
15C
330
1F
100
AcDbEntity
  8
DEFAULT
 62
     6
100
AcDbSpline
210
0.0
220
0.0
230
1.0
 70
    11
 71
     3
 72
    59
 73
    55
 74
     0
 42
0.000000001
 43
0.0000000001
 40
0.0
 40
0.0
 40
0.0
 40
0.0
 40
3.74423556951209
 40
3.74423556951209
 40
3.74423556951209
 40
4.744235569512091
 40
4.744235569512091
 40
4.744235569512091
 40
4.834235569512122
 40
4.834235569512122
 40
4.834235569512122
 40
5.834235569512122
 40
5.834235569512122
 40
5.834235569512122
 40
9.536896774645601
 40
9.536896774645601
 40
9.536896774645601
 40
12.3878967746456
 40
12.3878967746456
 40
12.3878967746456
 40
20.97841136924352
 40
20.97841136924352
 40
20.97841136924352
 40
30.04675201127946
 40
30.04675201127946
 40
30.04675201127946
 40
33.04675201127947
 40
33.04675201127947
 40
33.04675201127947
 40
36.94928964722865
 40
36.94928964722865
 40
36.94928964722865
 40
37.94928964722865
 40
37.94928964722865
 40
37.94928964722865
 40
38.01028964722857
 40
38.01028964722857
 40
38.01028964722857
 40
39.01028964722857
 40
39.01028964722857
 40
39.01028964722857
 40
42.897075079948
 40
42.897075079948
 40
42.897075079948
 40
45.80607507994799
 40
45.80607507994799
 40
45.80607507994799
 40
54.83510498354225
 40
54.83510498354225
 40
54.83510498354225
 40
63.48026686750951
 40
63.48026686750951
 40
63.48026686750951
 40
66.41926686750946
 40
66.41926686750946
 40
66.41926686750946
 40
66.41926686750946
 10
322.9925030555556
 20
250.1666813888889
 30
0.0
 10
323.2359197222223
 20
249.7997925000001
 30
0.0
 10
323.479336388889
 20
249.4329036111111
 30
0.0
 10
323.7227530555556
 20
249.0660147222223
 30
0.0
 10
323.9129002777777
 20
248.7799119444444
 30
0.0
 10
324.0720030555555
 20
248.5156813888889
 30
0.0
 10
324.2413363888888
 20
248.2299313888889
 30
0.0
 10
324.2519197222222
 20
248.2299313888889
 30
0.0
 10
324.2625030555556
 20
248.2299313888889
 30
0.0
 10
324.2730863888889
 20
248.2299313888889
 30
0.0
 10
324.4420669444444
 20
248.5368480555555
 30
0.0
 10
324.6117530555555
 20
248.8014313888889
 30
0.0
 10
324.7807336111111
 20
249.0765980555555
 30
0.0
 10
325.0206225
 20
249.4399591666667
 30
0.0
 10
325.2605113888889
 20
249.8033202777778
 30
0.0
 10
325.5004002777778
 20
250.1666813888889
 30
0.0
 10
325.8356567592593
 20
250.1666813888889
 30
0.0
 10
326.1709132407407
 20
250.1666813888889
 30
0.0
 10
326.5061697222222
 20
250.1666813888889
 30
0.0
 10
325.9240863888888
 20
249.3410637962963
 30
0.0
 10
325.3420030555555
 20
248.5154462037037
 30
0.0
 10
324.7599197222222
 20
247.6898286111111
 30
0.0
 10
325.3595243518518
 20
246.8080017592593
 30
0.0
 10
325.9591289814815
 20
245.9261749074074
 30
0.0
 10
326.5587336111111
 20
245.0443480555556
 30
0.0
 10
326.2059558333333
 20
245.0443480555556
 30
0.0
 10
325.8531780555556
 20
245.0443480555556
 30
0.0
 10
325.5004002777778
 20
245.0443480555556
 30
0.0
 10
325.2499280555555
 20
245.4288758333333
 30
0.0
 10
324.9994558333333
 20
245.8134036111111
 30
0.0
 10
324.7489836111111
 20
246.1979313888889
 30
0.0
 10
324.5482530555555
 20
246.4942647222222
 30
0.0
 10
324.3789197222222
 20
246.7800147222222
 30
0.0
 10
324.1990030555555
 20
247.0869313888889
 30
0.0
 10
324.1918299074073
 20
247.0869313888889
 30
0.0
 10
324.1846567592592
 20
247.0869313888889
 30
0.0
 10
324.1774836111111
 20
247.0869313888889
 30
0.0
 10
324.0085030555555
 20
246.7800147222222
 30
0.0
 10
323.8285863888889
 20
246.5048480555556
 30
0.0
 10
323.6380863888889
 20
246.1979313888889
 30
0.0
 10
323.3910243518519
 20
245.8134036111111
 30
0.0
 10
323.1439623148148
 20
245.4288758333333
 30
0.0
 10
322.8969002777778
 20
245.0443480555556
 30
0.0
 10
322.5548234259259
 20
245.0443480555556
 30
0.0
 10
322.2127465740741
 20
245.0443480555556
 30
0.0
 10
321.8706697222222
 20
245.0443480555556
 30
0.0
 10
322.4773299074074
 20
245.9157091666667
 30
0.0
 10
323.0839900925926
 20
246.7870702777778
 30
0.0
 10
323.6906502777778
 20
247.6584313888889
 30
0.0
 10
323.1123299074074
 20
248.4945147222222
 30
0.0
 10
322.534009537037
 20
249.3305980555556
 30
0.0
 10
321.9556891666667
 20
250.1666813888889
 30
0.0
 10
322.3012937962963
 20
250.1666813888889
 30
0.0
 10
322.646898425926
 20
250.1666813888889
 30
0.0
 10
322.9925030555556
 20
250.1666813888889
 30
0.0
  0
POLYLINE
  5
15D
330
1F
100
AcDbEntity
  8
DEFAULT
 62
     6
100
AcDb2dPolyline
 66
     1
 10
0.0
 20
0.0
 30
0.0
 70
     1
  0
VERTEX
  5
15E
330
15D
100
AcDbEntity
  8
DEFAULT
 62
     6
100
AcDbVertex
100
AcDb2dVertex
 10
445.6916480555555
 20
18.94462527777778
 30
0.0
  0
VERTEX
  5
15F
330
15D
100
AcDbEntity
  8
DEFAULT
 62
     6
100
AcDbVertex
100
AcDb2dVertex
 10
445.6701286111111
 20
18.94462527777778
 30
0.0
  0
VERTEX
  5
160
330
15D
100
AcDbEntity
  8
DEFAULT
 62
     6
100
AcDbVertex
100
AcDb2dVertex
 10
444.4745647222222
 20
18.29904194444444
 30
0.0
  0
VERTEX
  5
161
330
15D
100
AcDbEntity
  8
DEFAULT
 62
     6
100
AcDbVertex
100
AcDb2dVertex
 10
444.2946480555555
 20
19.00812527777778
 30
0.0
  0
VERTEX
  5
162
330
15D
100
AcDbEntity
  8
DEFAULT
 62
     6
100
AcDbVertex
100
AcDb2dVertex
 10
445.7974813888888
 20
19.81245861111111
 30
0.0
  0
VERTEX
  5
163
330
15D
100
AcDbEntity
  8
DEFAULT
 62
     6
100
AcDbVertex
100
AcDb2dVertex
 10
446.5912313888888
 20
19.81245861111111
 30
0.0
  0
VERTEX
  5
164
330
15D
100
AcDbEntity
  8
DEFAULT
 62
     6
100
AcDbVertex
100
AcDb2dVertex
 10
446.5912313888888
 20
12.93364472222222
 30
0.0
  0
VERTEX
  5
165
330
15D
100
AcDbEntity
  8
DEFAULT
 62
     6
100
AcDbVertex
100
AcDb2dVertex
 10
445.6916480555555
 20
12.93364472222222
 30
0.0
  0
SEQEND
  5
166
330
15D
100
AcDbEntity
  8
DEFAULT
 62
     6
  0
SPLINE
  5
167
330
1F
100
AcDbEntity
  8
DEFAULT
 62
     6
100
AcDbSpline
210
0.0
220
0.0
230
1.0
 70
    11
 71
     3
 72
    59
 73
    55
 74
     0
 42
0.000000001
 43
0.0000000001
 40
0.0
 40
0.0
 40
0.0
 40
0.0
 40
3.744235569511996
 40
3.744235569511996
 40
3.744235569511996
 40
4.744235569511996
 40
4.744235569511996
 40
4.744235569511996
 40
4.834235569512142
 40
4.834235569512142
 40
4.834235569512142
 40
5.834235569512142
 40
5.834235569512142
 40
5.834235569512142
 40
9.53689677464553
 40
9.53689677464553
 40
9.53689677464553
 40
12.38789677464564
 40
12.38789677464564
 40
12.38789677464564
 40
20.9784113692436
 40
20.9784113692436
 40
20.9784113692436
 40
30.04675201127945
 40
30.04675201127945
 40
30.04675201127945
 40
33.04675201127945
 40
33.04675201127945
 40
33.04675201127945
 40
36.9492896472286
 40
36.9492896472286
 40
36.9492896472286
 40
37.9492896472286
 40
37.9492896472286
 40
37.9492896472286
 40
38.01028964722875
 40
38.01028964722875
 40
38.01028964722875
 40
39.01028964722875
 40
39.01028964722875
 40
39.01028964722875
 40
42.89707507994812
 40
42.89707507994812
 40
42.89707507994812
 40
45.80607507994823
 40
45.80607507994823
 40
45.80607507994823
 40
54.83510498354259
 40
54.83510498354259
 40
54.83510498354259
 40
63.4802668675099
 40
63.4802668675099
 40
63.4802668675099
 40
66.41926686750998
 40
66.41926686750998
 40
66.41926686750998
 40
66.41926686750998
 10
439.500468611111
 20
18.05580166666665
 30
0.0
 10
439.7438852777777
 20
17.68891277777776
 30
0.0
 10
439.9873019444443
 20
17.32202388888887
 30
0.0
 10
440.2307186111109
 20
16.95513499999998
 30
0.0
 10
440.4208658333333
 20
16.66903222222222
 30
0.0
 10
440.579968611111
 20
16.40480166666667
 30
0.0
 10
440.7493019444444
 20
16.11905166666666
 30
0.0
 10
440.7598852777778
 20
16.11905166666666
 30
0.0
 10
440.7704686111111
 20
16.11905166666666
 30
0.0
 10
440.7810519444444
 20
16.11905166666666
 30
0.0
 10
440.9500324999999
 20
16.42596833333333
 30
0.0
 10
441.119718611111
 20
16.69055166666667
 30
0.0
 10
441.2886991666666
 20
16.96571833333334
 30
0.0
 10
441.5285880555555
 20
17.32907944444445
 30
0.0
 10
441.7684769444443
 20
17.69244055555556
 30
0.0
 10
442.0083658333332
 20
18.05580166666667
 30
0.0
 10
442.3436223148147
 20
18.05580166666667
 30
0.0
 10
442.6788787962962
 20
18.05580166666667
 30
0.0
 10
443.0141352777777
 20
18.05580166666667
 30
0.0
 10
442.4320519444444
 20
17.23018407407407
 30
0.0
 10
441.849968611111
 20
16.40456648148148
 30
0.0
 10
441.2678852777777
 20
15.57894888888889
 30
0.0
 10
441.8674899074073
 20
14.69712203703704
 30
0.0
 10
442.467094537037
 20
13.81529518518518
 30
0.0
 10
443.0666991666666
 20
12.93346833333333
 30
0.0
 10
442.7139213888888
 20
12.93346833333333
 30
0.0
 10
442.3611436111109
 20
12.93346833333333
 30
0.0
 10
442.0083658333332
 20
12.93346833333333
 30
0.0
 10
441.7578936111111
 20
13.31799611111111
 30
0.0
 10
441.5074213888888
 20
13.70252388888889
 30
0.0
 10
441.2569491666666
 20
14.08705166666667
 30
0.0
 10
441.0562186111111
 20
14.383385
 30
0.0
 10
440.8868852777778
 20
14.669135
 30
0.0
 10
440.7069686111111
 20
14.97605166666667
 30
0.0
 10
440.6997954629629
 20
14.97605166666667
 30
0.0
 10
440.6926223148147
 20
14.97605166666667
 30
0.0
 10
440.6854491666666
 20
14.97605166666667
 30
0.0
 10
440.5164686111111
 20
14.669135
 30
0.0
 10
440.3365519444444
 20
14.39396833333333
 30
0.0
 10
440.1460519444444
 20
14.08705166666667
 30
0.0
 10
439.8989899074074
 20
13.70252388888889
 30
0.0
 10
439.6519278703703
 20
13.31799611111111
 30
0.0
 10
439.4048658333333
 20
12.93346833333333
 30
0.0
 10
439.0627889814814
 20
12.93346833333333
 30
0.0
 10
438.7207121296296
 20
12.93346833333333
 30
0.0
 10
438.3786352777777
 20
12.93346833333333
 30
0.0
 10
438.9852954629629
 20
13.80482944444444
 30
0.0
 10
439.5919556481481
 20
14.67619055555556
 30
0.0
 10
440.1986158333333
 20
15.54755166666667
 30
0.0
 10
439.6202954629629
 20
16.383635
 30
0.0
 10
439.0419750925926
 20
17.21971833333333
 30
0.0
 10
438.4636547222221
 20
18.05580166666667
 30
0.0
 10
438.8092593518518
 20
18.05580166666666
 30
0.0
 10
439.1548639814814
 20
18.05580166666666
 30
0.0
 10
439.500468611111
 20
18.05580166666665
 30
0.0
  0
SPLINE
  5
168
330
1F
100
AcDbEntity
  8
DEFAULT
 62
     1
100
AcDbSpline
210
0.0
220
0.0
230
1.0
 70
    11
 71
     3
 72
   248
 73
   244
 74
     0
 42
0.000000001
 43
0.0000000001
 40
1.0
 40
1.0
 40
1.0
 40
1.0
 40
2.0
 40
2.0
 40
2.0
 40
3.0
 40
3.0
 40
3.0
 40
4.0
 40
4.0
 40
4.0
 40
5.0
 40
5.0
 40
5.0
 40
6.0
 40
6.0
 40
6.0
 40
31.40999999999985
 40
31.40999999999985
 40
31.40999999999985
 40
32.40999999999985
 40
32.40999999999985
 40
32.40999999999985
 40
33.40999999999985
 40
33.40999999999985
 40
33.40999999999985
 40
67.24999999999983
 40
67.24999999999983
 40
67.24999999999983
 40
68.24999999999983
 40
68.24999999999983
 40
68.24999999999983
 40
69.24999999999983
 40
69.24999999999983
 40
69.24999999999983
 40
70.24999999999983
 40
70.24999999999983
 40
70.24999999999983
 40
71.24999999999983
 40
71.24999999999983
 40
71.24999999999983
 40
72.24999999999983
 40
72.24999999999983
 40
72.24999999999983
 40
73.24999999999983
 40
73.24999999999983
 40
73.24999999999983
 40
74.24999999999983
 40
74.24999999999983
 40
74.24999999999983
 40
75.24999999999983
 40
75.24999999999983
 40
75.24999999999983
 40
76.24999999999983
 40
76.24999999999983
 40
76.24999999999983
 40
77.24999999999983
 40
77.24999999999983
 40
77.24999999999983
 40
78.24999999999983
 40
78.24999999999983
 40
78.24999999999983
 40
79.24999999999983
 40
79.24999999999983
 40
79.24999999999983
 40
113.0899999999998
 40
113.0899999999998
 40
113.0899999999998
 40
114.0899999999998
 40
114.0899999999998
 40
114.0899999999998
 40
115.0899999999998
 40
115.0899999999998
 40
115.0899999999998
 40
140.5099999999999
 40
140.5099999999999
 40
140.5099999999999
 40
141.5099999999999
 40
141.5099999999999
 40
141.5099999999999
 40
142.5099999999999
 40
142.5099999999999
 40
142.5099999999999
 40
143.5099999999999
 40
143.5099999999999
 40
143.5099999999999
 40
144.5099999999999
 40
144.5099999999999
 40
144.5099999999999
 40
145.5099999999999
 40
145.5099999999999
 40
145.5099999999999
 40
146.5099999999999
 40
146.5099999999999
 40
146.5099999999999
 40
147.5099999999999
 40
147.5099999999999
 40
147.5099999999999
 40
148.5099999999999
 40
148.5099999999999
 40
148.5099999999999
 40
149.5099999999999
 40
149.5099999999999
 40
149.5099999999999
 40
150.5099999999999
 40
150.5099999999999
 40
150.5099999999999
 40
151.5099999999999
 40
151.5099999999999
 40
151.5099999999999
 40
152.5099999999999
 40
152.5099999999999
 40
152.5099999999999
 40
177.9299999999999
 40
177.9299999999999
 40
177.9299999999999
 40
178.9299999999999
 40
178.9299999999999
 40
178.9299999999999
 40
179.9299999999999
 40
179.9299999999999
 40
179.9299999999999
 40
180.9299999999999
 40
180.9299999999999
 40
180.9299999999999
 40
181.9299999999999
 40
181.9299999999999
 40
181.9299999999999
 40
188.8199999999999
 40
188.8199999999999
 40
188.8199999999999
 40
189.8199999999999
 40
189.8199999999999
 40
189.8199999999999
 40
190.8199999999999
 40
190.8199999999999
 40
190.8199999999999
 40
193.6500000000001
 40
193.6500000000001
 40
193.6500000000001
 40
202.1500000000001
 40
202.1500000000001
 40
202.1500000000001
 40
205.0109963299523
 40
205.0109963299523
 40
205.0109963299523
 40
206.0109963299523
 40
206.0109963299523
 40
206.0109963299523
 40
207.0109963299523
 40
207.0109963299523
 40
207.0109963299523
 40
208.0109963299523
 40
208.0109963299523
 40
208.0109963299523
 40
209.0109963299523
 40
209.0109963299523
 40
209.0109963299523
 40
210.0109963299523
 40
210.0109963299523
 40
210.0109963299523
 40
259.8809963299523
 40
259.8809963299523
 40
259.8809963299523
 40
260.8809963299523
 40
260.8809963299523
 40
260.8809963299523
 40
270.5909963299523
 40
270.5909963299523
 40
270.5909963299523
 40
271.5909963299523
 40
271.5909963299523
 40
271.5909963299523
 40
321.4609963299523
 40
321.4609963299523
 40
321.4609963299523
 40
322.4609963299523
 40
322.4609963299523
 40
322.4609963299523
 40
323.4609963299523
 40
323.4609963299523
 40
323.4609963299523
 40
324.4609963299523
 40
324.4609963299523
 40
324.4609963299523
 40
325.4609963299523
 40
325.4609963299523
 40
325.4609963299523
 40
326.4609963299523
 40
326.4609963299523
 40
326.4609963299523
 40
329.3234777709401
 40
329.3234777709401
 40
329.3234777709401
 40
337.8234777709401
 40
337.8234777709401
 40
337.8234777709401
 40
340.6634777709401
 40
340.6634777709401
 40
340.6634777709401
 40
341.6634777709401
 40
341.6634777709401
 40
341.6634777709401
 40
342.6634777709401
 40
342.6634777709401
 40
342.6634777709401
 40
349.55347777094
 40
349.55347777094
 40
349.55347777094
 40
350.55347777094
 40
350.55347777094
 40
350.55347777094
 40
351.55347777094
 40
351.55347777094
 40
351.55347777094
 40
352.55347777094
 40
352.55347777094
 40
352.55347777094
 40
353.55347777094
 40
353.55347777094
 40
353.55347777094
 40
378.9634777709399
 40
378.9634777709399
 40
378.9634777709399
 40
379.9634777709399
 40
379.9634777709399
 40
379.9634777709399
 40
380.9634777709399
 40
380.9634777709399
 40
380.9634777709399
 40
381.9634777709399
 40
381.9634777709399
 40
381.9634777709399
 40
382.9634777709399
 40
382.9634777709399
 40
382.9634777709399
 40
383.9634777709399
 40
383.9634777709399
 40
383.9634777709399
 40
384.9634777709399
 40
384.9634777709399
 40
384.9634777709399
 40
385.9634777709399
 40
385.9634777709399
 40
385.9634777709399
 40
385.9634777709399
 10
458.1975849999999
 20
89.10556361111111
 30
0.0
 10
457.1815849999999
 20
89.10556361111111
 30
0.0
 10
456.5007238888889
 20
89.99809138888888
 30
0.0
 10
456.5007238888889
 20
91.01056361111111
 30
0.0
 10
456.5007238888889
 20
92.01950805555556
 30
0.0
 10
456.2678905555555
 20
92.68273027777778
 30
0.0
 10
454.5322238888888
 20
94.32314694444445
 30
0.0
 10
452.7930294444444
 20
95.95650805555555
 30
0.0
 10
451.6606127777778
 20
95.30739694444445
 30
0.0
 10
450.1542516666667
 20
94.57361916666666
 30
0.0
 10
448.6514183333333
 20
93.84336916666666
 30
0.0
 10
448.0975572222222
 20
93.2824525
 30
0.0
 10
449.0288905555555
 20
92.79561916666667
 30
0.0
 10
449.9531683333333
 20
92.30878583333333
 30
0.0
 10
449.7979461111111
 20
90.40731361111109
 30
0.0
 10
449.0641683333333
 20
90.40731361111109
 30
0.0
 10
446.0761405555555
 20
90.40731361111109
 30
0.0
 10
443.0881127777777
 20
90.40731361111109
 30
0.0
 10
440.100085
 20
90.40731361111109
 30
0.0
 10
439.2146127777777
 20
90.40731361111109
 30
0.0
 10
438.0292794444444
 20
91.78314694444444
 30
0.0
 10
436.8051405555555
 20
93.00375805555555
 30
0.0
 10
435.5527794444444
 20
94.25611916666666
 30
0.0
 10
434.9142516666666
 20
94.95461916666667
 30
0.0
 10
434.9142516666666
 20
95.79423027777777
 30
0.0
 10
434.9142516666666
 20
99.77356361111111
 30
0.0
 10
434.9142516666666
 20
103.7528969444444
 30
0.0
 10
434.9142516666666
 20
107.7322302777778
 30
0.0
 10
434.9142516666666
 20
108.4660080555556
 30
0.0
 10
436.1983627777778
 20
108.6212302777778
 30
0.0
 10
436.7381127777778
 20
107.6969525
 30
0.0
 10
437.2813905555556
 20
106.7691469444444
 30
0.0
 10
437.8987516666667
 20
107.3194802777778
 30
0.0
 10
438.7066127777778
 20
108.8258413888889
 30
0.0
 10
439.5215294444444
 20
110.3322025
 30
0.0
 10
440.241196111111
 20
111.4610913888889
 30
0.0
 10
438.4279183333333
 20
113.2002858333333
 30
0.0
 10
436.6111127777777
 20
114.9394802777778
 30
0.0
 10
435.877335
 20
115.1687858333333
 30
0.0
 10
434.7590294444444
 20
115.1687858333333
 30
0.0
 10
433.6371961111111
 20
115.1687858333333
 30
0.0
 10
432.6494183333333
 20
115.8531747222222
 30
0.0
 10
432.6494183333333
 20
116.8691747222222
 30
0.0
 10
432.6494183333333
 20
118.6542302777778
 30
0.0
 10
431.1995016666667
 20
120.1006191666667
 30
0.0
 10
429.4179738888889
 20
120.1006191666667
 30
0.0
 10
427.6329183333333
 20
120.1006191666667
 30
0.0
 10
426.1865294444444
 20
118.6542302777778
 30
0.0
 10
426.1865294444444
 20
116.8691747222222
 30
0.0
 10
426.1865294444444
 20
115.8531747222222
 30
0.0
 10
425.1952238888888
 20
115.1687858333333
 30
0.0
 10
424.0733905555555
 20
115.1687858333333
 30
0.0
 10
422.9550849999999
 20
115.1687858333333
 30
0.0
 10
422.2213072222222
 20
114.9394802777778
 30
0.0
 10
420.4080294444445
 20
113.2002858333333
 30
0.0
 10
418.5912238888889
 20
111.4610913888889
 30
0.0
 10
419.3144183333333
 20
110.3322025
 30
0.0
 10
420.1258072222222
 20
108.8258413888889
 30
0.0
 10
420.9371961111111
 20
107.3194802777778
 30
0.0
 10
421.5545572222222
 20
106.7691469444444
 30
0.0
 10
422.0943072222222
 20
107.6969525
 30
0.0
 10
422.637585
 20
108.6212302777778
 30
0.0
 10
423.9181683333333
 20
108.4660080555556
 30
0.0
 10
423.9181683333333
 20
107.7322302777778
 30
0.0
 10
423.9181683333333
 20
103.7528969444444
 30
0.0
 10
423.9181683333333
 20
99.77356361111111
 30
0.0
 10
423.9181683333333
 20
95.79423027777777
 30
0.0
 10
423.9181683333333
 20
94.95461916666667
 30
0.0
 10
423.2831683333333
 20
94.25611916666666
 30
0.0
 10
422.0308072222222
 20
93.00375805555555
 30
0.0
 10
420.8066683333333
 20
91.78314694444444
 30
0.0
 10
419.6178072222222
 20
90.40731361111109
 30
0.0
 10
418.7358627777778
 20
90.40731361111109
 30
0.0
 10
415.7466590740741
 20
90.40731361111109
 30
0.0
 10
412.7574553703703
 20
90.40731361111109
 30
0.0
 10
409.7682516666666
 20
90.40731361111109
 30
0.0
 10
409.0344738888888
 20
90.40731361111109
 30
0.0
 10
408.8792516666667
 20
92.30878583333333
 30
0.0
 10
409.8070572222222
 20
92.79561916666667
 30
0.0
 10
410.7348627777778
 20
93.2824525
 30
0.0
 10
410.1845294444444
 20
93.84336916666666
 30
0.0
 10
408.6781683333334
 20
94.57361916666666
 30
0.0
 10
407.1718072222222
 20
95.30739694444445
 30
0.0
 10
406.0393905555555
 20
95.95650805555555
 30
0.0
 10
404.3001961111111
 20
94.32314694444445
 30
0.0
 10
402.5645294444444
 20
92.68273027777778
 30
0.0
 10
402.3316961111111
 20
92.01950805555556
 30
0.0
 10
402.3316961111111
 20
91.01056361111111
 30
0.0
 10
402.3316961111111
 20
89.99809138888888
 30
0.0
 10
401.650835
 20
89.10556361111111
 30
0.0
 10
400.634835
 20
89.10556361111111
 30
0.0
 10
398.8497794444444
 20
89.10556361111111
 30
0.0
 10
397.4033905555556
 20
87.65917472222222
 30
0.0
 10
397.4033905555556
 20
85.87411916666666
 30
0.0
 10
397.4033905555556
 20
84.08906361111111
 30
0.0
 10
398.8497794444444
 20
82.64267472222222
 30
0.0
 10
400.634835
 20
82.64267472222222
 30
0.0
 10
401.650835
 20
82.64267472222222
 30
0.0
 10
402.3316961111111
 20
81.74661916666666
 30
0.0
 10
402.3316961111111
 20
80.73767472222222
 30
0.0
 10
402.3316961111111
 20
79.72873027777777
 30
0.0
 10
402.5645294444444
 20
79.06550805555555
 30
0.0
 10
404.3001961111111
 20
77.42861916666666
 30
0.0
 10
406.0393905555555
 20
75.7882025
 30
0.0
 10
407.1718072222222
 20
76.44084138888888
 30
0.0
 10
408.6781683333334
 20
77.17461916666666
 30
0.0
 10
410.1845294444444
 20
77.90486916666667
 30
0.0
 10
410.7348627777778
 20
78.46578583333333
 30
0.0
 10
409.8070572222222
 20
78.95261916666666
 30
0.0
 10
408.8792516666667
 20
79.4394525
 30
0.0
 10
409.0344738888888
 20
81.34092472222221
 30
0.0
 10
409.7682516666666
 20
81.34092472222221
 30
0.0
 10
412.7574553703703
 20
81.34092472222221
 30
0.0
 10
415.7466590740741
 20
81.34092472222221
 30
0.0
 10
418.7358627777778
 20
81.34092472222221
 30
0.0
 10
419.5754738888888
 20
81.34092472222221
 30
0.0
 10
420.2704461111111
 20
80.70592472222222
 30
0.0
 10
421.526335
 20
79.45003583333333
 30
0.0
 10
422.7469461111111
 20
78.22942472222222
 30
0.0
 10
424.1263072222222
 20
77.04056361111111
 30
0.0
 10
424.1263072222222
 20
76.15509138888889
 30
0.0
 10
424.1263072222222
 20
67.78720249999999
 30
0.0
 10
423.0573905555556
 20
62.76364694444444
 30
0.0
 10
423.0573905555556
 20
57.66600805555556
 30
0.0
 10
422.2354183333333
 20
57.66600805555556
 30
0.0
 10
421.5651405555556
 20
56.99925805555555
 30
0.0
 10
421.5651405555556
 20
56.18081361111111
 30
0.0
 10
421.5651405555556
 20
55.37060064814815
 30
0.0
 10
421.5651405555556
 20
54.56038768518519
 30
0.0
 10
421.5651405555556
 20
53.75017472222223
 30
0.0
 10
421.5651405555556
 20
52.93173027777778
 30
0.0
 10
422.2354183333333
 20
52.26145249999999
 30
0.0
 10
423.0573905555556
 20
52.26145249999999
 30
0.0
 10
423.0573905555556
 20
49.82728583333333
 30
0.0
 10
423.3854738888888
 20
46.49706361111111
 30
0.0
 10
423.3854738888888
 20
39.37800805555555
 30
0.0
 10
423.7182609259259
 20
39.37800805555555
 30
0.0
 10
424.0510479629629
 20
39.37800805555555
 30
0.0
 10
424.383835
 20
39.37800805555555
 30
0.0
 10
424.3838349999999
 20
38.37847101851852
 30
0.0
 10
424.3838349999999
 20
37.37893398148148
 30
0.0
 10
424.383835
 20
36.37939694444444
 30
0.0
 10
424.3344461111112
 20
36.04660990740741
 30
0.0
 10
424.2850572222222
 20
35.71382287037037
 30
0.0
 10
424.2356683333333
 20
35.38103583333334
 30
0.0
 10
424.1227794444445
 20
34.62961916666666
 30
0.0
 10
425.7032238888889
 20
31.94145250000001
 30
0.0
 10
425.9325294444444
 20
33.56423027777778
 30
0.0
 10
426.066585
 20
34.50967472222221
 30
0.0
 10
425.9325294444444
 20
37.20842472222222
 30
0.0
 10
425.9325294444444
 20
37.20842472222222
 30
0.0
 10
425.9325294444444
 20
37.48359138888889
 30
0.0
 10
426.1583072222222
 20
37.70584138888889
 30
0.0
 10
426.4334738888889
 20
37.70584138888889
 30
0.0
 10
426.7121683333333
 20
37.70584138888889
 30
0.0
 10
426.9344183333333
 20
37.48359138888889
 30
0.0
 10
426.9344183333333
 20
37.20842472222222
 30
0.0
 10
426.9344183333333
 20
33.48309138888889
 30
0.0
 10
425.7032238888889
 20
31.26059138888889
 30
0.0
 10
425.7032238888889
 20
30.47036916666667
 30
0.0
 10
425.7032238888889
 20
24.60602657407408
 30
0.0
 10
425.7032238888889
 20
18.74168398148148
 30
0.0
 10
425.7032238888889
 20
12.87734138888889
 30
0.0
 10
425.7032238888889
 20
11.21928583333334
 30
0.0
 10
426.5992794444444
 20
9.878730277777779
 30
0.0
 10
427.7034738888888
 20
9.878730277777779
 30
0.0
 10
428.8452979629629
 20
9.878730277777779
 30
0.0
 10
429.9871220370371
 20
9.878730277777779
 30
0.0
 10
431.1289461111111
 20
9.878730277777779
 30
0.0
 10
432.2366683333333
 20
9.878730277777779
 30
0.0
 10
433.1291961111111
 20
11.21928583333334
 30
0.0
 10
433.1291961111111
 20
12.87734138888889
 30
0.0
 10
433.1291961111112
 20
18.74168398148148
 30
0.0
 10
433.1291961111112
 20
24.60602657407408
 30
0.0
 10
433.1291961111111
 20
30.47036916666667
 30
0.0
 10
433.1291961111111
 20
31.26059138888889
 30
0.0
 10
431.9015294444444
 20
33.48309138888889
 30
0.0
 10
431.9015294444444
 20
37.20842472222222
 30
0.0
 10
431.9015294444444
 20
37.48359138888889
 30
0.0
 10
432.1237794444444
 20
37.70584138888889
 30
0.0
 10
432.3989461111111
 20
37.70584138888889
 30
0.0
 10
432.6776405555556
 20
37.70584138888889
 30
0.0
 10
432.8998905555555
 20
37.48359138888889
 30
0.0
 10
432.8998905555555
 20
37.20842472222222
 30
0.0
 10
432.8998905555555
 20
37.20842472222222
 30
0.0
 10
432.765835
 20
34.50967472222221
 30
0.0
 10
432.8998905555555
 20
33.56423027777778
 30
0.0
 10
433.1291961111111
 20
31.94145250000001
 30
0.0
 10
434.7131683333333
 20
34.62961916666666
 30
0.0
 10
434.6002794444444
 20
35.38103583333334
 30
0.0
 10
434.5497146296296
 20
35.71382287037037
 30
0.0
 10
434.4991498148148
 20
36.04660990740741
 30
0.0
 10
434.448585
 20
36.37939694444444
 30
0.0
 10
434.4485849999999
 20
37.37893398148148
 30
0.0
 10
434.4485849999999
 20
38.37847101851852
 30
0.0
 10
434.448585
 20
39.37800805555555
 30
0.0
 10
434.782547962963
 20
39.37800805555555
 30
0.0
 10
435.1165109259259
 20
39.37800805555555
 30
0.0
 10
435.4504738888888
 20
39.37800805555555
 30
0.0
 10
435.4504738888888
 20
46.49706361111111
 30
0.0
 10
435.7785572222222
 20
49.82728583333333
 30
0.0
 10
435.7785572222222
 20
52.26145249999999
 30
0.0
 10
436.5970016666666
 20
52.26145249999999
 30
0.0
 10
437.2708072222222
 20
52.93173027777778
 30
0.0
 10
437.2708072222222
 20
53.75017472222223
 30
0.0
 10
437.2708072222222
 20
54.56038768518518
 30
0.0
 10
437.2708072222222
 20
55.37060064814815
 30
0.0
 10
437.2708072222222
 20
56.18081361111111
 30
0.0
 10
437.2708072222222
 20
56.99925805555555
 30
0.0
 10
436.5970016666666
 20
57.66600805555556
 30
0.0
 10
435.7785572222222
 20
57.66600805555556
 30
0.0
 10
435.7785572222222
 20
62.76364694444444
 30
0.0
 10
434.7096405555556
 20
67.78720249999999
 30
0.0
 10
434.7096405555556
 20
76.15509138888889
 30
0.0
 10
434.7096405555556
 20
77.04056361111111
 30
0.0
 10
436.0854738888888
 20
78.22942472222222
 30
0.0
 10
437.3096127777777
 20
79.45003583333333
 30
0.0
 10
438.5655016666666
 20
80.70592472222222
 30
0.0
 10
439.2604738888888
 20
81.34092472222221
 30
0.0
 10
440.100085
 20
81.34092472222221
 30
0.0
 10
443.0881127777777
 20
81.34092472222221
 30
0.0
 10
446.0761405555555
 20
81.34092472222221
 30
0.0
 10
449.0641683333333
 20
81.34092472222221
 30
0.0
 10
449.7979461111111
 20
81.34092472222221
 30
0.0
 10
449.9531683333333
 20
79.4394525
 30
0.0
 10
449.0288905555555
 20
78.95261916666666
 30
0.0
 10
448.0975572222222
 20
78.46578583333333
 30
0.0
 10
448.6514183333333
 20
77.90486916666667
 30
0.0
 10
450.1542516666667
 20
77.17461916666666
 30
0.0
 10
451.6606127777778
 20
76.44084138888888
 30
0.0
 10
452.7930294444444
 20
75.7882025
 30
0.0
 10
454.5322238888888
 20
77.42861916666666
 30
0.0
 10
456.2678905555555
 20
79.06550805555555
 30
0.0
 10
456.5007238888889
 20
79.72873027777777
 30
0.0
 10
456.5007238888889
 20
80.73767472222222
 30
0.0
 10
456.5007238888889
 20
81.74661916666666
 30
0.0
 10
457.1815849999999
 20
82.64267472222222
 30
0.0
 10
458.1975849999999
 20
82.64267472222222
 30
0.0
 10
459.9861683333333
 20
82.64267472222222
 30
0.0
 10
461.4325572222222
 20
84.08906361111111
 30
0.0
 10
461.4325572222222
 20
85.87411916666666
 30
0.0
 10
461.4325572222222
 20
87.65917472222222
 30
0.0
 10
459.9861683333333
 20
89.10556361111111
 30
0.0
 10
458.1975849999999
 20
89.10556361111111
 30
0.0
  0
SPLINE
  5
169
330
1F
100
AcDbEntity
  8
DEFAULT
 62
     1
100
AcDbSpline
210
0.0
220
0.0
230
1.0
 70
    11
 71
     3
 72
    17
 73
    13
 74
     0
 42
0.000000001
 43
0.0000000001
 40
1.0
 40
1.0
 40
1.0
 40
1.0
 40
2.0
 40
2.0
 40
2.0
 40
3.0
 40
3.0
 40
3.0
 40
4.0
 40
4.0
 40
4.0
 40
5.0
 40
5.0
 40
5.0
 40
5.0
 10
400.634835
 20
84.46653583333332
 30
0.0
 10
399.8234461111111
 20
84.46653583333332
 30
0.0
 10
399.1602238888889
 20
85.12623027777778
 30
0.0
 10
399.1602238888889
 20
85.94114694444444
 30
0.0
 10
399.1602238888889
 20
86.75253583333333
 30
0.0
 10
399.8234461111111
 20
87.41223027777777
 30
0.0
 10
400.634835
 20
87.41223027777777
 30
0.0
 10
401.4462238888889
 20
87.41223027777777
 30
0.0
 10
402.1059183333333
 20
86.75253583333333
 30
0.0
 10
402.1059183333333
 20
85.94114694444444
 30
0.0
 10
402.1059183333333
 20
85.12623027777778
 30
0.0
 10
401.4462238888889
 20
84.46653583333332
 30
0.0
 10
400.634835
 20
84.46653583333332
 30
0.0
  0
SPLINE
  5
16A
330
1F
100
AcDbEntity
  8
DEFAULT
 62
     1
100
AcDbSpline
210
0.0
220
0.0
230
1.0
 70
    11
 71
     3
 72
    17
 73
    13
 74
     0
 42
0.000000001
 43
0.0000000001
 40
1.0
 40
1.0
 40
1.0
 40
1.0
 40
2.0
 40
2.0
 40
2.0
 40
3.0
 40
3.0
 40
3.0
 40
4.0
 40
4.0
 40
4.0
 40
5.0
 40
5.0
 40
5.0
 40
5.0
 10
406.3357238888889
 20
92.13945249999999
 30
0.0
 10
407.0130572222222
 20
92.13945249999999
 30
0.0
 10
407.5598627777778
 20
91.59264694444444
 30
0.0
 10
407.5598627777778
 20
90.91531361111112
 30
0.0
 10
407.5598627777778
 20
90.24150805555556
 30
0.0
 10
407.0130572222222
 20
89.69470249999999
 30
0.0
 10
406.3357238888889
 20
89.69470249999999
 30
0.0
 10
405.6619183333333
 20
89.69470249999999
 30
0.0
 10
405.1151127777778
 20
90.24150805555556
 30
0.0
 10
405.1151127777778
 20
90.91531361111112
 30
0.0
 10
405.1151127777778
 20
91.59264694444444
 30
0.0
 10
405.6619183333333
 20
92.13945249999999
 30
0.0
 10
406.3357238888889
 20
92.13945249999999
 30
0.0
  0
SPLINE
  5
16B
330
1F
100
AcDbEntity
  8
DEFAULT
 62
     1
100
AcDbSpline
210
0.0
220
0.0
230
1.0
 70
    11
 71
     3
 72
    17
 73
    13
 74
     0
 42
0.000000001
 43
0.0000000001
 40
1.0
 40
1.0
 40
1.0
 40
1.0
 40
2.0
 40
2.0
 40
2.0
 40
3.0
 40
3.0
 40
3.0
 40
4.0
 40
4.0
 40
4.0
 40
5.0
 40
5.0
 40
5.0
 40
5.0
 10
406.3357238888889
 20
79.89453583333332
 30
0.0
 10
405.6619183333333
 20
79.89453583333332
 30
0.0
 10
405.1151127777778
 20
80.44134138888889
 30
0.0
 10
405.1151127777778
 20
81.11514694444445
 30
0.0
 10
405.1151127777778
 20
81.7889525
 30
0.0
 10
405.6619183333333
 20
82.33928583333334
 30
0.0
 10
406.3357238888889
 20
82.33928583333334
 30
0.0
 10
407.0130572222222
 20
82.33928583333334
 30
0.0
 10
407.5598627777778
 20
81.7889525
 30
0.0
 10
407.5598627777778
 20
81.11514694444445
 30
0.0
 10
407.5598627777778
 20
80.44134138888889
 30
0.0
 10
407.0130572222222
 20
79.89453583333332
 30
0.0
 10
406.3357238888889
 20
79.89453583333332
 30
0.0
  0
SPLINE
  5
16C
330
1F
100
AcDbEntity
  8
DEFAULT
 62
     1
100
AcDbSpline
210
0.0
220
0.0
230
1.0
 70
    11
 71
     3
 72
    17
 73
    13
 74
     0
 42
0.000000001
 43
0.0000000001
 40
1.0
 40
1.0
 40
1.0
 40
1.0
 40
2.0
 40
2.0
 40
2.0
 40
3.0
 40
3.0
 40
3.0
 40
4.0
 40
4.0
 40
4.0
 40
5.0
 40
5.0
 40
5.0
 40
5.0
 10
409.5001405555556
 20
84.71700805555555
 30
0.0
 10
408.0114183333333
 20
84.71700805555555
 30
0.0
 10
406.8049183333333
 20
85.2673413888889
 30
0.0
 10
406.8049183333333
 20
85.94114694444444
 30
0.0
 10
406.8049183333333
 20
86.61848027777778
 30
0.0
 10
408.0114183333333
 20
87.16528583333333
 30
0.0
 10
409.5001405555556
 20
87.16528583333333
 30
0.0
 10
410.9923905555556
 20
87.16528583333333
 30
0.0
 10
412.2024183333332
 20
86.61848027777778
 30
0.0
 10
412.2024183333332
 20
85.94114694444444
 30
0.0
 10
412.2024183333332
 20
85.2673413888889
 30
0.0
 10
410.9923905555556
 20
84.71700805555555
 30
0.0
 10
409.5001405555556
 20
84.71700805555555
 30
0.0
  0
SPLINE
  5
16D
330
1F
100
AcDbEntity
  8
DEFAULT
 62
     1
100
AcDbSpline
210
0.0
220
0.0
230
1.0
 70
    11
 71
     3
 72
    17
 73
    13
 74
     0
 42
0.000000001
 43
0.0000000001
 40
1.0
 40
1.0
 40
1.0
 40
1.0
 40
2.0
 40
2.0
 40
2.0
 40
3.0
 40
3.0
 40
3.0
 40
4.0
 40
4.0
 40
4.0
 40
5.0
 40
5.0
 40
5.0
 40
5.0
 10
417.8962516666666
 20
83.80684138888888
 30
0.0
 10
417.3600294444444
 20
83.80684138888888
 30
0.0
 10
416.9296405555555
 20
84.76286916666666
 30
0.0
 10
416.9296405555555
 20
85.94114694444444
 30
0.0
 10
416.9296405555555
 20
87.11942472222222
 30
0.0
 10
417.3600294444444
 20
88.07192472222222
 30
0.0
 10
417.8962516666666
 20
88.07192472222222
 30
0.0
 10
418.4289461111111
 20
88.07192472222222
 30
0.0
 10
418.8628627777778
 20
87.11942472222222
 30
0.0
 10
418.8628627777778
 20
85.94114694444444
 30
0.0
 10
418.8628627777778
 20
84.76286916666666
 30
0.0
 10
418.4289461111111
 20
83.80684138888888
 30
0.0
 10
417.8962516666666
 20
83.80684138888888
 30
0.0
  0
SPLINE
  5
16E
330
1F
100
AcDbEntity
  8
DEFAULT
 62
     1
100
AcDbSpline
210
0.0
220
0.0
230
1.0
 70
    11
 71
     3
 72
    17
 73
    13
 74
     0
 42
0.000000001
 43
0.0000000001
 40
1.0
 40
1.0
 40
1.0
 40
1.0
 40
2.0
 40
2.0
 40
2.0
 40
3.0
 40
3.0
 40
3.0
 40
4.0
 40
4.0
 40
4.0
 40
5.0
 40
5.0
 40
5.0
 40
5.0
 10
423.367835
 20
110.2687025
 30
0.0
 10
422.6940294444444
 20
110.2687025
 30
0.0
 10
422.1472238888888
 20
110.8155080555556
 30
0.0
 10
422.1472238888888
 20
111.4893136111111
 30
0.0
 10
422.1472238888888
 20
112.1666469444444
 30
0.0
 10
422.6940294444444
 20
112.7134525
 30
0.0
 10
423.367835
 20
112.7134525
 30
0.0
 10
424.0451683333333
 20
112.7134525
 30
0.0
 10
424.5955016666666
 20
112.1666469444444
 30
0.0
 10
424.5955016666666
 20
111.4893136111111
 30
0.0
 10
424.5955016666666
 20
110.8155080555556
 30
0.0
 10
424.0451683333333
 20
110.2687025
 30
0.0
 10
423.367835
 20
110.2687025
 30
0.0
  0
SPLINE
  5
16F
330
1F
100
AcDbEntity
  8
DEFAULT
 62
     1
100
AcDbSpline
210
0.0
220
0.0
230
1.0
 70
    11
 71
     3
 72
    17
 73
    13
 74
     0
 42
0.000000001
 43
0.0000000001
 40
1.0
 40
1.0
 40
1.0
 40
1.0
 40
2.0
 40
2.0
 40
2.0
 40
3.0
 40
3.0
 40
3.0
 40
4.0
 40
4.0
 40
4.0
 40
5.0
 40
5.0
 40
5.0
 40
5.0
 10
424.5002516666667
 20
79.89453583333332
 30
0.0
 10
423.8229183333333
 20
79.89453583333332
 30
0.0
 10
423.2761127777778
 20
80.44134138888889
 30
0.0
 10
423.2761127777778
 20
81.11514694444445
 30
0.0
 10
423.2761127777778
 20
81.7889525
 30
0.0
 10
423.8229183333333
 20
82.33928583333334
 30
0.0
 10
424.5002516666667
 20
82.33928583333334
 30
0.0
 10
425.1740572222222
 20
82.33928583333334
 30
0.0
 10
425.7208627777778
 20
81.7889525
 30
0.0
 10
425.7208627777778
 20
81.11514694444445
 30
0.0
 10
425.7208627777778
 20
80.44134138888889
 30
0.0
 10
425.1740572222222
 20
79.89453583333332
 30
0.0
 10
424.5002516666667
 20
79.89453583333332
 30
0.0
  0
SPLINE
  5
170
330
1F
100
AcDbEntity
  8
DEFAULT
 62
     1
100
AcDbSpline
210
0.0
220
0.0
230
1.0
 70
    11
 71
     3
 72
    17
 73
    13
 74
     0
 42
0.000000001
 43
0.0000000001
 40
1.0
 40
1.0
 40
1.0
 40
1.0
 40
2.0
 40
2.0
 40
2.0
 40
3.0
 40
3.0
 40
3.0
 40
4.0
 40
4.0
 40
4.0
 40
5.0
 40
5.0
 40
5.0
 40
5.0
 10
424.5002516666667
 20
89.69470249999999
 30
0.0
 10
423.8229183333333
 20
89.69470249999999
 30
0.0
 10
423.2761127777778
 20
90.24150805555556
 30
0.0
 10
423.2761127777778
 20
90.91531361111112
 30
0.0
 10
423.2761127777778
 20
91.59264694444444
 30
0.0
 10
423.8229183333333
 20
92.13945249999999
 30
0.0
 10
424.5002516666667
 20
92.13945249999999
 30
0.0
 10
425.1740572222222
 20
92.13945249999999
 30
0.0
 10
425.7208627777778
 20
91.59264694444444
 30
0.0
 10
425.7208627777778
 20
90.91531361111112
 30
0.0
 10
425.7208627777778
 20
90.24150805555556
 30
0.0
 10
425.1740572222222
 20
89.69470249999999
 30
0.0
 10
424.5002516666667
 20
89.69470249999999
 30
0.0
  0
SPLINE
  5
171
330
1F
100
AcDbEntity
  8
DEFAULT
 62
     1
100
AcDbSpline
210
0.0
220
0.0
230
1.0
 70
    11
 71
     3
 72
    17
 73
    13
 74
     0
 42
0.000000001
 43
0.0000000001
 40
1.0
 40
1.0
 40
1.0
 40
1.0
 40
2.0
 40
2.0
 40
2.0
 40
3.0
 40
3.0
 40
3.0
 40
4.0
 40
4.0
 40
4.0
 40
5.0
 40
5.0
 40
5.0
 40
5.0
 10
429.4179738888889
 20
118.3402580555555
 30
0.0
 10
430.2293627777777
 20
118.3402580555555
 30
0.0
 10
430.8890572222222
 20
117.6840913888889
 30
0.0
 10
430.8890572222222
 20
116.8691747222222
 30
0.0
 10
430.8890572222222
 20
116.0542580555556
 30
0.0
 10
430.2293627777777
 20
115.3945636111111
 30
0.0
 10
429.4179738888889
 20
115.3945636111111
 30
0.0
 10
428.6065849999999
 20
115.3945636111111
 30
0.0
 10
427.9468905555555
 20
116.0542580555556
 30
0.0
 10
427.9468905555555
 20
116.8691747222222
 30
0.0
 10
427.9468905555555
 20
117.6840913888889
 30
0.0
 10
428.6065849999999
 20
118.3402580555555
 30
0.0
 10
429.4179738888889
 20
118.3402580555555
 30
0.0
  0
SPLINE
  5
172
330
1F
100
AcDbEntity
  8
DEFAULT
 62
     1
100
AcDbSpline
210
0.0
220
0.0
230
1.0
 70
    11
 71
     3
 72
    17
 73
    13
 74
     0
 42
0.000000001
 43
0.0000000001
 40
1.0
 40
1.0
 40
1.0
 40
1.0
 40
2.0
 40
2.0
 40
2.0
 40
3.0
 40
3.0
 40
3.0
 40
4.0
 40
4.0
 40
4.0
 40
5.0
 40
5.0
 40
5.0
 40
5.0
 10
429.4179738888889
 20
109.4149802777778
 30
0.0
 10
430.2858072222222
 20
109.4149802777778
 30
0.0
 10
430.9948905555556
 20
107.8557025
 30
0.0
 10
430.9948905555556
 20
105.9365913888889
 30
0.0
 10
430.9948905555556
 20
104.0139525
 30
0.0
 10
430.2858072222222
 20
102.4582025
 30
0.0
 10
429.4179738888889
 20
102.4582025
 30
0.0
 10
428.5466127777777
 20
102.4582025
 30
0.0
 10
427.8410572222222
 20
104.0139525
 30
0.0
 10
427.8410572222222
 20
105.9365913888889
 30
0.0
 10
427.8410572222222
 20
107.8557025
 30
0.0
 10
428.5466127777777
 20
109.4149802777778
 30
0.0
 10
429.4179738888889
 20
109.4149802777778
 30
0.0
  0
SPLINE
  5
173
330
1F
100
AcDbEntity
  8
DEFAULT
 62
     1
100
AcDbSpline
210
0.0
220
0.0
230
1.0
 70
    11
 71
     3
 72
    17
 73
    13
 74
     0
 42
0.000000001
 43
0.0000000001
 40
1.0
 40
1.0
 40
1.0
 40
1.0
 40
2.0
 40
2.0
 40
2.0
 40
3.0
 40
3.0
 40
3.0
 40
4.0
 40
4.0
 40
4.0
 40
5.0
 40
5.0
 40
5.0
 40
5.0
 10
429.4179738888889
 20
46.18661916666667
 30
0.0
 10
428.7406405555555
 20
46.18661916666667
 30
0.0
 10
428.193835
 20
46.7369525
 30
0.0
 10
428.193835
 20
47.41075805555555
 30
0.0
 10
428.193835
 20
48.08456361111111
 30
0.0
 10
428.7406405555555
 20
48.63489694444445
 30
0.0
 10
429.4179738888889
 20
48.63489694444445
 30
0.0
 10
430.0917794444444
 20
48.63489694444445
 30
0.0
 10
430.638585
 20
48.08456361111111
 30
0.0
 10
430.638585
 20
47.41075805555555
 30
0.0
 10
430.638585
 20
46.7369525
 30
0.0
 10
430.0917794444444
 20
46.18661916666667
 30
0.0
 10
429.4179738888889
 20
46.18661916666667
 30
0.0
  0
SPLINE
  5
174
330
1F
100
AcDbEntity
  8
DEFAULT
 62
     1
100
AcDbSpline
210
0.0
220
0.0
230
1.0
 70
    11
 71
     3
 72
    17
 73
    13
 74
     0
 42
0.000000001
 43
0.0000000001
 40
1.0
 40
1.0
 40
1.0
 40
1.0
 40
2.0
 40
2.0
 40
2.0
 40
3.0
 40
3.0
 40
3.0
 40
4.0
 40
4.0
 40
4.0
 40
5.0
 40
5.0
 40
5.0
 40
5.0
 10
429.4179738888889
 20
53.9759525
 30
0.0
 10
427.9257238888889
 20
53.9759525
 30
0.0
 10
426.7192238888888
 20
54.52275805555556
 30
0.0
 10
426.7192238888888
 20
55.19656361111111
 30
0.0
 10
426.7192238888888
 20
55.87389694444444
 30
0.0
 10
427.9257238888889
 20
56.4207025
 30
0.0
 10
429.4179738888889
 20
56.4207025
 30
0.0
 10
430.9066961111111
 20
56.4207025
 30
0.0
 10
432.1131961111111
 20
55.87389694444444
 30
0.0
 10
432.1131961111111
 20
55.19656361111111
 30
0.0
 10
432.1131961111111
 20
54.52275805555556
 30
0.0
 10
430.9066961111111
 20
53.9759525
 30
0.0
 10
429.4179738888889
 20
53.9759525
 30
0.0
  0
SPLINE
  5
175
330
1F
100
AcDbEntity
  8
DEFAULT
 62
     1
100
AcDbSpline
210
0.0
220
0.0
230
1.0
 70
    11
 71
     3
 72
    17
 73
    13
 74
     0
 42
0.000000001
 43
0.0000000001
 40
1.0
 40
1.0
 40
1.0
 40
1.0
 40
2.0
 40
2.0
 40
2.0
 40
3.0
 40
3.0
 40
3.0
 40
4.0
 40
4.0
 40
4.0
 40
5.0
 40
5.0
 40
5.0
 40
5.0
 10
429.4179738888889
 20
67.06753583333334
 30
0.0
 10
430.2858072222222
 20
67.06753583333334
 30
0.0
 10
430.9948905555556
 20
65.50825805555554
 30
0.0
 10
430.9948905555556
 20
63.58914694444444
 30
0.0
 10
430.9948905555556
 20
61.66650805555555
 30
0.0
 10
430.2858072222222
 20
60.11075805555555
 30
0.0
 10
429.4179738888889
 20
60.11075805555555
 30
0.0
 10
428.5466127777777
 20
60.11075805555555
 30
0.0
 10
427.8410572222222
 20
61.66650805555555
 30
0.0
 10
427.8410572222222
 20
63.58914694444444
 30
0.0
 10
427.8410572222222
 20
65.50825805555554
 30
0.0
 10
428.5466127777777
 20
67.06753583333334
 30
0.0
 10
429.4179738888889
 20
67.06753583333334
 30
0.0
  0
SPLINE
  5
176
330
1F
100
AcDbEntity
  8
DEFAULT
 62
     1
100
AcDbSpline
210
0.0
220
0.0
230
1.0
 70
    11
 71
     3
 72
    17
 73
    13
 74
     0
 42
0.000000001
 43
0.0000000001
 40
1.0
 40
1.0
 40
1.0
 40
1.0
 40
2.0
 40
2.0
 40
2.0
 40
3.0
 40
3.0
 40
3.0
 40
4.0
 40
4.0
 40
4.0
 40
5.0
 40
5.0
 40
5.0
 40
5.0
 10
428.193835
 20
73.35050805555555
 30
0.0
 10
428.193835
 20
74.02784138888889
 30
0.0
 10
428.7406405555555
 20
74.57464694444444
 30
0.0
 10
429.4179738888889
 20
74.57464694444444
 30
0.0
 10
430.0917794444444
 20
74.57464694444444
 30
0.0
 10
430.638585
 20
74.02784138888889
 30
0.0
 10
430.638585
 20
73.35050805555555
 30
0.0
 10
430.638585
 20
72.67670249999999
 30
0.0
 10
430.0917794444444
 20
72.12636916666666
 30
0.0
 10
429.4179738888889
 20
72.12636916666666
 30
0.0
 10
428.7406405555555
 20
72.12636916666666
 30
0.0
 10
428.193835
 20
72.67670249999999
 30
0.0
 10
428.193835
 20
73.35050805555555
 30
0.0
  0
SPLINE
  5
177
330
1F
100
AcDbEntity
  8
DEFAULT
 62
     1
100
AcDbSpline
210
0.0
220
0.0
230
1.0
 70
    11
 71
     3
 72
    17
 73
    13
 74
     0
 42
0.000000001
 43
0.0000000001
 40
1.0
 40
1.0
 40
1.0
 40
1.0
 40
2.0
 40
2.0
 40
2.0
 40
3.0
 40
3.0
 40
3.0
 40
4.0
 40
4.0
 40
4.0
 40
5.0
 40
5.0
 40
5.0
 40
5.0
 10
429.4179738888889
 20
81.25273027777777
 30
0.0
 10
427.9962794444444
 20
81.25273027777777
 30
0.0
 10
426.842696111111
 20
83.14009138888889
 30
0.0
 10
426.842696111111
 20
85.4719525
 30
0.0
 10
426.842696111111
 20
87.80381361111111
 30
0.0
 10
427.9962794444444
 20
89.69470249999999
 30
0.0
 10
429.4179738888889
 20
89.69470249999999
 30
0.0
 10
430.8396683333333
 20
89.69470249999999
 30
0.0
 10
431.9897238888889
 20
87.80381361111111
 30
0.0
 10
431.9897238888889
 20
85.4719525
 30
0.0
 10
431.9897238888889
 20
83.14009138888889
 30
0.0
 10
430.8396683333333
 20
81.25273027777777
 30
0.0
 10
429.4179738888889
 20
81.25273027777777
 30
0.0
  0
SPLINE
  5
178
330
1F
100
AcDbEntity
  8
DEFAULT
 62
     1
100
AcDbSpline
210
0.0
220
0.0
230
1.0
 70
    11
 71
     3
 72
    17
 73
    13
 74
     0
 42
0.000000001
 43
0.0000000001
 40
1.0
 40
1.0
 40
1.0
 40
1.0
 40
2.0
 40
2.0
 40
2.0
 40
3.0
 40
3.0
 40
3.0
 40
4.0
 40
4.0
 40
4.0
 40
5.0
 40
5.0
 40
5.0
 40
5.0
 10
429.4179738888889
 20
96.32339694444444
 30
0.0
 10
427.9257238888889
 20
96.32339694444444
 30
0.0
 10
426.7192238888888
 20
96.8702025
 30
0.0
 10
426.7192238888888
 20
97.54400805555555
 30
0.0
 10
426.7192238888888
 20
98.22134138888889
 30
0.0
 10
427.9257238888889
 20
98.76814694444445
 30
0.0
 10
429.4179738888889
 20
98.76814694444445
 30
0.0
 10
430.9066961111111
 20
98.76814694444445
 30
0.0
 10
432.1131961111111
 20
98.22134138888889
 30
0.0
 10
432.1131961111111
 20
97.54400805555555
 30
0.0
 10
432.1131961111111
 20
96.8702025
 30
0.0
 10
430.9066961111111
 20
96.32339694444444
 30
0.0
 10
429.4179738888889
 20
96.32339694444444
 30
0.0
  0
SPLINE
  5
179
330
1F
100
AcDbEntity
  8
DEFAULT
 62
     1
100
AcDbSpline
210
0.0
220
0.0
230
1.0
 70
    11
 71
     3
 72
    17
 73
    13
 74
     0
 42
0.000000001
 43
0.0000000001
 40
1.0
 40
1.0
 40
1.0
 40
1.0
 40
2.0
 40
2.0
 40
2.0
 40
3.0
 40
3.0
 40
3.0
 40
4.0
 40
4.0
 40
4.0
 40
5.0
 40
5.0
 40
5.0
 40
5.0
 10
435.4645849999999
 20
112.7134525
 30
0.0
 10
436.1419183333333
 20
112.7134525
 30
0.0
 10
436.6887238888888
 20
112.1666469444444
 30
0.0
 10
436.6887238888888
 20
111.4893136111111
 30
0.0
 10
436.6887238888888
 20
110.8155080555556
 30
0.0
 10
436.1419183333333
 20
110.2687025
 30
0.0
 10
435.4645849999999
 20
110.2687025
 30
0.0
 10
434.7907794444445
 20
110.2687025
 30
0.0
 10
434.2404461111111
 20
110.8155080555556
 30
0.0
 10
434.2404461111111
 20
111.4893136111111
 30
0.0
 10
434.2404461111111
 20
112.1666469444444
 30
0.0
 10
434.7907794444445
 20
112.7134525
 30
0.0
 10
435.4645849999999
 20
112.7134525
 30
0.0
  0
SPLINE
  5
17A
330
1F
100
AcDbEntity
  8
DEFAULT
 62
     1
100
AcDbSpline
210
0.0
220
0.0
230
1.0
 70
    11
 71
     3
 72
    17
 73
    13
 74
     0
 42
0.000000001
 43
0.0000000001
 40
1.0
 40
1.0
 40
1.0
 40
1.0
 40
2.0
 40
2.0
 40
2.0
 40
3.0
 40
3.0
 40
3.0
 40
4.0
 40
4.0
 40
4.0
 40
5.0
 40
5.0
 40
5.0
 40
5.0
 10
434.335696111111
 20
79.89453583333332
 30
0.0
 10
433.6583627777778
 20
79.89453583333332
 30
0.0
 10
433.1115572222222
 20
80.44134138888889
 30
0.0
 10
433.1115572222222
 20
81.11514694444445
 30
0.0
 10
433.1115572222222
 20
81.7889525
 30
0.0
 10
433.6583627777778
 20
82.33928583333334
 30
0.0
 10
434.335696111111
 20
82.33928583333334
 30
0.0
 10
435.0095016666666
 20
82.33928583333334
 30
0.0
 10
435.5563072222222
 20
81.7889525
 30
0.0
 10
435.5563072222222
 20
81.11514694444445
 30
0.0
 10
435.5563072222222
 20
80.44134138888889
 30
0.0
 10
435.0095016666666
 20
79.89453583333332
 30
0.0
 10
434.335696111111
 20
79.89453583333332
 30
0.0
  0
SPLINE
  5
17B
330
1F
100
AcDbEntity
  8
DEFAULT
 62
     1
100
AcDbSpline
210
0.0
220
0.0
230
1.0
 70
    11
 71
     3
 72
    17
 73
    13
 74
     0
 42
0.000000001
 43
0.0000000001
 40
1.0
 40
1.0
 40
1.0
 40
1.0
 40
2.0
 40
2.0
 40
2.0
 40
3.0
 40
3.0
 40
3.0
 40
4.0
 40
4.0
 40
4.0
 40
5.0
 40
5.0
 40
5.0
 40
5.0
 10
434.335696111111
 20
89.69470249999999
 30
0.0
 10
433.6583627777778
 20
89.69470249999999
 30
0.0
 10
433.1115572222222
 20
90.24150805555556
 30
0.0
 10
433.1115572222222
 20
90.91531361111112
 30
0.0
 10
433.1115572222222
 20
91.59264694444444
 30
0.0
 10
433.6583627777778
 20
92.13945249999999
 30
0.0
 10
434.335696111111
 20
92.13945249999999
 30
0.0
 10
435.0095016666666
 20
92.13945249999999
 30
0.0
 10
435.5563072222222
 20
91.59264694444444
 30
0.0
 10
435.5563072222222
 20
90.91531361111112
 30
0.0
 10
435.5563072222222
 20
90.24150805555556
 30
0.0
 10
435.0095016666666
 20
89.69470249999999
 30
0.0
 10
434.335696111111
 20
89.69470249999999
 30
0.0
  0
SPLINE
  5
17C
330
1F
100
AcDbEntity
  8
DEFAULT
 62
     1
100
AcDbSpline
210
0.0
220
0.0
230
1.0
 70
    11
 71
     3
 72
    17
 73
    13
 74
     0
 42
0.000000001
 43
0.0000000001
 40
1.0
 40
1.0
 40
1.0
 40
1.0
 40
2.0
 40
2.0
 40
2.0
 40
3.0
 40
3.0
 40
3.0
 40
4.0
 40
4.0
 40
4.0
 40
5.0
 40
5.0
 40
5.0
 40
5.0
 10
440.9396961111111
 20
83.80684138888888
 30
0.0
 10
440.4070016666666
 20
83.80684138888888
 30
0.0
 10
439.9730849999999
 20
84.76286916666666
 30
0.0
 10
439.9730849999999
 20
85.94114694444444
 30
0.0
 10
439.9730849999999
 20
87.11942472222222
 30
0.0
 10
440.4070016666666
 20
88.07192472222222
 30
0.0
 10
440.9396961111111
 20
88.07192472222222
 30
0.0
 10
441.4723905555555
 20
88.07192472222222
 30
0.0
 10
441.9027794444444
 20
87.11942472222222
 30
0.0
 10
441.9027794444444
 20
85.94114694444444
 30
0.0
 10
441.9027794444444
 20
84.76286916666666
 30
0.0
 10
441.4723905555555
 20
83.80684138888888
 30
0.0
 10
440.9396961111111
 20
83.80684138888888
 30
0.0
  0
SPLINE
  5
17D
330
1F
100
AcDbEntity
  8
DEFAULT
 62
     1
100
AcDbSpline
210
0.0
220
0.0
230
1.0
 70
    11
 71
     3
 72
    17
 73
    13
 74
     0
 42
0.000000001
 43
0.0000000001
 40
1.0
 40
1.0
 40
1.0
 40
1.0
 40
2.0
 40
2.0
 40
2.0
 40
3.0
 40
3.0
 40
3.0
 40
4.0
 40
4.0
 40
4.0
 40
5.0
 40
5.0
 40
5.0
 40
5.0
 10
449.3322794444444
 20
84.71700805555555
 30
0.0
 10
447.8435572222222
 20
84.71700805555555
 30
0.0
 10
446.6335294444444
 20
85.2673413888889
 30
0.0
 10
446.6335294444444
 20
85.94114694444444
 30
0.0
 10
446.6335294444444
 20
86.61848027777778
 30
0.0
 10
447.8435572222222
 20
87.16528583333333
 30
0.0
 10
449.3322794444444
 20
87.16528583333333
 30
0.0
 10
450.8210016666666
 20
87.16528583333333
 30
0.0
 10
452.0310294444444
 20
86.61848027777778
 30
0.0
 10
452.0310294444444
 20
85.94114694444444
 30
0.0
 10
452.0310294444444
 20
85.2673413888889
 30
0.0
 10
450.8210016666666
 20
84.71700805555555
 30
0.0
 10
449.3322794444444
 20
84.71700805555555
 30
0.0
  0
SPLINE
  5
17E
330
1F
100
AcDbEntity
  8
DEFAULT
 62
     1
100
AcDbSpline
210
0.0
220
0.0
230
1.0
 70
    11
 71
     3
 72
    17
 73
    13
 74
     0
 42
0.000000001
 43
0.0000000001
 40
1.0
 40
1.0
 40
1.0
 40
1.0
 40
2.0
 40
2.0
 40
2.0
 40
3.0
 40
3.0
 40
3.0
 40
4.0
 40
4.0
 40
4.0
 40
5.0
 40
5.0
 40
5.0
 40
5.0
 10
452.4966961111111
 20
79.89453583333332
 30
0.0
 10
451.8228905555555
 20
79.89453583333332
 30
0.0
 10
451.276085
 20
80.44134138888889
 30
0.0
 10
451.276085
 20
81.11514694444445
 30
0.0
 10
451.276085
 20
81.7889525
 30
0.0
 10
451.8228905555555
 20
82.33928583333334
 30
0.0
 10
452.4966961111111
 20
82.33928583333334
 30
0.0
 10
453.1740294444444
 20
82.33928583333334
 30
0.0
 10
453.720835
 20
81.7889525
 30
0.0
 10
453.720835
 20
81.11514694444445
 30
0.0
 10
453.720835
 20
80.44134138888889
 30
0.0
 10
453.1740294444444
 20
79.89453583333332
 30
0.0
 10
452.4966961111111
 20
79.89453583333332
 30
0.0
  0
SPLINE
  5
17F
330
1F
100
AcDbEntity
  8
DEFAULT
 62
     1
100
AcDbSpline
210
0.0
220
0.0
230
1.0
 70
    11
 71
     3
 72
    17
 73
    13
 74
     0
 42
0.000000001
 43
0.0000000001
 40
1.0
 40
1.0
 40
1.0
 40
1.0
 40
2.0
 40
2.0
 40
2.0
 40
3.0
 40
3.0
 40
3.0
 40
4.0
 40
4.0
 40
4.0
 40
5.0
 40
5.0
 40
5.0
 40
5.0
 10
452.4966961111111
 20
89.69470249999999
 30
0.0
 10
451.8228905555555
 20
89.69470249999999
 30
0.0
 10
451.276085
 20
90.24150805555556
 30
0.0
 10
451.276085
 20
90.91531361111112
 30
0.0
 10
451.276085
 20
91.59264694444444
 30
0.0
 10
451.8228905555555
 20
92.13945249999999
 30
0.0
 10
452.4966961111111
 20
92.13945249999999
 30
0.0
 10
453.1740294444444
 20
92.13945249999999
 30
0.0
 10
453.720835
 20
91.59264694444444
 30
0.0
 10
453.720835
 20
90.91531361111112
 30
0.0
 10
453.720835
 20
90.24150805555556
 30
0.0
 10
453.1740294444444
 20
89.69470249999999
 30
0.0
 10
452.4966961111111
 20
89.69470249999999
 30
0.0
  0
SPLINE
  5
180
330
1F
100
AcDbEntity
  8
DEFAULT
 62
     1
100
AcDbSpline
210
0.0
220
0.0
230
1.0
 70
    11
 71
     3
 72
    17
 73
    13
 74
     0
 42
0.000000001
 43
0.0000000001
 40
1.0
 40
1.0
 40
1.0
 40
1.0
 40
2.0
 40
2.0
 40
2.0
 40
3.0
 40
3.0
 40
3.0
 40
4.0
 40
4.0
 40
4.0
 40
5.0
 40
5.0
 40
5.0
 40
5.0
 10
458.1975849999999
 20
84.46653583333332
 30
0.0
 10
457.3861961111111
 20
84.46653583333332
 30
0.0
 10
456.7300294444444
 20
85.12623027777778
 30
0.0
 10
456.7300294444444
 20
85.94114694444444
 30
0.0
 10
456.7300294444444
 20
86.75253583333333
 30
0.0
 10
457.3861961111111
 20
87.41223027777777
 30
0.0
 10
458.1975849999999
 20
87.41223027777777
 30
0.0
 10
459.0125016666666
 20
87.41223027777777
 30
0.0
 10
459.6721961111111
 20
86.75253583333333
 30
0.0
 10
459.6721961111111
 20
85.94114694444444
 30
0.0
 10
459.6721961111111
 20
85.12623027777778
 30
0.0
 10
459.0125016666666
 20
84.46653583333332
 30
0.0
 10
458.1975849999999
 20
84.46653583333332
 30
0.0
  0
SPLINE
  5
181
330
1F
100
AcDbEntity
  8
DEFAULT
 62
     1
100
AcDbSpline
210
0.0
220
0.0
230
1.0
 70
    11
 71
     3
 72
   263
 73
   259
 74
     0
 42
0.000000001
 43
0.0000000001
 40
1.0
 40
1.0
 40
1.0
 40
1.0
 40
2.0
 40
2.0
 40
2.0
 40
3.0
 40
3.0
 40
3.0
 40
12.92000000000007
 40
12.92000000000007
 40
12.92000000000007
 40
21.42000000000007
 40
21.42000000000007
 40
21.42000000000007
 40
31.34000000000015
 40
31.34000000000015
 40
31.34000000000015
 40
32.34000000000015
 40
32.34000000000015
 40
32.34000000000015
 40
33.34000000000015
 40
33.34000000000015
 40
33.34000000000015
 40
34.34000000000015
 40
34.34000000000015
 40
34.34000000000015
 40
35.34000000000015
 40
35.34000000000015
 40
35.34000000000015
 40
36.34000000000015
 40
36.34000000000015
 40
36.34000000000015
 40
37.34000000000015
 40
37.34000000000015
 40
37.34000000000015
 40
38.34000000000015
 40
38.34000000000015
 40
38.34000000000015
 40
39.34000000000015
 40
39.34000000000015
 40
39.34000000000015
 40
47.84366979603534
 40
47.84366979603534
 40
47.84366979603534
 40
48.84366979603534
 40
48.84366979603534
 40
48.84366979603534
 40
49.84366979603534
 40
49.84366979603534
 40
49.84366979603534
 40
50.84366979603534
 40
50.84366979603534
 40
50.84366979603534
 40
51.84366979603534
 40
51.84366979603534
 40
51.84366979603534
 40
52.84366979603534
 40
52.84366979603534
 40
52.84366979603534
 40
53.84366979603534
 40
53.84366979603534
 40
53.84366979603534
 40
62.35072569099672
 40
62.35072569099672
 40
62.35072569099672
 40
63.35072569099672
 40
63.35072569099672
 40
63.35072569099672
 40
64.35072569099671
 40
64.35072569099671
 40
64.35072569099671
 40
65.35072569099671
 40
65.35072569099671
 40
65.35072569099671
 40
66.35072569099671
 40
66.35072569099671
 40
66.35072569099671
 40
67.35072569099671
 40
67.35072569099671
 40
67.35072569099671
 40
68.35072569099671
 40
68.35072569099671
 40
68.35072569099671
 40
76.85311359087518
 40
76.85311359087518
 40
76.85311359087518
 40
77.85311359087518
 40
77.85311359087518
 40
77.85311359087518
 40
78.85311359087518
 40
78.85311359087518
 40
78.85311359087518
 40
79.85311359087518
 40
79.85311359087518
 40
79.85311359087518
 40
80.85311359087518
 40
80.85311359087518
 40
80.85311359087518
 40
81.85311359087518
 40
81.85311359087518
 40
81.85311359087518
 40
82.85311359087518
 40
82.85311359087518
 40
82.85311359087518
 40
91.34834754880713
 40
91.34834754880713
 40
91.34834754880713
 40
92.34834754880713
 40
92.34834754880713
 40
92.34834754880713
 40
93.34834754880713
 40
93.34834754880713
 40
93.34834754880713
 40
94.34834754880713
 40
94.34834754880713
 40
94.34834754880713
 40
95.34834754880713
 40
95.34834754880713
 40
95.34834754880713
 40
96.34834754880713
 40
96.34834754880713
 40
96.34834754880713
 40
97.34834754880713
 40
97.34834754880713
 40
97.34834754880713
 40
105.8520526236555
 40
105.8520526236555
 40
105.8520526236555
 40
106.8520526236555
 40
106.8520526236555
 40
106.8520526236555
 40
107.8520526236555
 40
107.8520526236555
 40
107.8520526236555
 40
108.8520526236555
 40
108.8520526236555
 40
108.8520526236555
 40
109.8520526236555
 40
109.8520526236555
 40
109.8520526236555
 40
110.8520526236555
 40
110.8520526236555
 40
110.8520526236555
 40
111.8520526236555
 40
111.8520526236555
 40
111.8520526236555
 40
120.3598490481124
 40
120.3598490481124
 40
120.3598490481124
 40
121.3598490481124
 40
121.3598490481124
 40
121.3598490481124
 40
122.3598490481124
 40
122.3598490481124
 40
122.3598490481124
 40
123.3598490481124
 40
123.3598490481124
 40
123.3598490481124
 40
124.3598490481124
 40
124.3598490481124
 40
124.3598490481124
 40
125.3598490481124
 40
125.3598490481124
 40
125.3598490481124
 40
126.3598490481124
 40
126.3598490481124
 40
126.3598490481124
 40
134.8632189683264
 40
134.8632189683264
 40
134.8632189683264
 40
135.8632189683264
 40
135.8632189683264
 40
135.8632189683264
 40
136.8632189683264
 40
136.8632189683264
 40
136.8632189683264
 40
137.8632189683264
 40
137.8632189683264
 40
137.8632189683264
 40
138.8632189683264
 40
138.8632189683264
 40
138.8632189683264
 40
139.8632189683264
 40
139.8632189683264
 40
139.8632189683264
 40
140.8632189683264
 40
140.8632189683264
 40
140.8632189683264
 40
149.3714972900553
 40
149.3714972900553
 40
149.3714972900553
 40
150.3714972900553
 40
150.3714972900553
 40
150.3714972900553
 40
151.3714972900553
 40
151.3714972900553
 40
151.3714972900553
 40
152.3714972900553
 40
152.3714972900553
 40
152.3714972900553
 40
153.3714972900553
 40
153.3714972900553
 40
153.3714972900553
 40
154.3714972900553
 40
154.3714972900553
 40
154.3714972900553
 40
155.3714972900553
 40
155.3714972900553
 40
155.3714972900553
 40
163.8715031724062
 40
163.8715031724062
 40
163.8715031724062
 40
164.8715031724062
 40
164.8715031724062
 40
164.8715031724062
 40
165.8715031724062
 40
165.8715031724062
 40
165.8715031724062
 40
166.8715031724062
 40
166.8715031724062
 40
166.8715031724062
 40
167.8715031724062
 40
167.8715031724062
 40
167.8715031724062
 40
168.8715031724062
 40
168.8715031724062
 40
168.8715031724062
 40
169.8715031724062
 40
169.8715031724062
 40
169.8715031724062
 40
170.8715031724062
 40
170.8715031724062
 40
170.8715031724062
 40
180.7915031724063
 40
180.7915031724063
 40
180.7915031724063
 40
189.2915031724063
 40
189.2915031724063
 40
189.2915031724063
 40
199.2115031724063
 40
199.2115031724063
 40
199.2115031724063
 40
200.2115031724063
 40
200.2115031724063
 40
200.2115031724063
 40
201.2115031724063
 40
201.2115031724063
 40
201.2115031724063
 40
202.2115031724063
 40
202.2115031724063
 40
202.2115031724063
 40
203.2115031724063
 40
203.2115031724063
 40
203.2115031724063
 40
204.2115031724063
 40
204.2115031724063
 40
204.2115031724063
 40
205.2115031724063
 40
205.2115031724063
 40
205.2115031724063
 40
205.2115031724063
 10
367.2964530555555
 20
191.5352616666667
 30
0.0
 10
367.240008611111
 20
191.5352616666667
 30
0.0
 10
367.1976752777777
 20
192.3184283333333
 30
0.0
 10
367.1976752777777
 20
193.2850394444445
 30
0.0
 10
367.1976752777777
 20
194.2516505555556
 30
0.0
 10
367.2964530555555
 20
194.8619561111111
 30
0.0
 10
367.2964530555555
 20
195.0348172222222
 30
0.0
 10
367.2964530555555
 20
196.2013357407407
 30
0.0
 10
367.2964530555555
 20
197.3678542592592
 30
0.0
 10
367.2964530555555
 20
198.5343727777778
 30
0.0
 10
366.2969160185185
 20
198.5343727777778
 30
0.0
 10
365.2973789814814
 20
198.5343727777778
 30
0.0
 10
364.2978419444444
 20
198.5343727777778
 30
0.0
 10
364.2978419444444
 20
197.3678542592593
 30
0.0
 10
364.2978419444444
 20
196.2013357407407
 30
0.0
 10
364.2978419444444
 20
195.0348172222222
 30
0.0
 10
364.2978419444444
 20
194.8619561111111
 30
0.0
 10
364.3966197222222
 20
194.2516505555556
 30
0.0
 10
364.3966197222222
 20
193.2850394444445
 30
0.0
 10
364.3966197222222
 20
192.3184283333333
 30
0.0
 10
364.3507586111111
 20
191.5352616666667
 30
0.0
 10
364.2978419444444
 20
191.5352616666667
 30
0.0
 10
362.636258611111
 20
191.5352616666667
 30
0.0
 10
361.2957030555555
 20
192.8758172222222
 30
0.0
 10
361.2957030555555
 20
194.5374005555556
 30
0.0
 10
361.2957030555555
 20
201.2507616666666
 30
0.0
 10
362.6468419444444
 20
203.1487061111111
 30
0.0
 10
362.6468419444444
 20
204.849095
 30
0.0
 10
362.6468419444444
 20
206.5071505555556
 30
0.0
 10
363.9909252777778
 20
207.8477061111111
 30
0.0
 10
365.6489808333332
 20
207.8477061111111
 30
0.0
 10
365.6877863888889
 20
207.8865116666667
 30
0.0
 10
366.255758611111
 20
207.3467616666667
 30
0.0
 10
366.9189808333333
 20
206.6412061111111
 30
0.0
 10
367.5822030555555
 20
205.9356505555556
 30
0.0
 10
367.9243974999999
 20
205.4241227777778
 30
0.0
 10
368.0443419444443
 20
205.2971227777778
 30
0.0
 10
368.6440641666666
 20
204.658595
 30
0.0
 10
369.0709252777777
 20
204.2035116666667
 30
0.0
 10
369.0709252777777
 20
204.2035116666667
 30
0.0
 10
369.7999993518517
 20
204.8879005555555
 30
0.0
 10
370.5290734259258
 20
205.5722894444444
 30
0.0
 10
371.2581475
 20
206.2566783333333
 30
0.0
 10
371.1382030555555
 20
206.3872061111111
 30
0.0
 10
370.6478419444444
 20
206.7611505555555
 30
0.0
 10
369.9881475
 20
207.4667061111111
 30
0.0
 10
369.3249252777777
 20
208.1722616666667
 30
0.0
 10
368.8204530555554
 20
208.7719838888889
 30
0.0
 10
368.8627863888888
 20
208.8107894444445
 30
0.0
 10
370.8030641666666
 20
210.976845
 30
0.0
 10
373.9674808333333
 20
207.2409283333333
 30
0.0
 10
376.3628419444444
 20
204.8702616666666
 30
0.0
 10
376.4087030555555
 20
204.9020116666667
 30
0.0
 10
376.8955363888888
 20
204.2881783333333
 30
0.0
 10
377.4564530555555
 20
203.5014838888889
 30
0.0
 10
378.0138419444444
 20
202.7112616666666
 30
0.0
 10
378.2854808333333
 20
202.1574005555556
 30
0.0
 10
378.3842586111111
 20
202.0127616666667
 30
0.0
 10
378.8887308333332
 20
201.3001505555555
 30
0.0
 10
379.2520919444444
 20
200.7886227777778
 30
0.0
 10
379.2520919444444
 20
200.7886227777778
 30
0.0
 10
380.068184537037
 20
201.3671783333333
 30
0.0
 10
380.8842771296295
 20
201.9457338888889
 30
0.0
 10
381.7003697222221
 20
202.5242894444444
 30
0.0
 10
381.5980641666666
 20
202.6654005555555
 30
0.0
 10
381.1676752777777
 20
203.102845
 30
0.0
 10
380.606758611111
 20
203.8930672222222
 30
0.0
 10
380.0493697222222
 20
204.6832894444444
 30
0.0
 10
379.6330919444444
 20
205.3465116666667
 30
0.0
 10
379.6789530555554
 20
205.3782616666667
 30
0.0
 10
381.9014530555555
 20
207.2585672222222
 30
0.0
 10
384.5225919444443
 20
203.1240116666667
 30
0.0
 10
386.5651752777777
 20
200.4464283333333
 30
0.0
 10
386.6145641666666
 20
200.4711227777778
 30
0.0
 10
387.0132030555555
 20
199.7973172222222
 30
0.0
 10
387.4612308333333
 20
198.9400672222222
 30
0.0
 10
387.9057308333333
 20
198.0792894444444
 30
0.0
 10
388.0962308333333
 20
197.4936783333333
 30
0.0
 10
388.1773697222222
 20
197.3384561111111
 30
0.0
 10
388.5795363888888
 20
196.562345
 30
0.0
 10
388.8652863888889
 20
196.0084838888889
 30
0.0
 10
388.8652863888889
 20
196.0084838888889
 30
0.0
 10
389.7531104629629
 20
196.4682709259259
 30
0.0
 10
390.640934537037
 20
196.928057962963
 30
0.0
 10
391.5287586111111
 20
197.387845
 30
0.0
 10
391.4511474999999
 20
197.5430672222222
 30
0.0
 10
391.0807308333333
 20
198.0369561111111
 30
0.0
 10
390.6362308333333
 20
198.8977338888889
 30
0.0
 10
390.1917308333333
 20
199.7549838888889
 30
0.0
 10
389.8707030555555
 20
200.4711227777778
 30
0.0
 10
389.9200919444444
 20
200.4958172222222
 30
0.0
 10
392.3789530555554
 20
202.0515672222222
 30
0.0
 10
394.4074252777777
 20
197.5959838888889
 30
0.0
 10
396.0654808333333
 20
194.6644005555555
 30
0.0
 10
396.1148697222222
 20
194.6820394444444
 30
0.0
 10
396.418258611111
 20
193.958845
 30
0.0
 10
396.7428141666666
 20
193.0451505555556
 30
0.0
 10
397.0673697222222
 20
192.1349838888889
 30
0.0
 10
397.1732030555555
 20
191.5282061111111
 30
0.0
 10
397.2331752777777
 20
191.3624005555556
 30
0.0
 10
397.5259808333333
 20
190.5404283333333
 30
0.0
 10
397.7341197222221
 20
189.9512894444444
 30
0.0
 10
397.7341197222221
 20
189.9512894444444
 30
0.0
 10
398.6760363888888
 20
190.2840764814815
 30
0.0
 10
399.6179530555555
 20
190.6168635185185
 30
0.0
 10
400.5598697222221
 20
190.9496505555556
 30
0.0
 10
400.5034252777778
 20
191.1154561111111
 30
0.0
 10
400.2070919444444
 20
191.6552061111111
 30
0.0
 10
399.8825363888888
 20
192.5689005555555
 30
0.0
 10
399.561508611111
 20
193.4790672222222
 30
0.0
 10
399.339258611111
 20
194.2304838888889
 30
0.0
 10
399.3921752777777
 20
194.2516505555556
 30
0.0
 10
402.0415363888888
 20
195.4546227777778
 30
0.0
 10
403.4385363888888
 20
190.7626783333333
 30
0.0
 10
404.6767863888888
 20
187.6300116666667
 30
0.0
 10
404.7367586111111
 20
187.6300116666667
 30
0.0
 10
404.9343141666666
 20
186.8750672222222
 30
0.0
 10
405.1283419444444
 20
185.9331505555556
 30
0.0
 10
405.3223697222222
 20
184.9877061111111
 30
0.0
 10
405.3470641666665
 20
184.370345
 30
0.0
 10
405.3823419444444
 20
184.2010116666667
 30
0.0
 10
405.5587308333333
 20
183.3437616666667
 30
0.0
 10
405.6822030555555
 20
182.7299283333333
 30
0.0
 10
405.6822030555555
 20
182.7299283333333
 30
0.0
 10
406.6617493518518
 20
182.9310116666667
 30
0.0
 10
407.6412956481481
 20
183.132095
 30
0.0
 10
408.6208419444444
 20
183.3331783333333
 30
0.0
 10
408.5855641666666
 20
183.5060394444444
 30
0.0
 10
408.3668419444444
 20
184.0810672222222
 30
0.0
 10
408.1728141666666
 20
185.0265116666666
 30
0.0
 10
407.9787863888888
 20
185.9754838888889
 30
0.0
 10
407.8658974999999
 20
186.751595
 30
0.0
 10
407.9188141666666
 20
186.7621783333333
 30
0.0
 10
410.7092863888888
 20
187.5912061111111
 30
0.0
 10
411.4465919444444
 20
182.751095
 30
0.0
 10
412.2438697222222
 20
179.4773172222222
 30
0.0
 10
412.2967863888888
 20
179.4773172222222
 30
0.0
 10
412.3920363888888
 20
178.6976783333333
 30
0.0
 10
412.4555363888888
 20
177.7381227777778
 30
0.0
 10
412.5190363888888
 20
176.7715116666667
 30
0.0
 10
412.4590641666666
 20
176.1576783333333
 30
0.0
 10
412.4696474999999
 20
175.9848172222222
 30
0.0
 10
412.5260919444444
 20
175.1099283333333
 30
0.0
 10
412.5648974999999
 20
174.4855116666667
 30
0.0
 10
412.5648974999999
 20
174.4855116666667
 30
0.0
 10
413.563258611111
 20
174.5501875925926
 30
0.0
 10
414.5616197222221
 20
174.6148635185185
 30
0.0
 10
415.5599808333332
 20
174.6795394444445
 30
0.0
 10
415.5493974999999
 20
174.8559283333333
 30
0.0
 10
415.4082863888888
 20
175.4556505555556
 30
0.0
 10
415.3483141666666
 20
176.4222616666667
 30
0.0
 10
415.2848141666666
 20
177.385345
 30
0.0
 10
415.277758611111
 20
178.1685116666667
 30
0.0
 10
415.3342030555555
 20
178.1720394444444
 30
0.0
 10
418.2128697222221
 20
178.6094838888889
 30
0.0
 10
418.2763697222222
 20
173.7164561111111
 30
0.0
 10
418.6150363888888
 20
170.3615394444444
 30
0.0
 10
418.6714808333333
 20
170.3580116666667
 30
0.0
 10
418.6573697222221
 20
169.574845
 30
0.0
 10
418.5868141666666
 20
168.6082338888889
 30
0.0
 10
418.5162586111111
 20
167.6451505555555
 30
0.0
 10
418.3716197222221
 20
167.0454283333333
 30
0.0
 10
418.357508611111
 20
166.8725672222222
 30
0.0
 10
418.294008611111
 20
165.9976783333333
 30
0.0
 10
418.2481475
 20
165.3767894444445
 30
0.0
 10
418.2481475
 20
165.3767894444445
 30
0.0
 10
419.2453326851851
 20
165.3027061111111
 30
0.0
 10
420.2425178703704
 20
165.2286227777778
 30
0.0
 10
421.2397030555555
 20
165.1545394444445
 30
0.0
 10
421.2538141666666
 20
165.3309283333333
 30
0.0
 10
421.1973697222222
 20
165.9447616666667
 30
0.0
 10
421.2714530555555
 20
166.907845
 30
0.0
 10
421.3420086111111
 20
167.8709283333334
 30
0.0
 10
421.4443141666666
 20
168.6470394444445
 30
0.0
 10
421.4972308333332
 20
168.6470394444445
 30
0.0
 10
424.4076474999999
 20
168.6823172222222
 30
0.0
 10
423.8008697222222
 20
163.8245672222222
 30
0.0
 10
423.6738697222222
 20
160.4590672222222
 30
0.0
 10
423.7303141666666
 20
160.4484838888889
 30
0.0
 10
423.6103697222222
 20
159.6723727777778
 30
0.0
 10
423.405758611111
 20
158.7269283333333
 30
0.0
 10
423.2046752777777
 20
157.7814838888889
 30
0.0
 10
422.9788974999999
 20
157.2064561111111
 30
0.0
 10
422.9400919444444
 20
157.0371227777778
 30
0.0
 10
422.7566474999999
 20
156.1798727777778
 30
0.0
 10
422.6261197222221
 20
155.5695672222222
 30
0.0
 10
422.6261197222221
 20
155.5695672222222
 30
0.0
 10
423.6044900925925
 20
155.3602524074074
 30
0.0
 10
424.582860462963
 20
155.1509375925926
 30
0.0
 10
425.5612308333333
 20
154.9416227777778
 30
0.0
 10
425.596508611111
 20
155.1109561111111
 30
0.0
 10
425.628258611111
 20
155.7283172222222
 30
0.0
 10
425.8293419444444
 20
156.6737616666667
 30
0.0
 10
426.0339530555555
 20
157.6121505555556
 30
0.0
 10
426.2350363888888
 20
158.3635672222222
 30
0.0
 10
426.295008611111
 20
158.3635672222222
 30
0.0
 10
429.1807308333333
 20
158.0002061111111
 30
0.0
 10
427.914258611111
 20
153.2729838888889
 30
0.0
 10
427.3251197222222
 20
149.953345
 30
0.0
 10
427.3780363888888
 20
149.9357061111111
 30
0.0
 10
427.1522586111111
 20
149.1842894444444
 30
0.0
 10
426.8206475
 20
148.2741227777778
 30
0.0
 10
426.4890363888888
 20
147.3674838888889
 30
0.0
 10
426.1891752777777
 20
146.8277338888889
 30
0.0
 10
426.1292030555555
 20
146.6654561111111
 30
0.0
 10
425.8293419444444
 20
145.8434838888889
 30
0.0
 10
425.6141474999999
 20
145.254345
 30
0.0
 10
425.6141474999999
 20
145.254345
 30
0.0
 10
426.5537123148147
 20
144.9133264814815
 30
0.0
 10
427.4932771296296
 20
144.572307962963
 30
0.0
 10
428.4328419444444
 20
144.2312894444444
 30
0.0
 10
428.4928141666666
 20
144.3935672222222
 30
0.0
 10
428.6092308333332
 20
145.000345
 30
0.0
 10
428.9373141666666
 20
145.9069838888889
 30
0.0
 10
429.2689252777777
 20
146.8171505555556
 30
0.0
 10
429.5793697222221
 20
147.5368172222222
 30
0.0
 10
429.6322863888888
 20
147.5191783333333
 30
0.0
 10
432.4403975
 20
146.7607061111111
 30
0.0
 10
430.3448974999999
 20
141.3773172222222
 30
0.0
 10
429.4982308333333
 20
139.0454561111111
 30
0.0
 10
429.152508611111
 20
138.0964838888889
 30
0.0
 10
426.7253974999999
 20
139.5322894444445
 30
0.0
 10
425.1625919444444
 20
140.1002616666667
 30
0.0
 10
423.9067030555555
 20
140.5588727777778
 30
0.0
 10
420.5905919444443
 20
140.6012061111111
 30
0.0
 10
417.7754252777777
 20
140.6012061111111
 30
0.0
 10
417.7189808333333
 20
140.6012061111111
 30
0.0
 10
417.6766474999999
 20
141.3843727777778
 30
0.0
 10
417.6766474999999
 20
142.3509838888889
 30
0.0
 10
417.6766474999999
 20
143.317595
 30
0.0
 10
417.7754252777777
 20
143.9279005555556
 30
0.0
 10
417.7754252777777
 20
144.1007616666667
 30
0.0
 10
417.7754252777777
 20
145.2672801851852
 30
0.0
 10
417.7754252777777
 20
146.4337987037037
 30
0.0
 10
417.7754252777777
 20
147.6003172222222
 30
0.0
 10
416.7758882407406
 20
147.6003172222222
 30
0.0
 10
415.7763512037036
 20
147.6003172222222
 30
0.0
 10
414.7768141666666
 20
147.6003172222222
 30
0.0
 10
414.7768141666666
 20
146.4337987037037
 30
0.0
 10
414.7768141666666
 20
145.2672801851852
 30
0.0
 10
414.7768141666666
 20
144.1007616666667
 30
0.0
 10
414.7768141666666
 20
143.9279005555556
 30
0.0
 10
414.8755919444444
 20
143.317595
 30
0.0
 10
414.8755919444444
 20
142.3509838888889
 30
0.0
 10
414.8755919444444
 20
141.3843727777778
 30
0.0
 10
414.8297308333333
 20
140.6012061111111
 30
0.0
 10
414.7768141666666
 20
140.6012061111111
 30
0.0
 10
413.1152308333333
 20
140.6012061111111
 30
0.0
 10
411.7746752777777
 20
141.9417616666667
 30
0.0
 10
411.7746752777777
 20
143.603345
 30
0.0
 10
411.7746752777777
 20
157.4216505555556
 30
0.0
 10
416.3396197222222
 20
154.5782616666667
 30
0.0
 10
415.6799252777777
 20
156.1692894444444
 30
0.0
 10
408.4268141666666
 20
173.6917616666667
 30
0.0
 10
394.4180086111111
 20
187.6652894444444
 30
0.0
 10
376.9061197222222
 20
194.943095
 30
0.0
 10
375.2022030555555
 20
195.6486505555555
 30
0.0
 10
372.796258611111
 20
191.5352616666667
 30
0.0
 10
367.2964530555555
 20
191.5352616666667
 30
0.0
  0
SPLINE
  5
182
330
1F
100
AcDbEntity
  8
DEFAULT
 62
     1
100
AcDbSpline
210
0.0
220
0.0
230
1.0
 70
    11
 71
     3
 72
    95
 73
    91
 74
     0
 42
0.000000001
 43
0.0000000001
 40
1.0
 40
1.0
 40
1.0
 40
1.0
 40
2.0
 40
2.0
 40
2.0
 40
27.39
 40
27.39
 40
27.39
 40
28.39
 40
28.39
 40
28.39
 40
29.39
 40
29.39
 40
29.39
 40
39.30999999999996
 40
39.30999999999996
 40
39.30999999999996
 40
47.81999999999996
 40
47.81999999999996
 40
47.81999999999996
 40
57.73999999999992
 40
57.73999999999992
 40
57.73999999999992
 40
58.73999999999992
 40
58.73999999999992
 40
58.73999999999992
 40
59.73999999999992
 40
59.73999999999992
 40
59.73999999999992
 40
76.74999999999991
 40
76.74999999999991
 40
76.74999999999991
 40
77.74999999999991
 40
77.74999999999991
 40
77.74999999999991
 40
100.43
 40
100.43
 40
100.43
 40
101.43
 40
101.43
 40
101.43
 40
102.43
 40
102.43
 40
102.43
 40
103.43
 40
103.43
 40
103.43
 40
113.3499999999999
 40
113.3499999999999
 40
113.3499999999999
 40
121.8599999999999
 40
121.8599999999999
 40
121.8599999999999
 40
131.7799999999999
 40
131.7799999999999
 40
131.7799999999999
 40
132.7799999999999
 40
132.7799999999999
 40
132.7799999999999
 40
133.7799999999999
 40
133.7799999999999
 40
133.7799999999999
 40
184.6799999999999
 40
184.6799999999999
 40
184.6799999999999
 40
185.6799999999999
 40
185.6799999999999
 40
185.6799999999999
 40
208.36
 40
208.36
 40
208.36
 40
209.36
 40
209.36
 40
209.36
 40
210.36
 40
210.36
 40
210.36
 40
211.36
 40
211.36
 40
211.36
 40
221.2799999999999
 40
221.2799999999999
 40
221.2799999999999
 40
229.7799999999999
 40
229.7799999999999
 40
229.7799999999999
 40
239.6999999999999
 40
239.6999999999999
 40
239.6999999999999
 40
240.6999999999999
 40
240.6999999999999
 40
240.6999999999999
 40
240.6999999999999
 10
363.1904019444444
 20
31.34490527777777
 30
0.0
 10
364.1570130555555
 20
31.34490527777777
 30
0.0
 10
364.9401797222222
 20
31.29904416666666
 30
0.0
 10
364.9401797222222
 20
31.24612749999999
 30
0.0
 10
364.9401797222222
 20
28.26045157407407
 30
0.0
 10
364.9401797222222
 20
25.27477564814814
 30
0.0
 10
364.9401797222222
 20
22.28909972222222
 30
0.0
 10
364.9401797222222
 20
22.23265527777777
 30
0.0
 10
364.1570130555555
 20
22.18679416666666
 30
0.0
 10
363.1904019444444
 20
22.18679416666666
 30
0.0
 10
362.2237908333333
 20
22.18679416666666
 30
0.0
 10
361.6134852777777
 20
22.28909972222222
 30
0.0
 10
361.4406241666666
 20
22.28909972222222
 30
0.0
 10
360.2741056481481
 20
22.28909972222222
 30
0.0
 10
359.1075871296296
 20
22.28909972222222
 30
0.0
 10
357.9410686111111
 20
22.28909972222222
 30
0.0
 10
357.9410686111111
 20
21.28838675925925
 30
0.0
 10
357.9410686111111
 20
20.28767379629629
 30
0.0
 10
357.9410686111111
 20
19.28696083333333
 30
0.0
 10
359.1075871296296
 20
19.28696083333333
 30
0.0
 10
360.2741056481482
 20
19.28696083333333
 30
0.0
 10
361.4406241666666
 20
19.28696083333333
 30
0.0
 10
361.6134852777777
 20
19.28696083333333
 30
0.0
 10
362.2237908333333
 20
19.38573861111111
 30
0.0
 10
363.1904019444444
 20
19.38573861111111
 30
0.0
 10
364.1570130555555
 20
19.38573861111111
 30
0.0
 10
364.9401797222222
 20
19.34340527777777
 30
0.0
 10
364.9401797222222
 20
19.28696083333333
 30
0.0
 10
364.9401797222222
 20
17.28671083333333
 30
0.0
 10
364.9401797222222
 20
15.28646083333333
 30
0.0
 10
364.9401797222222
 20
13.28621083333333
 30
0.0
 10
364.9401797222222
 20
11.62815527777777
 30
0.0
 10
363.5996241666667
 20
10.28759972222222
 30
0.0
 10
361.9415686111111
 20
10.28759972222222
 30
0.0
 10
359.2745686111111
 20
10.28759972222222
 30
0.0
 10
356.607568611111
 20
10.28759972222222
 30
0.0
 10
353.9405686111111
 20
10.28759972222222
 30
0.0
 10
352.2825130555556
 20
10.28759972222222
 30
0.0
 10
350.9384297222222
 20
11.62815527777777
 30
0.0
 10
350.9384297222222
 20
13.28621083333333
 30
0.0
 10
350.9384297222222
 20
13.34265527777777
 30
0.0
 10
351.7215963888889
 20
13.38851638888889
 30
0.0
 10
352.6917352777778
 20
13.38851638888889
 30
0.0
 10
353.6583463888889
 20
13.38851638888889
 30
0.0
 10
354.2651241666667
 20
13.28621083333333
 30
0.0
 10
354.4415130555556
 20
13.28621083333333
 30
0.0
 10
355.6080315740741
 20
13.28621083333333
 30
0.0
 10
356.7745500925926
 20
13.28621083333333
 30
0.0
 10
357.9410686111111
 20
13.28621083333333
 30
0.0
 10
357.9410686111111
 20
14.28692379629629
 30
0.0
 10
357.9410686111111
 20
15.28763675925926
 30
0.0
 10
357.9410686111111
 20
16.28834972222222
 30
0.0
 10
356.7745500925926
 20
16.28834972222222
 30
0.0
 10
355.6080315740741
 20
16.28834972222222
 30
0.0
 10
354.4415130555556
 20
16.28834972222222
 30
0.0
 10
354.2651241666667
 20
16.28834972222222
 30
0.0
 10
353.6583463888889
 20
16.18604416666666
 30
0.0
 10
352.6917352777778
 20
16.18604416666666
 30
0.0
 10
351.7215963888889
 20
16.18604416666666
 30
0.0
 10
350.9384297222222
 20
16.23190527777777
 30
0.0
 10
350.9384297222222
 20
16.28834972222222
 30
0.0
 10
350.9384297222222
 20
22.27381268518518
 30
0.0
 10
350.9384297222222
 20
28.25927564814814
 30
0.0
 10
350.9384297222222
 20
34.2447386111111
 30
0.0
 10
350.9384297222222
 20
35.90279416666666
 30
0.0
 10
352.2825130555556
 20
37.24334972222221
 30
0.0
 10
353.9405686111111
 20
37.24334972222221
 30
0.0
 10
356.607568611111
 20
37.24334972222221
 30
0.0
 10
359.2745686111111
 20
37.24334972222221
 30
0.0
 10
361.9415686111111
 20
37.24334972222221
 30
0.0
 10
363.5996241666667
 20
37.24334972222221
 30
0.0
 10
364.9401797222222
 20
35.90279416666666
 30
0.0
 10
364.9401797222222
 20
34.2447386111111
 30
0.0
 10
364.9401797222222
 20
34.18829416666667
 30
0.0
 10
364.1570130555555
 20
34.14596083333333
 30
0.0
 10
363.1904019444444
 20
34.14596083333333
 30
0.0
 10
362.2237908333333
 20
34.14596083333333
 30
0.0
 10
361.6134852777777
 20
34.2447386111111
 30
0.0
 10
361.4406241666666
 20
34.2447386111111
 30
0.0
 10
360.2741056481481
 20
34.2447386111111
 30
0.0
 10
359.1075871296296
 20
34.2447386111111
 30
0.0
 10
357.9410686111111
 20
34.2447386111111
 30
0.0
 10
357.9410686111111
 20
33.24520157407407
 30
0.0
 10
357.9410686111111
 20
32.24566453703704
 30
0.0
 10
357.9410686111111
 20
31.24612749999999
 30
0.0
 10
359.1075871296296
 20
31.24612749999999
 30
0.0
 10
360.2741056481482
 20
31.24612749999999
 30
0.0
 10
361.4406241666666
 20
31.24612749999999
 30
0.0
 10
361.6134852777777
 20
31.24612749999999
 30
0.0
 10
362.2237908333333
 20
31.34490527777777
 30
0.0
 10
363.1904019444444
 20
31.34490527777777
 30
0.0
  0
SPLINE
  5
183
330
1F
100
AcDbEntity
  8
DEFAULT
 62
     1
100
AcDbSpline
210
0.0
220
0.0
230
1.0
 70
    11
 71
     3
 72
   116
 73
   112
 74
     0
 42
0.000000001
 43
0.0000000001
 40
1.0
 40
1.0
 40
1.0
 40
1.0
 40
2.0
 40
2.0
 40
2.0
 40
3.0
 40
3.0
 40
3.0
 40
25.67999999999999
 40
25.67999999999999
 40
25.67999999999999
 40
26.67999999999999
 40
26.67999999999999
 40
26.67999999999999
 40
35.17999999999999
 40
35.17999999999999
 40
35.17999999999999
 40
36.17999999999999
 40
36.17999999999999
 40
36.17999999999999
 40
37.17999999999999
 40
37.17999999999999
 40
37.17999999999999
 40
38.17999999999999
 40
38.17999999999999
 40
38.17999999999999
 40
39.17999999999999
 40
39.17999999999999
 40
39.17999999999999
 40
40.17999999999999
 40
40.17999999999999
 40
40.17999999999999
 40
50.09999999999995
 40
50.09999999999995
 40
50.09999999999995
 40
58.60999999999996
 40
58.60999999999996
 40
58.60999999999996
 40
68.52999999999992
 40
68.52999999999992
 40
68.52999999999992
 40
69.52999999999992
 40
69.52999999999992
 40
69.52999999999992
 40
70.52999999999992
 40
70.52999999999992
 40
70.52999999999992
 40
71.52999999999992
 40
71.52999999999992
 40
71.52999999999992
 40
94.19999999999999
 40
94.19999999999999
 40
94.19999999999999
 40
95.19999999999999
 40
95.19999999999999
 40
95.19999999999999
 40
103.71
 40
103.71
 40
103.71
 40
104.71
 40
104.71
 40
104.71
 40
105.71
 40
105.71
 40
105.71
 40
106.71
 40
106.71
 40
106.71
 40
107.71
 40
107.71
 40
107.71
 40
117.63
 40
117.63
 40
117.63
 40
126.1399999999999
 40
126.1399999999999
 40
126.1399999999999
 40
136.0599999999999
 40
136.0599999999999
 40
136.0599999999999
 40
137.0599999999999
 40
137.0599999999999
 40
137.0599999999999
 40
138.0599999999999
 40
138.0599999999999
 40
138.0599999999999
 40
139.0599999999999
 40
139.0599999999999
 40
139.0599999999999
 40
140.0599999999999
 40
140.0599999999999
 40
140.0599999999999
 40
141.0599999999999
 40
141.0599999999999
 40
141.0599999999999
 40
142.0599999999999
 40
142.0599999999999
 40
142.0599999999999
 40
143.0599999999999
 40
143.0599999999999
 40
143.0599999999999
 40
152.9799999999999
 40
152.9799999999999
 40
152.9799999999999
 40
161.4799999999999
 40
161.4799999999999
 40
161.4799999999999
 40
171.3999999999999
 40
171.3999999999999
 40
171.3999999999999
 40
172.3999999999999
 40
172.3999999999999
 40
172.3999999999999
 40
172.3999999999999
 10
265.0523866666667
 20
44.53523111111111
 30
0.0
 10
265.0523866666667
 20
45.50184222222222
 30
0.0
 10
265.09472
 20
46.28500888888889
 30
0.0
 10
265.1511644444444
 20
46.28500888888889
 30
0.0
 10
266.80922
 20
46.28500888888889
 30
0.0
 10
268.1497755555555
 20
44.94445333333333
 30
0.0
 10
268.1497755555555
 20
43.28639777777777
 30
0.0
 10
268.1497755555555
 20
40.61939777777778
 30
0.0
 10
268.1497755555555
 20
37.95239777777778
 30
0.0
 10
268.1497755555555
 20
35.28539777777777
 30
0.0
 10
268.1497755555555
 20
33.62734222222222
 30
0.0
 10
266.80922
 20
32.28678666666666
 30
0.0
 10
265.1511644444444
 20
32.28678666666666
 30
0.0
 10
264.1516274074074
 20
32.28678666666666
 30
0.0
 10
263.1520903703703
 20
32.28678666666666
 30
0.0
 10
262.1525533333333
 20
32.28678666666666
 30
0.0
 10
261.4716922222222
 20
32.28678666666666
 30
0.0
 10
261.1824144444444
 20
30.66048111111111
 30
0.0
 10
261.1824144444444
 20
28.36037
 30
0.0
 10
261.1824144444444
 20
22.15853666666667
 30
0.0
 10
261.4928588888889
 20
19.28692555555556
 30
0.0
 10
264.1492755555556
 20
19.28692555555556
 30
0.0
 10
265.8073311111111
 20
19.28692555555556
 30
0.0
 10
267.1514144444445
 20
17.94637
 30
0.0
 10
267.1514144444445
 20
16.28831444444445
 30
0.0
 10
267.1514144444445
 20
16.23187
 30
0.0
 10
266.3682477777778
 20
16.18600888888889
 30
0.0
 10
265.4016366666667
 20
16.18600888888889
 30
0.0
 10
264.4350255555556
 20
16.18600888888889
 30
0.0
 10
263.82472
 20
16.28831444444445
 30
0.0
 10
263.6518588888889
 20
16.28831444444445
 30
0.0
 10
262.4853403703704
 20
16.28831444444445
 30
0.0
 10
261.3188218518519
 20
16.28831444444445
 30
0.0
 10
260.1523033333334
 20
16.28831444444445
 30
0.0
 10
260.1523033333334
 20
15.28760148148148
 30
0.0
 10
260.1523033333334
 20
14.28688851851852
 30
0.0
 10
260.1523033333334
 20
13.28617555555556
 30
0.0
 10
261.3188218518519
 20
13.28617555555556
 30
0.0
 10
262.4853403703704
 20
13.28617555555556
 30
0.0
 10
263.6518588888889
 20
13.28617555555556
 30
0.0
 10
263.82472
 20
13.28617555555556
 30
0.0
 10
264.4350255555556
 20
13.38848111111111
 30
0.0
 10
265.4016366666667
 20
13.38848111111111
 30
0.0
 10
266.3682477777778
 20
13.38848111111111
 30
0.0
 10
267.1514144444445
 20
13.34262
 30
0.0
 10
267.1514144444445
 20
13.28617555555556
 30
0.0
 10
267.1514144444445
 20
11.62812
 30
0.0
 10
265.8073311111111
 20
10.28756444444445
 30
0.0
 10
264.1492755555556
 20
10.28756444444445
 30
0.0
 10
261.4834514814815
 20
10.28756444444445
 30
0.0
 10
258.8176274074074
 20
10.28756444444445
 30
0.0
 10
256.1518033333333
 20
10.28756444444445
 30
0.0
 10
254.4937477777778
 20
10.28756444444445
 30
0.0
 10
253.1496644444444
 20
11.62812
 30
0.0
 10
253.1496644444444
 20
13.28617555555556
 30
0.0
 10
253.1496644444444
 20
14.28688851851852
 30
0.0
 10
253.1496644444444
 20
15.28760148148148
 30
0.0
 10
253.1496644444444
 20
16.28831444444445
 30
0.0
 10
253.1496644444444
 20
23.56259222222222
 30
0.0
 10
250.3098033333333
 20
29.45045333333334
 30
0.0
 10
246.8031922222222
 20
29.45045333333334
 30
0.0
 10
245.1451366666667
 20
29.45045333333334
 30
0.0
 10
243.8045811111111
 20
30.79100888888889
 30
0.0
 10
243.8045811111111
 20
32.44906444444445
 30
0.0
 10
243.8045811111111
 20
32.50550888888889
 30
0.0
 10
244.5877477777778
 20
32.55137
 30
0.0
 10
245.5543588888889
 20
32.55137
 30
0.0
 10
246.52097
 20
32.55137
 30
0.0
 10
247.1277477777778
 20
32.44906444444445
 30
0.0
 10
247.3041366666667
 20
32.44906444444445
 30
0.0
 10
248.4706551851852
 20
32.44906444444445
 30
0.0
 10
249.6371737037037
 20
32.44906444444445
 30
0.0
 10
250.8036922222222
 20
32.44906444444445
 30
0.0
 10
250.8036922222222
 20
33.4497774074074
 30
0.0
 10
250.8036922222222
 20
34.45049037037037
 30
0.0
 10
250.8036922222222
 20
35.45120333333333
 30
0.0
 10
249.6371737037037
 20
35.45120333333333
 30
0.0
 10
248.4706551851852
 20
35.45120333333333
 30
0.0
 10
247.3041366666667
 20
35.45120333333333
 30
0.0
 10
247.1277477777778
 20
35.45120333333333
 30
0.0
 10
246.52097
 20
35.34889777777778
 30
0.0
 10
245.5543588888889
 20
35.34889777777778
 30
0.0
 10
244.5877477777778
 20
35.34889777777778
 30
0.0
 10
243.8045811111111
 20
35.39475888888889
 30
0.0
 10
243.8045811111111
 20
35.45120333333333
 30
0.0
 10
243.8045811111111
 20
37.10925888888889
 30
0.0
 10
245.1451366666667
 20
38.44981444444444
 30
0.0
 10
246.8031922222222
 20
38.44981444444444
 30
0.0
 10
253.6259144444444
 20
38.44981444444444
 30
0.0
 10
259.1504144444444
 20
40.61234222222222
 30
0.0
 10
259.1504144444444
 20
43.28639777777777
 30
0.0
 10
259.1504144444444
 20
44.94445333333333
 30
0.0
 10
260.49097
 20
46.28500888888889
 30
0.0
 10
262.1525533333333
 20
46.28500888888889
 30
0.0
 10
262.20547
 20
46.28500888888889
 30
0.0
 10
262.2513311111111
 20
45.50184222222222
 30
0.0
 10
262.2513311111111
 20
44.53523111111111
 30
0.0
 10
262.2513311111111
 20
43.56862
 30
0.0
 10
262.1525533333333
 20
42.95831444444444
 30
0.0
 10
262.1525533333333
 20
42.78545333333334
 30
0.0
 10
262.1525533333333
 20
41.61893481481481
 30
0.0
 10
262.1525533333333
 20
40.4524162962963
 30
0.0
 10
262.1525533333333
 20
39.28589777777778
 30
0.0
 10
263.1520903703703
 20
39.28589777777778
 30
0.0
 10
264.1516274074074
 20
39.28589777777778
 30
0.0
 10
265.1511644444444
 20
39.28589777777778
 30
0.0
 10
265.1511644444444
 20
40.4524162962963
 30
0.0
 10
265.1511644444444
 20
41.61893481481481
 30
0.0
 10
265.1511644444444
 20
42.78545333333334
 30
0.0
 10
265.1511644444444
 20
42.95831444444444
 30
0.0
 10
265.0523866666667
 20
43.56862
 30
0.0
 10
265.0523866666667
 20
44.53523111111111
 30
0.0
  0
SPLINE
  5
184
330
1F
100
AcDbEntity
  8
DEFAULT
 62
     1
100
AcDbSpline
210
0.0
220
0.0
230
1.0
 70
    11
 71
     3
 72
   113
 73
   109
 74
     0
 42
0.000000001
 43
0.0000000001
 40
1.0
 40
1.0
 40
1.0
 40
1.0
 40
20.84
 40
20.84
 40
20.84
 40
21.84
 40
21.84
 40
21.84
 40
30.35000000000001
 40
30.35000000000001
 40
30.35000000000001
 40
31.35000000000001
 40
31.35000000000001
 40
31.35000000000001
 40
54.01999999999997
 40
54.01999999999997
 40
54.01999999999997
 40
55.01999999999997
 40
55.01999999999997
 40
55.01999999999997
 40
56.01999999999997
 40
56.01999999999997
 40
56.01999999999997
 40
57.01999999999997
 40
57.01999999999997
 40
57.01999999999997
 40
66.94000000000004
 40
66.94000000000004
 40
66.94000000000004
 40
75.45000000000005
 40
75.45000000000005
 40
75.45000000000005
 40
85.37000000000012
 40
85.37000000000012
 40
85.37000000000012
 40
86.37000000000012
 40
86.37000000000012
 40
86.37000000000012
 40
87.37000000000012
 40
87.37000000000012
 40
87.37000000000012
 40
88.37000000000012
 40
88.37000000000012
 40
88.37000000000012
 40
89.37000000000012
 40
89.37000000000012
 40
89.37000000000012
 40
90.37000000000012
 40
90.37000000000012
 40
90.37000000000012
 40
98.87000000000012
 40
98.87000000000012
 40
98.87000000000012
 40
99.87000000000012
 40
99.87000000000012
 40
99.87000000000012
 40
122.5500000000001
 40
122.5500000000001
 40
122.5500000000001
 40
123.5500000000001
 40
123.5500000000001
 40
123.5500000000001
 40
124.5500000000001
 40
124.5500000000001
 40
124.5500000000001
 40
125.5500000000001
 40
125.5500000000001
 40
125.5500000000001
 40
135.4700000000001
 40
135.4700000000001
 40
135.4700000000001
 40
143.9700000000001
 40
143.9700000000001
 40
143.9700000000001
 40
153.8900000000002
 40
153.8900000000002
 40
153.8900000000002
 40
154.8900000000002
 40
154.8900000000002
 40
154.8900000000002
 40
155.8900000000002
 40
155.8900000000002
 40
155.8900000000002
 40
156.8900000000002
 40
156.8900000000002
 40
156.8900000000002
 40
157.8900000000002
 40
157.8900000000002
 40
157.8900000000002
 40
158.8900000000002
 40
158.8900000000002
 40
158.8900000000002
 40
168.8100000000002
 40
168.8100000000002
 40
168.8100000000002
 40
177.3100000000002
 40
177.3100000000002
 40
177.3100000000002
 40
187.2300000000002
 40
187.2300000000002
 40
187.2300000000002
 40
188.2300000000002
 40
188.2300000000002
 40
188.2300000000002
 40
189.2300000000002
 40
189.2300000000002
 40
189.2300000000002
 40
190.2300000000002
 40
190.2300000000002
 40
190.2300000000002
 40
190.2300000000002
 10
316.6331544444444
 20
40.95104416666666
 30
0.0
 10
316.6331544444444
 20
38.61800712962962
 30
0.0
 10
316.6331544444444
 20
36.28497009259258
 30
0.0
 10
316.6331544444444
 20
33.95193305555555
 30
0.0
 10
316.6331544444444
 20
24.19057194444444
 30
0.0
 10
312.2834044444444
 20
20.71923861111111
 30
0.0
 10
312.2834044444444
 20
16.28834972222222
 30
0.0
 10
312.2834044444444
 20
15.28763675925926
 30
0.0
 10
312.2834044444444
 20
14.28692379629629
 30
0.0
 10
312.2834044444444
 20
13.28621083333333
 30
0.0
 10
312.2834044444444
 20
11.62815527777777
 30
0.0
 10
310.9393211111111
 20
10.28759972222222
 30
0.0
 10
309.2812655555555
 20
10.28759972222222
 30
0.0
 10
306.6154414814815
 20
10.28759972222222
 30
0.0
 10
303.9496174074074
 20
10.28759972222222
 30
0.0
 10
301.2837933333333
 20
10.28759972222222
 30
0.0
 10
299.6257377777778
 20
10.28759972222222
 30
0.0
 10
298.2816544444444
 20
11.62815527777777
 30
0.0
 10
298.2816544444444
 20
13.28621083333333
 30
0.0
 10
298.2816544444444
 20
13.34265527777777
 30
0.0
 10
299.0648211111111
 20
13.38851638888889
 30
0.0
 10
300.0314322222222
 20
13.38851638888889
 30
0.0
 10
300.9980433333333
 20
13.38851638888889
 30
0.0
 10
301.6083488888889
 20
13.28621083333333
 30
0.0
 10
301.78121
 20
13.28621083333333
 30
0.0
 10
302.9477285185185
 20
13.28621083333333
 30
0.0
 10
304.114247037037
 20
13.28621083333333
 30
0.0
 10
305.2807655555555
 20
13.28621083333333
 30
0.0
 10
305.2807655555555
 20
14.28692379629629
 30
0.0
 10
305.2807655555555
 20
15.28763675925926
 30
0.0
 10
305.2807655555555
 20
16.28834972222222
 30
0.0
 10
304.114247037037
 20
16.28834972222222
 30
0.0
 10
302.9477285185185
 20
16.28834972222222
 30
0.0
 10
301.78121
 20
16.28834972222222
 30
0.0
 10
301.6083488888889
 20
16.28834972222222
 30
0.0
 10
300.9980433333333
 20
16.18604416666666
 30
0.0
 10
300.0314322222222
 20
16.18604416666666
 30
0.0
 10
299.0648211111111
 20
16.18604416666666
 30
0.0
 10
298.2816544444444
 20
16.23190527777778
 30
0.0
 10
298.2816544444444
 20
16.28834972222222
 30
0.0
 10
298.2816544444444
 20
17.94640527777778
 30
0.0
 10
299.6257377777778
 20
19.28696083333333
 30
0.0
 10
301.2837933333333
 20
19.28696083333333
 30
0.0
 10
303.94021
 20
19.28696083333333
 30
0.0
 10
304.2506544444444
 20
22.15857194444444
 30
0.0
 10
304.2506544444444
 20
28.36040527777778
 30
0.0
 10
304.2506544444444
 20
30.66051638888888
 30
0.0
 10
303.9613766666667
 20
32.28682194444444
 30
0.0
 10
303.2805155555556
 20
32.28682194444444
 30
0.0
 10
302.2809785185185
 20
32.28682194444444
 30
0.0
 10
301.2814414814815
 20
32.28682194444444
 30
0.0
 10
300.2819044444444
 20
32.28682194444444
 30
0.0
 10
298.6238488888889
 20
32.28682194444444
 30
0.0
 10
297.2832933333333
 20
33.62737749999999
 30
0.0
 10
297.2832933333333
 20
35.28543305555555
 30
0.0
 10
297.2832933333333
 20
37.95243305555555
 30
0.0
 10
297.2832933333333
 20
40.61943305555555
 30
0.0
 10
297.2832933333333
 20
43.28643305555556
 30
0.0
 10
297.2832933333333
 20
44.94448861111111
 30
0.0
 10
298.6238488888889
 20
46.28504416666666
 30
0.0
 10
300.2819044444444
 20
46.28504416666666
 30
0.0
 10
300.3383488888889
 20
46.28504416666666
 30
0.0
 10
300.3806822222222
 20
45.50187749999999
 30
0.0
 10
300.3806822222222
 20
44.53526638888889
 30
0.0
 10
300.3806822222222
 20
43.56865527777777
 30
0.0
 10
300.2819044444444
 20
42.95834972222222
 30
0.0
 10
300.2819044444444
 20
42.78548861111111
 30
0.0
 10
300.2819044444444
 20
41.61897009259258
 30
0.0
 10
300.2819044444444
 20
40.45245157407407
 30
0.0
 10
300.2819044444444
 20
39.28593305555555
 30
0.0
 10
301.2814414814815
 20
39.28593305555555
 30
0.0
 10
302.2809785185185
 20
39.28593305555555
 30
0.0
 10
303.2805155555556
 20
39.28593305555555
 30
0.0
 10
303.2805155555556
 20
40.45245157407407
 30
0.0
 10
303.2805155555556
 20
41.61897009259258
 30
0.0
 10
303.2805155555556
 20
42.78548861111111
 30
0.0
 10
303.2805155555556
 20
42.95834972222222
 30
0.0
 10
303.1817377777778
 20
43.56865527777777
 30
0.0
 10
303.1817377777778
 20
44.53526638888889
 30
0.0
 10
303.1817377777778
 20
45.50187749999999
 30
0.0
 10
303.2275988888889
 20
46.28504416666666
 30
0.0
 10
303.2805155555556
 20
46.28504416666666
 30
0.0
 10
306.28971
 20
46.28504416666666
 30
0.0
 10
306.5684044444445
 20
43.94965527777777
 30
0.0
 10
310.6324044444444
 20
43.94965527777777
 30
0.0
 10
310.6888488888889
 20
43.94965527777777
 30
0.0
 10
310.7311822222222
 20
43.17001638888889
 30
0.0
 10
310.7311822222222
 20
42.1998775
 30
0.0
 10
310.7311822222222
 20
41.23326638888889
 30
0.0
 10
310.6324044444444
 20
40.62648861111111
 30
0.0
 10
310.6324044444444
 20
40.45009972222222
 30
0.0
 10
310.6324044444444
 20
39.2835812037037
 30
0.0
 10
310.6324044444444
 20
38.11706268518518
 30
0.0
 10
310.6324044444444
 20
36.95054416666666
 30
0.0
 10
311.6319414814815
 20
36.95054416666666
 30
0.0
 10
312.6314785185185
 20
36.95054416666666
 30
0.0
 10
313.6310155555556
 20
36.95054416666666
 30
0.0
 10
313.6310155555556
 20
38.11706268518518
 30
0.0
 10
313.6310155555556
 20
39.2835812037037
 30
0.0
 10
313.6310155555556
 20
40.45009972222222
 30
0.0
 10
313.6310155555556
 20
40.62648861111111
 30
0.0
 10
313.5322377777778
 20
41.23326638888889
 30
0.0
 10
313.5322377777778
 20
42.1998775
 30
0.0
 10
313.5322377777778
 20
43.17001638888889
 30
0.0
 10
313.5780988888889
 20
43.94965527777777
 30
0.0
 10
313.6310155555556
 20
43.94965527777777
 30
0.0
 10
315.2890711111111
 20
43.94965527777777
 30
0.0
 10
316.6331544444444
 20
42.60909972222222
 30
0.0
 10
316.6331544444444
 20
40.95104416666666
 30
0.0
  0
SPLINE
  5
185
330
1F
100
AcDbEntity
  8
DEFAULT
 62
     1
100
AcDbSpline
210
0.0
220
0.0
230
1.0
 70
    11
 71
     3
 72
    89
 73
    85
 74
     0
 42
0.000000001
 43
0.0000000001
 40
1.0
 40
1.0
 40
1.0
 40
1.0
 40
54.79000000000002
 40
54.79000000000002
 40
54.79000000000002
 40
55.79000000000002
 40
55.79000000000002
 40
55.79000000000002
 40
97.88000000000005
 40
97.88000000000005
 40
97.88000000000005
 40
98.88000000000005
 40
98.88000000000005
 40
98.88000000000005
 40
102.2800000000001
 40
102.2800000000001
 40
102.2800000000001
 40
103.2800000000001
 40
103.2800000000001
 40
103.2800000000001
 40
117.4600000000001
 40
117.4600000000001
 40
117.4600000000001
 40
118.4600000000001
 40
118.4600000000001
 40
118.4600000000001
 40
119.4600000000001
 40
119.4600000000001
 40
119.4600000000001
 40
123.7100000000001
 40
123.7100000000001
 40
123.7100000000001
 40
132.2100000000001
 40
132.2100000000001
 40
132.2100000000001
 40
136.4600000000001
 40
136.4600000000001
 40
136.4600000000001
 40
137.4600000000001
 40
137.4600000000001
 40
137.4600000000001
 40
138.4600000000001
 40
138.4600000000001
 40
138.4600000000001
 40
152.6300000000001
 40
152.6300000000001
 40
152.6300000000001
 40
153.6300000000001
 40
153.6300000000001
 40
153.6300000000001
 40
157.0300000000001
 40
157.0300000000001
 40
157.0300000000001
 40
158.0300000000001
 40
158.0300000000001
 40
158.0300000000001
 40
200.1200000000001
 40
200.1200000000001
 40
200.1200000000001
 40
201.1200000000001
 40
201.1200000000001
 40
201.1200000000001
 40
254.9100000000001
 40
254.9100000000001
 40
254.9100000000001
 40
255.9100000000001
 40
255.9100000000001
 40
255.9100000000001
 40
317.8600000000001
 40
317.8600000000001
 40
317.8600000000001
 40
323.5300000000002
 40
323.5300000000002
 40
323.5300000000002
 40
332.0300000000002
 40
332.0300000000002
 40
332.0300000000002
 40
337.7000000000003
 40
337.7000000000003
 40
337.7000000000003
 40
399.6500000000003
 40
399.6500000000003
 40
399.6500000000003
 40
400.6500000000003
 40
400.6500000000003
 40
400.6500000000003
 40
400.6500000000003
 10
148.2068480555556
 20
189.5038966666666
 30
0.0
 10
148.2068480555556
 20
183.178591111111
 30
0.0
 10
148.2068480555556
 20
176.8532855555555
 30
0.0
 10
148.2068480555556
 20
170.52798
 30
0.0
 10
148.2068480555556
 20
169.9741188888889
 30
0.0
 10
147.7623480555555
 20
169.5260911111111
 30
0.0
 10
147.2084869444444
 20
169.5260911111111
 30
0.0
 10
142.2590147222222
 20
169.5260911111111
 30
0.0
 10
137.3095425
 20
169.5260911111111
 30
0.0
 10
132.3600702777778
 20
169.5260911111111
 30
0.0
 10
131.8062091666667
 20
169.5260911111111
 30
0.0
 10
131.3581813888889
 20
169.0815911111111
 30
0.0
 10
131.3581813888889
 20
168.52773
 30
0.0
 10
131.3581813888889
 20
168.1279151851851
 30
0.0
 10
131.3581813888889
 20
167.7281003703703
 30
0.0
 10
131.3581813888889
 20
167.3282855555555
 30
0.0
 10
131.3581813888889
 20
166.7744244444444
 30
0.0
 10
130.9101536111111
 20
166.3263966666666
 30
0.0
 10
130.3598202777778
 20
166.3263966666666
 30
0.0
 10
128.6923573148148
 20
166.3263966666666
 30
0.0
 10
127.0248943518518
 20
166.3263966666666
 30
0.0
 10
125.3574313888889
 20
166.3263966666666
 30
0.0
 10
125.3045147222222
 20
166.3263966666666
 30
0.0
 10
125.2586536111111
 20
167.1095633333333
 30
0.0
 10
125.2586536111111
 20
168.0761744444444
 30
0.0
 10
125.2586536111111
 20
169.0427855555555
 30
0.0
 10
125.3574313888889
 20
169.6530911111111
 30
0.0
 10
125.3574313888889
 20
169.8259522222222
 30
0.0
 10
125.3574313888889
 20
170.3257207407407
 30
0.0
 10
125.3574313888889
 20
170.8254892592592
 30
0.0
 10
125.3574313888889
 20
171.3252577777778
 30
0.0
 10
124.3578943518518
 20
171.3252577777778
 30
0.0
 10
123.3583573148148
 20
171.3252577777778
 30
0.0
 10
122.3588202777778
 20
171.3252577777778
 30
0.0
 10
122.3588202777778
 20
170.8254892592592
 30
0.0
 10
122.3588202777778
 20
170.3257207407407
 30
0.0
 10
122.3588202777778
 20
169.8259522222222
 30
0.0
 10
122.3588202777778
 20
169.6530911111111
 30
0.0
 10
122.4575980555555
 20
169.0427855555555
 30
0.0
 10
122.4575980555555
 20
168.0761744444444
 30
0.0
 10
122.4575980555555
 20
167.1095633333333
 30
0.0
 10
122.4117369444444
 20
166.3263966666666
 30
0.0
 10
122.3588202777778
 20
166.3263966666666
 30
0.0
 10
120.6925332407407
 20
166.3263966666666
 30
0.0
 10
119.0262462037037
 20
166.3263966666666
 30
0.0
 10
117.3599591666667
 20
166.3263966666666
 30
0.0
 10
116.8060980555556
 20
166.3263966666666
 30
0.0
 10
116.3615980555555
 20
166.7744244444444
 30
0.0
 10
116.3615980555555
 20
167.3282855555555
 30
0.0
 10
116.3615980555555
 20
167.7281003703703
 30
0.0
 10
116.3615980555555
 20
168.1279151851851
 30
0.0
 10
116.3615980555555
 20
168.52773
 30
0.0
 10
116.3615980555555
 20
169.0815911111111
 30
0.0
 10
115.9135702777778
 20
169.5260911111111
 30
0.0
 10
115.3597091666666
 20
169.5260911111111
 30
0.0
 10
110.4102369444444
 20
169.5260911111111
 30
0.0
 10
105.4607647222222
 20
169.5260911111111
 30
0.0
 10
100.5112925
 20
169.5260911111111
 30
0.0
 10
99.95743138888886
 20
169.5260911111111
 30
0.0
 10
99.5094036111111
 20
169.9741188888889
 30
0.0
 10
99.5094036111111
 20
170.52798
 30
0.0
 10
99.5094036111111
 20
176.8532855555555
 30
0.0
 10
99.5094036111111
 20
183.1785911111111
 30
0.0
 10
99.5094036111111
 20
189.5038966666666
 30
0.0
 10
99.5094036111111
 20
190.0542299999999
 30
0.0
 10
99.95390361111109
 20
190.49873
 30
0.0
 10
100.5042369444444
 20
190.49873
 30
0.0
 10
107.7890980555555
 20
190.49873
 30
0.0
 10
115.0739591666667
 20
190.49873
 30
0.0
 10
122.3588202777778
 20
190.49873
 30
0.0
 10
122.3588202777778
 20
189.83198
 30
0.0
 10
122.3588202777778
 20
189.16523
 30
0.0
 10
122.3588202777778
 20
188.4984799999999
 30
0.0
 10
123.3583573148148
 20
188.4984799999999
 30
0.0
 10
124.3578943518518
 20
188.4984799999999
 30
0.0
 10
125.3574313888889
 20
188.4984799999999
 30
0.0
 10
125.3574313888889
 20
189.16523
 30
0.0
 10
125.3574313888889
 20
189.83198
 30
0.0
 10
125.3574313888889
 20
190.49873
 30
0.0
 10
132.6422925
 20
190.49873
 30
0.0
 10
139.9271536111111
 20
190.49873
 30
0.0
 10
147.2120147222222
 20
190.49873
 30
0.0
 10
147.7623480555555
 20
190.49873
 30
0.0
 10
148.2068480555556
 20
190.0542299999999
 30
0.0
 10
148.2068480555556
 20
189.5038966666666
 30
0.0
  0
SPLINE
  5
186
330
1F
100
AcDbEntity
  8
DEFAULT
 62
     1
100
AcDbSpline
210
0.0
220
0.0
230
1.0
 70
    11
 71
     3
 72
   197
 73
   193
 74
     0
 42
0.000000001
 43
0.0000000001
 40
1.0
 40
1.0
 40
1.0
 40
1.0
 40
10.91999999999996
 40
10.91999999999996
 40
10.91999999999996
 40
19.42999999999995
 40
19.42999999999995
 40
19.42999999999995
 40
29.34999999999991
 40
29.34999999999991
 40
29.34999999999991
 40
30.34999999999991
 40
30.34999999999991
 40
30.34999999999991
 40
31.34999999999991
 40
31.34999999999991
 40
31.34999999999991
 40
32.34999999999991
 40
32.34999999999991
 40
32.34999999999991
 40
33.34999999999991
 40
33.34999999999991
 40
33.34999999999991
 40
34.34999999999991
 40
34.34999999999991
 40
34.34999999999991
 40
35.34999999999991
 40
35.34999999999991
 40
35.34999999999991
 40
43.8494235098622
 40
43.8494235098622
 40
43.8494235098622
 40
53.77720271772147
 40
53.77720271772147
 40
53.77720271772147
 40
54.77720271772147
 40
54.77720271772147
 40
54.77720271772147
 40
55.77720271772147
 40
55.77720271772147
 40
55.77720271772147
 40
56.77720271772147
 40
56.77720271772147
 40
56.77720271772147
 40
57.77720271772147
 40
57.77720271772147
 40
57.77720271772147
 40
58.77720271772147
 40
58.77720271772147
 40
58.77720271772147
 40
68.69720271772142
 40
68.69720271772142
 40
68.69720271772142
 40
77.19720271772142
 40
77.19720271772142
 40
77.19720271772142
 40
87.11720271772138
 40
87.11720271772138
 40
87.11720271772138
 40
88.11720271772138
 40
88.11720271772138
 40
88.11720271772138
 40
89.11720271772138
 40
89.11720271772138
 40
89.11720271772138
 40
90.11720271772138
 40
90.11720271772138
 40
90.11720271772138
 40
91.11720271772138
 40
91.11720271772138
 40
91.11720271772138
 40
92.11720271772138
 40
92.11720271772138
 40
92.11720271772138
 40
102.0449819255806
 40
102.0449819255806
 40
102.0449819255806
 40
110.5444054354429
 40
110.5444054354429
 40
110.5444054354429
 40
111.5444054354429
 40
111.5444054354429
 40
111.5444054354429
 40
112.5444054354429
 40
112.5444054354429
 40
112.5444054354429
 40
113.5444054354429
 40
113.5444054354429
 40
113.5444054354429
 40
114.5444054354429
 40
114.5444054354429
 40
114.5444054354429
 40
115.5444054354429
 40
115.5444054354429
 40
115.5444054354429
 40
116.5444054354429
 40
116.5444054354429
 40
116.5444054354429
 40
126.4644054354428
 40
126.4644054354428
 40
126.4644054354428
 40
134.9744054354428
 40
134.9744054354428
 40
134.9744054354428
 40
144.8944054354428
 40
144.8944054354428
 40
144.8944054354428
 40
145.8944054354428
 40
145.8944054354428
 40
145.8944054354428
 40
146.8944054354428
 40
146.8944054354428
 40
146.8944054354428
 40
147.8944054354428
 40
147.8944054354428
 40
147.8944054354428
 40
148.8944054354428
 40
148.8944054354428
 40
148.8944054354428
 40
149.8944054354428
 40
149.8944054354428
 40
149.8944054354428
 40
150.8944054354428
 40
150.8944054354428
 40
150.8944054354428
 40
159.4009029520473
 40
159.4009029520473
 40
159.4009029520473
 40
160.4009029520473
 40
160.4009029520473
 40
160.4009029520473
 40
161.4009029520473
 40
161.4009029520473
 40
161.4009029520473
 40
162.4009029520473
 40
162.4009029520473
 40
162.4009029520473
 40
163.4009029520473
 40
163.4009029520473
 40
163.4009029520473
 40
164.4009029520473
 40
164.4009029520473
 40
164.4009029520473
 40
165.4009029520473
 40
165.4009029520473
 40
165.4009029520473
 40
175.3209029520473
 40
175.3209029520473
 40
175.3209029520473
 40
183.8209029520473
 40
183.8209029520473
 40
183.8209029520473
 40
193.7409029520472
 40
193.7409029520472
 40
193.7409029520472
 40
194.7409029520472
 40
194.7409029520472
 40
194.7409029520472
 40
195.7409029520472
 40
195.7409029520472
 40
195.7409029520472
 40
196.7409029520472
 40
196.7409029520472
 40
196.7409029520472
 40
197.7409029520472
 40
197.7409029520472
 40
197.7409029520472
 40
198.7409029520472
 40
198.7409029520472
 40
198.7409029520472
 40
199.7409029520472
 40
199.7409029520472
 40
199.7409029520472
 40
208.2474004686518
 40
208.2474004686518
 40
208.2474004686518
 40
209.2474004686518
 40
209.2474004686518
 40
209.2474004686518
 40
210.2474004686518
 40
210.2474004686518
 40
210.2474004686518
 40
211.2474004686518
 40
211.2474004686518
 40
211.2474004686518
 40
212.2474004686518
 40
212.2474004686518
 40
212.2474004686518
 40
213.2474004686518
 40
213.2474004686518
 40
213.2474004686518
 40
214.2474004686518
 40
214.2474004686518
 40
214.2474004686518
 40
214.2474004686518
 10
232.3383861111111
 20
265.2973555555556
 30
0.0
 10
231.1718675925925
 20
265.2973555555556
 30
0.0
 10
230.005349074074
 20
265.2973555555556
 30
0.0
 10
228.8388305555555
 20
265.2973555555556
 30
0.0
 10
228.8388305555555
 20
266.2980685185185
 30
0.0
 10
228.8388305555555
 20
267.2987814814815
 30
0.0
 10
228.8388305555555
 20
268.2994944444444
 30
0.0
 10
230.005349074074
 20
268.2994944444444
 30
0.0
 10
231.1718675925926
 20
268.2994944444444
 30
0.0
 10
232.3383861111111
 20
268.2994944444444
 30
0.0
 10
232.514775
 20
268.2994944444444
 30
0.0
 10
233.1215527777778
 20
268.1971888888889
 30
0.0
 10
234.0881638888889
 20
268.1971888888889
 30
0.0
 10
235.0583027777778
 20
268.1971888888889
 30
0.0
 10
235.8414694444444
 20
268.24305
 30
0.0
 10
235.8414694444444
 20
268.2994944444444
 30
0.0
 10
235.8414694444444
 20
271.2981055555555
 30
0.0
 10
233.8235805555555
 20
276.1664388888888
 30
0.0
 10
231.7033861111111
 20
278.2901611111111
 30
0.0
 10
231.6610527777778
 20
278.3289666666666
 30
0.0
 10
231.0789694444444
 20
277.8068555555556
 30
0.0
 10
230.3945805555555
 20
277.1224666666666
 30
0.0
 10
229.7101916666667
 20
276.4380777777778
 30
0.0
 10
229.3503583333333
 20
275.9371333333333
 30
0.0
 10
229.2268861111111
 20
275.8136611111111
 30
0.0
 10
228.609525
 20
275.1963
 30
0.0
 10
226.7503861111111
 20
273.3406888888888
 30
0.0
 10
226.7503861111111
 20
273.3406888888888
 30
0.0
 10
226.0436546296296
 20
274.0474203703703
 30
0.0
 10
225.3369231481481
 20
274.7541518518518
 30
0.0
 10
224.6301916666666
 20
275.4608833333333
 30
0.0
 10
225.4556916666666
 20
276.2863833333333
 30
0.0
 10
226.2811916666667
 20
277.1118833333333
 30
0.0
 10
227.1066916666667
 20
277.9373833333333
 30
0.0
 10
227.2301638888889
 20
278.0608555555555
 30
0.0
 10
227.7311083333333
 20
278.4171611111111
 30
0.0
 10
228.4119694444444
 20
279.10155
 30
0.0
 10
229.0963583333333
 20
279.7859388888889
 30
0.0
 10
229.6184694444444
 20
280.37155
 30
0.0
 10
229.5796638888889
 20
280.4103555555556
 30
0.0
 10
227.4594694444444
 20
282.53055
 30
0.0
 10
222.5911361111111
 20
284.5484388888889
 30
0.0
 10
219.5889972222222
 20
284.5484388888889
 30
0.0
 10
219.5360805555555
 20
284.5484388888889
 30
0.0
 10
219.4902194444444
 20
283.7652722222222
 30
0.0
 10
219.4902194444444
 20
282.7986611111111
 30
0.0
 10
219.4902194444444
 20
281.83205
 30
0.0
 10
219.5889972222222
 20
281.2217444444444
 30
0.0
 10
219.5889972222222
 20
281.0488833333333
 30
0.0
 10
219.5889972222222
 20
279.8823648148148
 30
0.0
 10
219.5889972222222
 20
278.7158462962963
 30
0.0
 10
219.5889972222222
 20
277.5493277777778
 30
0.0
 10
218.5894601851852
 20
277.5493277777778
 30
0.0
 10
217.5899231481481
 20
277.5493277777778
 30
0.0
 10
216.5903861111111
 20
277.5493277777778
 30
0.0
 10
216.5903861111111
 20
278.7158462962963
 30
0.0
 10
216.5903861111111
 20
279.8823648148148
 30
0.0
 10
216.5903861111111
 20
281.0488833333333
 30
0.0
 10
216.5903861111111
 20
281.2217444444444
 30
0.0
 10
216.6891638888889
 20
281.83205
 30
0.0
 10
216.6891638888889
 20
282.7986611111111
 30
0.0
 10
216.6891638888889
 20
283.7652722222222
 30
0.0
 10
216.6468305555555
 20
284.5484388888889
 30
0.0
 10
216.5903861111111
 20
284.5484388888889
 30
0.0
 10
213.591775
 20
284.5484388888889
 30
0.0
 10
208.7199138888889
 20
282.53055
 30
0.0
 10
206.5997194444444
 20
280.4103555555556
 30
0.0
 10
206.5609138888889
 20
280.37155
 30
0.0
 10
207.083025
 20
279.7859388888889
 30
0.0
 10
207.7674138888889
 20
279.10155
 30
0.0
 10
208.4518027777777
 20
278.4171611111111
 30
0.0
 10
208.9492194444444
 20
278.0608555555555
 30
0.0
 10
209.0726916666667
 20
277.9373833333333
 30
0.0
 10
209.8981916666667
 20
277.1118833333333
 30
0.0
 10
210.7236916666667
 20
276.2863833333333
 30
0.0
 10
211.5491916666666
 20
275.4608833333333
 30
0.0
 10
210.8424601851852
 20
274.7541518518518
 30
0.0
 10
210.1357287037037
 20
274.0474203703703
 30
0.0
 10
209.4289972222222
 20
273.3406888888888
 30
0.0
 10
209.4289972222222
 20
273.3406888888888
 30
0.0
 10
207.5733861111111
 20
275.1963
 30
0.0
 10
206.9524972222222
 20
275.8136611111111
 30
0.0
 10
206.829025
 20
275.9371333333333
 30
0.0
 10
206.4691916666667
 20
276.4380777777778
 30
0.0
 10
205.7848027777778
 20
277.1224666666666
 30
0.0
 10
205.1039416666667
 20
277.8068555555556
 30
0.0
 10
204.5183305555555
 20
278.3289666666666
 30
0.0
 10
204.479525
 20
278.2901611111111
 30
0.0
 10
202.3593305555555
 20
276.1664388888888
 30
0.0
 10
200.3414416666667
 20
271.2981055555555
 30
0.0
 10
200.3414416666667
 20
268.2994944444444
 30
0.0
 10
200.3414416666667
 20
268.24305
 30
0.0
 10
201.1210805555555
 20
268.1971888888889
 30
0.0
 10
202.0912194444444
 20
268.1971888888889
 30
0.0
 10
203.0578305555555
 20
268.1971888888889
 30
0.0
 10
203.6646083333333
 20
268.2994944444444
 30
0.0
 10
203.8409972222222
 20
268.2994944444444
 30
0.0
 10
205.0075157407407
 20
268.2994944444444
 30
0.0
 10
206.1740342592592
 20
268.2994944444444
 30
0.0
 10
207.3405527777778
 20
268.2994944444444
 30
0.0
 10
207.3405527777778
 20
267.2987814814815
 30
0.0
 10
207.3405527777778
 20
266.2980685185185
 30
0.0
 10
207.3405527777778
 20
265.2973555555556
 30
0.0
 10
206.1740342592592
 20
265.2973555555556
 30
0.0
 10
205.0075157407407
 20
265.2973555555556
 30
0.0
 10
203.8409972222222
 20
265.2973555555556
 30
0.0
 10
203.6646083333333
 20
265.2973555555556
 30
0.0
 10
203.0578305555555
 20
265.3996611111111
 30
0.0
 10
202.0912194444444
 20
265.3996611111111
 30
0.0
 10
201.1210805555555
 20
265.3996611111111
 30
0.0
 10
200.3414416666667
 20
265.3538
 30
0.0
 10
200.3414416666667
 20
265.2973555555556
 30
0.0
 10
200.3414416666667
 20
262.2987444444444
 30
0.0
 10
202.3593305555555
 20
257.4304111111111
 30
0.0
 10
204.479525
 20
255.3066888888889
 30
0.0
 10
204.5183305555555
 20
255.2678833333333
 30
0.0
 10
205.1039416666667
 20
255.7899944444444
 30
0.0
 10
205.7848027777778
 20
256.4743833333333
 30
0.0
 10
206.4691916666667
 20
257.1587722222222
 30
0.0
 10
206.829025
 20
257.6597166666667
 30
0.0
 10
206.9524972222222
 20
257.7831888888889
 30
0.0
 10
207.5733861111111
 20
258.40055
 30
0.0
 10
209.4289972222222
 20
260.2596888888889
 30
0.0
 10
209.4289972222222
 20
260.2596888888889
 30
0.0
 10
210.1357287037037
 20
259.5517814814814
 30
0.0
 10
210.8424601851852
 20
258.8438740740741
 30
0.0
 10
211.5491916666666
 20
258.1359666666667
 30
0.0
 10
211.5491916666666
 20
258.1359666666667
 30
0.0
 10
209.6935805555555
 20
256.2803555555556
 30
0.0
 10
209.0726916666667
 20
255.6629944444445
 30
0.0
 10
208.9492194444444
 20
255.5395222222222
 30
0.0
 10
208.4518027777777
 20
255.1796888888889
 30
0.0
 10
207.7674138888889
 20
254.4953
 30
0.0
 10
207.083025
 20
253.8109111111111
 30
0.0
 10
206.5609138888889
 20
253.2253
 30
0.0
 10
206.5997194444444
 20
253.1864944444444
 30
0.0
 10
208.7199138888889
 20
251.0663
 30
0.0
 10
213.591775
 20
249.0484111111111
 30
0.0
 10
216.5903861111111
 20
249.0484111111111
 30
0.0
 10
216.6468305555555
 20
249.0484111111111
 30
0.0
 10
216.6891638888889
 20
249.8315777777777
 30
0.0
 10
216.6891638888889
 20
250.7981888888889
 30
0.0
 10
216.6891638888889
 20
251.7648
 30
0.0
 10
216.5903861111111
 20
252.3751055555555
 30
0.0
 10
216.5903861111111
 20
252.5479666666666
 30
0.0
 10
216.5903861111111
 20
253.7144851851851
 30
0.0
 10
216.5903861111111
 20
254.8810037037037
 30
0.0
 10
216.5903861111111
 20
256.0475222222222
 30
0.0
 10
217.5899231481481
 20
256.0475222222222
 30
0.0
 10
218.5894601851852
 20
256.0475222222222
 30
0.0
 10
219.5889972222222
 20
256.0475222222222
 30
0.0
 10
219.5889972222222
 20
254.8810037037037
 30
0.0
 10
219.5889972222222
 20
253.7144851851852
 30
0.0
 10
219.5889972222222
 20
252.5479666666666
 30
0.0
 10
219.5889972222222
 20
252.3751055555555
 30
0.0
 10
219.4902194444444
 20
251.7648
 30
0.0
 10
219.4902194444444
 20
250.7981888888889
 30
0.0
 10
219.4902194444444
 20
249.8315777777777
 30
0.0
 10
219.5360805555555
 20
249.0484111111111
 30
0.0
 10
219.5889972222222
 20
249.0484111111111
 30
0.0
 10
222.5911361111111
 20
249.0484111111111
 30
0.0
 10
227.4594694444444
 20
251.0663
 30
0.0
 10
229.5796638888889
 20
253.1864944444444
 30
0.0
 10
229.6184694444444
 20
253.2253
 30
0.0
 10
229.0963583333333
 20
253.8109111111111
 30
0.0
 10
228.4119694444444
 20
254.4953
 30
0.0
 10
227.7311083333333
 20
255.1796888888889
 30
0.0
 10
227.2301638888889
 20
255.5395222222222
 30
0.0
 10
227.1066916666667
 20
255.6629944444445
 30
0.0
 10
226.4858027777777
 20
256.2803555555556
 30
0.0
 10
224.6301916666666
 20
258.1359666666667
 30
0.0
 10
224.6301916666666
 20
258.1359666666667
 30
0.0
 10
225.3369231481481
 20
258.8438740740741
 30
0.0
 10
226.0436546296296
 20
259.5517814814814
 30
0.0
 10
226.7503861111111
 20
260.2596888888889
 30
0.0
 10
226.7503861111111
 20
260.2596888888889
 30
0.0
 10
228.609525
 20
258.40055
 30
0.0
 10
229.2268861111111
 20
257.7831888888889
 30
0.0
 10
229.3503583333333
 20
257.6597166666667
 30
0.0
 10
229.7101916666667
 20
257.1587722222222
 30
0.0
 10
230.3945805555555
 20
256.4743833333333
 30
0.0
 10
231.0789694444444
 20
255.7899944444444
 30
0.0
 10
231.6610527777778
 20
255.2678833333333
 30
0.0
 10
231.7033861111111
 20
255.3066888888889
 30
0.0
 10
233.8235805555555
 20
257.4268833333333
 30
0.0
 10
235.8414694444444
 20
262.2952166666666
 30
0.0
 10
235.8414694444444
 20
265.2973555555556
 30
0.0
 10
235.8414694444444
 20
265.3538
 30
0.0
 10
235.0583027777778
 20
265.3996611111111
 30
0.0
 10
234.0881638888889
 20
265.3996611111111
 30
0.0
 10
233.1215527777778
 20
265.3996611111111
 30
0.0
 10
232.514775
 20
265.2973555555556
 30
0.0
 10
232.3383861111111
 20
265.2973555555556
 30
0.0
  0
POLYLINE
  5
187
330
1F
100
AcDbEntity
  8
DEFAULT
 62
     1
100
AcDb2dPolyline
 66
     1
 10
0.0
 20
0.0
 30
0.0
 70
     1
  0
VERTEX
  5
188
330
187
100
AcDbEntity
  8
DEFAULT
 62
     1
100
AcDbVertex
100
AcDb2dVertex
 10
219.5889972222222
 20
263.0466333333333
 30
0.0
  0
VERTEX
  5
189
330
187
100
AcDbEntity
  8
DEFAULT
 62
     1
100
AcDbVertex
100
AcDb2dVertex
 10
216.5903861111111
 20
263.0466333333333
 30
0.0
  0
VERTEX
  5
18A
330
187
100
AcDbEntity
  8
DEFAULT
 62
     1
100
AcDbVertex
100
AcDb2dVertex
 10
216.5903861111111
 20
270.5466888888889
 30
0.0
  0
VERTEX
  5
18B
330
187
100
AcDbEntity
  8
DEFAULT
 62
     1
100
AcDbVertex
100
AcDb2dVertex
 10
219.5889972222222
 20
270.5466888888889
 30
0.0
  0
SEQEND
  5
18C
330
187
100
AcDbEntity
  8
DEFAULT
 62
     1
  0
SPLINE
  5
18D
330
1F
100
AcDbEntity
  8
DEFAULT
 62
     1
100
AcDbSpline
210
0.0
220
0.0
230
1.0
 70
    11
 71
     3
 72
   221
 73
   217
 74
     0
 42
0.000000001
 43
0.0000000001
 40
1.0
 40
1.0
 40
1.0
 40
1.0
 40
2.0
 40
2.0
 40
2.0
 40
11.93000000000006
 40
11.93000000000006
 40
11.93000000000006
 40
20.43000000000006
 40
20.43000000000006
 40
20.43000000000006
 40
30.36000000000013
 40
30.36000000000013
 40
30.36000000000013
 40
31.36000000000013
 40
31.36000000000013
 40
31.36000000000013
 40
32.36000000000013
 40
32.36000000000013
 40
32.36000000000013
 40
33.36000000000013
 40
33.36000000000013
 40
33.36000000000013
 40
34.36000000000013
 40
34.36000000000013
 40
34.36000000000013
 40
35.36000000000013
 40
35.36000000000013
 40
35.36000000000013
 40
36.36000000000013
 40
36.36000000000013
 40
36.36000000000013
 40
46.2800000000002
 40
46.2800000000002
 40
46.2800000000002
 40
54.7800000000002
 40
54.7800000000002
 40
54.7800000000002
 40
64.70000000000027
 40
64.70000000000027
 40
64.70000000000027
 40
65.70000000000027
 40
65.70000000000027
 40
65.70000000000027
 40
66.70000000000027
 40
66.70000000000027
 40
66.70000000000027
 40
67.70000000000027
 40
67.70000000000027
 40
67.70000000000027
 40
68.70000000000027
 40
68.70000000000027
 40
68.70000000000027
 40
69.70000000000027
 40
69.70000000000027
 40
69.70000000000027
 40
70.70000000000027
 40
70.70000000000027
 40
70.70000000000027
 40
80.62000000000035
 40
80.62000000000035
 40
80.62000000000035
 40
89.13000000000034
 40
89.13000000000034
 40
89.13000000000034
 40
99.05000000000041
 40
99.05000000000041
 40
99.05000000000041
 40
100.0500000000004
 40
100.0500000000004
 40
100.0500000000004
 40
101.0500000000004
 40
101.0500000000004
 40
101.0500000000004
 40
102.0500000000004
 40
102.0500000000004
 40
102.0500000000004
 40
103.0500000000004
 40
103.0500000000004
 40
103.0500000000004
 40
104.0500000000004
 40
104.0500000000004
 40
104.0500000000004
 40
105.0500000000004
 40
105.0500000000004
 40
105.0500000000004
 40
114.9700000000005
 40
114.9700000000005
 40
114.9700000000005
 40
123.4700000000005
 40
123.4700000000005
 40
123.4700000000005
 40
133.3900000000006
 40
133.3900000000006
 40
133.3900000000006
 40
134.3900000000006
 40
134.3900000000006
 40
134.3900000000006
 40
135.3900000000006
 40
135.3900000000006
 40
135.3900000000006
 40
136.3900000000006
 40
136.3900000000006
 40
136.3900000000006
 40
137.3900000000006
 40
137.3900000000006
 40
137.3900000000006
 40
138.3900000000006
 40
138.3900000000006
 40
138.3900000000006
 40
139.3900000000006
 40
139.3900000000006
 40
139.3900000000006
 40
149.3100000000006
 40
149.3100000000006
 40
149.3100000000006
 40
157.8200000000006
 40
157.8200000000006
 40
157.8200000000006
 40
167.7400000000007
 40
167.7400000000007
 40
167.7400000000007
 40
168.7400000000007
 40
168.7400000000007
 40
168.7400000000007
 40
169.7400000000007
 40
169.7400000000007
 40
169.7400000000007
 40
170.7400000000007
 40
170.7400000000007
 40
170.7400000000007
 40
171.7400000000007
 40
171.7400000000007
 40
171.7400000000007
 40
172.7400000000007
 40
172.7400000000007
 40
172.7400000000007
 40
173.7400000000007
 40
173.7400000000007
 40
173.7400000000007
 40
183.6600000000007
 40
183.6600000000007
 40
183.6600000000007
 40
192.1700000000006
 40
192.1700000000006
 40
192.1700000000006
 40
202.0900000000006
 40
202.0900000000006
 40
202.0900000000006
 40
203.0900000000006
 40
203.0900000000006
 40
203.0900000000006
 40
204.0900000000006
 40
204.0900000000006
 40
204.0900000000006
 40
205.0900000000006
 40
205.0900000000006
 40
205.0900000000006
 40
206.0900000000006
 40
206.0900000000006
 40
206.0900000000006
 40
207.0900000000006
 40
207.0900000000006
 40
207.0900000000006
 40
208.0900000000006
 40
208.0900000000006
 40
208.0900000000006
 40
218.0100000000006
 40
218.0100000000006
 40
218.0100000000006
 40
226.5100000000006
 40
226.5100000000006
 40
226.5100000000006
 40
236.4300000000005
 40
236.4300000000005
 40
236.4300000000005
 40
237.4300000000005
 40
237.4300000000005
 40
237.4300000000005
 40
238.4300000000005
 40
238.4300000000005
 40
238.4300000000005
 40
239.4300000000005
 40
239.4300000000005
 40
239.4300000000005
 40
240.4300000000005
 40
240.4300000000005
 40
240.4300000000005
 40
241.4300000000005
 40
241.4300000000005
 40
241.4300000000005
 40
242.4300000000005
 40
242.4300000000005
 40
242.4300000000005
 40
252.3600000000006
 40
252.3600000000006
 40
252.3600000000006
 40
260.8700000000006
 40
260.8700000000006
 40
260.8700000000006
 40
270.8000000000006
 40
270.8000000000006
 40
270.8000000000006
 40
271.8000000000006
 40
271.8000000000006
 40
271.8000000000006
 40
272.8000000000006
 40
272.8000000000006
 40
272.8000000000006
 40
273.8000000000006
 40
273.8000000000006
 40
273.8000000000006
 40
274.8000000000006
 40
274.8000000000006
 40
274.8000000000006
 40
275.8000000000006
 40
275.8000000000006
 40
275.8000000000006
 40
275.8000000000006
 10
290.2373333333333
 20
286.7991611111111
 30
0.0
 10
290.2373333333333
 20
285.8290222222222
 30
0.0
 10
290.3361111111111
 20
285.2222444444444
 30
0.0
 10
290.3361111111111
 20
285.0493833333333
 30
0.0
 10
290.3361111111111
 20
283.8816888888888
 30
0.0
 10
290.3361111111111
 20
282.7139944444444
 30
0.0
 10
290.3361111111111
 20
281.5463
 30
0.0
 10
289.3365740740741
 20
281.5463
 30
0.0
 10
288.337037037037
 20
281.5463
 30
0.0
 10
287.3375
 20
281.5463
 30
0.0
 10
287.3375
 20
282.7139944444444
 30
0.0
 10
287.3375
 20
283.8816888888888
 30
0.0
 10
287.3375
 20
285.0493833333333
 30
0.0
 10
287.3375
 20
285.2222444444444
 30
0.0
 10
287.4362777777777
 20
285.8290222222222
 30
0.0
 10
287.4362777777777
 20
286.7991611111111
 30
0.0
 10
287.4362777777777
 20
287.7657722222222
 30
0.0
 10
287.3904166666666
 20
288.5489388888889
 30
0.0
 10
287.3375
 20
288.5489388888889
 30
0.0
 10
281.8024166666666
 20
288.5489388888889
 30
0.0
 10
285.4995277777778
 20
281.2887722222222
 30
0.0
 10
282.9207222222222
 20
278.7134944444444
 30
0.0
 10
280.3419166666666
 20
276.1346888888889
 30
0.0
 10
273.0852777777778
 20
279.8353277777778
 30
0.0
 10
273.0852777777778
 20
274.3002444444444
 30
0.0
 10
273.0852777777778
 20
274.2473277777777
 30
0.0
 10
273.8719722222222
 20
274.1979388888889
 30
0.0
 10
274.8385833333333
 20
274.1979388888889
 30
0.0
 10
275.8051944444444
 20
274.1979388888889
 30
0.0
 10
276.4155
 20
274.2967166666666
 30
0.0
 10
276.5883611111111
 20
274.2967166666666
 30
0.0
 10
277.7548796296296
 20
274.2967166666666
 30
0.0
 10
278.9213981481482
 20
274.2967166666666
 30
0.0
 10
280.0879166666667
 20
274.2967166666666
 30
0.0
 10
280.0879166666667
 20
273.2971796296296
 30
0.0
 10
280.0879166666667
 20
272.2976425925925
 30
0.0
 10
280.0879166666667
 20
271.2981055555555
 30
0.0
 10
278.9213981481482
 20
271.2981055555555
 30
0.0
 10
277.7548796296296
 20
271.2981055555555
 30
0.0
 10
276.5883611111111
 20
271.2981055555555
 30
0.0
 10
276.4155
 20
271.2981055555555
 30
0.0
 10
275.8051944444444
 20
271.3968833333333
 30
0.0
 10
274.8385833333333
 20
271.3968833333333
 30
0.0
 10
273.8719722222222
 20
271.3968833333333
 30
0.0
 10
273.0888055555556
 20
271.35455
 30
0.0
 10
273.0888055555556
 20
271.2981055555555
 30
0.0
 10
273.0888055555556
 20
268.8110222222222
 30
0.0
 10
275.082
 20
269.0473833333333
 30
0.0
 10
275.082
 20
266.7966611111111
 30
0.0
 10
275.082
 20
264.3095777777777
 30
0.0
 10
273.0888055555556
 20
264.5459388888889
 30
0.0
 10
273.0888055555556
 20
262.2987444444444
 30
0.0
 10
273.0888055555556
 20
262.2423
 30
0.0
 10
273.8719722222222
 20
262.1964388888889
 30
0.0
 10
274.8385833333333
 20
262.1964388888889
 30
0.0
 10
275.8051944444444
 20
262.1964388888889
 30
0.0
 10
276.4155
 20
262.2987444444444
 30
0.0
 10
276.5883611111111
 20
262.2987444444444
 30
0.0
 10
277.7548796296296
 20
262.2987444444444
 30
0.0
 10
278.9213981481482
 20
262.2987444444444
 30
0.0
 10
280.0879166666667
 20
262.2987444444444
 30
0.0
 10
280.0879166666667
 20
261.2980314814815
 30
0.0
 10
280.0879166666667
 20
260.2973185185185
 30
0.0
 10
280.0879166666667
 20
259.2966055555555
 30
0.0
 10
278.9213981481482
 20
259.2966055555555
 30
0.0
 10
277.7548796296296
 20
259.2966055555555
 30
0.0
 10
276.5883611111111
 20
259.2966055555555
 30
0.0
 10
276.4155
 20
259.2966055555555
 30
0.0
 10
275.8051944444444
 20
259.3989111111111
 30
0.0
 10
274.8385833333333
 20
259.3989111111111
 30
0.0
 10
273.8719722222222
 20
259.3989111111111
 30
0.0
 10
273.0888055555556
 20
259.35305
 30
0.0
 10
273.0888055555556
 20
259.2966055555555
 30
0.0
 10
273.0888055555556
 20
253.7650499999999
 30
0.0
 10
280.3454444444444
 20
257.4621611111111
 30
0.0
 10
282.92425
 20
254.8833555555555
 30
0.0
 10
285.5030555555555
 20
252.3045499999999
 30
0.0
 10
281.8024166666666
 20
245.0443833333333
 30
0.0
 10
287.3375
 20
245.0443833333333
 30
0.0
 10
287.3904166666666
 20
245.0443833333333
 30
0.0
 10
287.4362777777777
 20
245.8275499999999
 30
0.0
 10
287.4362777777777
 20
246.7976888888888
 30
0.0
 10
287.4362777777777
 20
247.7643
 30
0.0
 10
287.3375
 20
248.3710777777777
 30
0.0
 10
287.3375
 20
248.5474666666667
 30
0.0
 10
287.3375
 20
249.7139851851852
 30
0.0
 10
287.3375
 20
250.8805037037037
 30
0.0
 10
287.3375
 20
252.0470222222222
 30
0.0
 10
288.337037037037
 20
252.0470222222222
 30
0.0
 10
289.3365740740741
 20
252.0470222222222
 30
0.0
 10
290.3361111111111
 20
252.0470222222222
 30
0.0
 10
290.3361111111111
 20
250.8805037037037
 30
0.0
 10
290.3361111111111
 20
249.7139851851852
 30
0.0
 10
290.3361111111111
 20
248.5474666666667
 30
0.0
 10
290.3361111111111
 20
248.3710777777777
 30
0.0
 10
290.2373333333333
 20
247.7643
 30
0.0
 10
290.2373333333333
 20
246.7976888888888
 30
0.0
 10
290.2373333333333
 20
245.8275499999999
 30
0.0
 10
290.2796666666666
 20
245.0443833333333
 30
0.0
 10
290.3361111111111
 20
245.0443833333333
 30
0.0
 10
292.8231944444444
 20
245.0443833333333
 30
0.0
 10
292.5868333333333
 20
247.0375777777778
 30
0.0
 10
294.8375555555555
 20
247.0375777777778
 30
0.0
 10
297.3246388888888
 20
247.0375777777778
 30
0.0
 10
297.08475
 20
245.0443833333333
 30
0.0
 10
299.3354722222222
 20
245.0443833333333
 30
0.0
 10
299.3919166666666
 20
245.0443833333333
 30
0.0
 10
299.4377777777777
 20
245.8275499999999
 30
0.0
 10
299.4377777777777
 20
246.7976888888888
 30
0.0
 10
299.4377777777777
 20
247.7643
 30
0.0
 10
299.3354722222222
 20
248.3710777777777
 30
0.0
 10
299.3354722222222
 20
248.5474666666667
 30
0.0
 10
299.3354722222222
 20
249.7139851851852
 30
0.0
 10
299.3354722222222
 20
250.8805037037037
 30
0.0
 10
299.3354722222222
 20
252.0470222222222
 30
0.0
 10
300.3361851851851
 20
252.0470222222222
 30
0.0
 10
301.3368981481481
 20
252.0470222222222
 30
0.0
 10
302.3376111111111
 20
252.0470222222222
 30
0.0
 10
302.3376111111111
 20
250.8805037037037
 30
0.0
 10
302.3376111111111
 20
249.7139851851852
 30
0.0
 10
302.3376111111111
 20
248.5474666666667
 30
0.0
 10
302.3376111111111
 20
248.3710777777777
 30
0.0
 10
302.2353055555556
 20
247.7643
 30
0.0
 10
302.2353055555556
 20
246.7976888888888
 30
0.0
 10
302.2353055555556
 20
245.8275499999999
 30
0.0
 10
302.2811666666666
 20
245.0443833333333
 30
0.0
 10
302.3376111111111
 20
245.0443833333333
 30
0.0
 10
307.8691666666667
 20
245.0443833333333
 30
0.0
 10
304.1720555555555
 20
252.3045499999999
 30
0.0
 10
306.7508611111111
 20
254.8798277777778
 30
0.0
 10
309.3296666666666
 20
257.4586333333333
 30
0.0
 10
316.5863055555555
 20
253.7579944444444
 30
0.0
 10
316.5863055555555
 20
259.2930777777777
 30
0.0
 10
316.5863055555555
 20
259.3495222222222
 30
0.0
 10
315.8066666666667
 20
259.3989111111111
 30
0.0
 10
314.8400555555555
 20
259.3989111111111
 30
0.0
 10
313.8734444444444
 20
259.3989111111111
 30
0.0
 10
313.2666666666667
 20
259.2966055555555
 30
0.0
 10
313.0902777777778
 20
259.2966055555555
 30
0.0
 10
311.9237592592593
 20
259.2966055555555
 30
0.0
 10
310.7572407407408
 20
259.2966055555555
 30
0.0
 10
309.5907222222222
 20
259.2966055555555
 30
0.0
 10
309.5907222222222
 20
260.2973185185185
 30
0.0
 10
309.5907222222222
 20
261.2980314814815
 30
0.0
 10
309.5907222222222
 20
262.2987444444444
 30
0.0
 10
310.7572407407408
 20
262.2987444444444
 30
0.0
 10
311.9237592592593
 20
262.2987444444444
 30
0.0
 10
313.0902777777778
 20
262.2987444444444
 30
0.0
 10
313.2666666666667
 20
262.2987444444444
 30
0.0
 10
313.8734444444444
 20
262.1964388888889
 30
0.0
 10
314.8400555555555
 20
262.1964388888889
 30
0.0
 10
315.8066666666667
 20
262.1964388888889
 30
0.0
 10
316.5898333333333
 20
262.2423
 30
0.0
 10
316.5898333333333
 20
262.2987444444444
 30
0.0
 10
316.5898333333333
 20
264.7858277777777
 30
0.0
 10
314.6001666666666
 20
264.5459388888889
 30
0.0
 10
314.6001666666666
 20
266.7966611111111
 30
0.0
 10
314.6001666666666
 20
269.2837444444444
 30
0.0
 10
316.5898333333333
 20
269.0473833333333
 30
0.0
 10
316.5898333333333
 20
271.2981055555555
 30
0.0
 10
316.5898333333333
 20
271.35455
 30
0.0
 10
315.8066666666667
 20
271.3968833333333
 30
0.0
 10
314.8400555555555
 20
271.3968833333333
 30
0.0
 10
313.8734444444444
 20
271.3968833333333
 30
0.0
 10
313.2666666666667
 20
271.2981055555555
 30
0.0
 10
313.0902777777778
 20
271.2981055555555
 30
0.0
 10
311.9237592592593
 20
271.2981055555555
 30
0.0
 10
310.7572407407408
 20
271.2981055555555
 30
0.0
 10
309.5907222222222
 20
271.2981055555555
 30
0.0
 10
309.5907222222222
 20
272.2976425925926
 30
0.0
 10
309.5907222222222
 20
273.2971796296296
 30
0.0
 10
309.5907222222222
 20
274.2967166666666
 30
0.0
 10
310.7572407407408
 20
274.2967166666666
 30
0.0
 10
311.9237592592593
 20
274.2967166666666
 30
0.0
 10
313.0902777777778
 20
274.2967166666666
 30
0.0
 10
313.2666666666667
 20
274.2967166666666
 30
0.0
 10
313.8734444444444
 20
274.1979388888889
 30
0.0
 10
314.8400555555555
 20
274.1979388888889
 30
0.0
 10
315.7855
 20
274.1979388888889
 30
0.0
 10
316.5545555555556
 20
274.2438
 30
0.0
 10
316.5827777777777
 20
274.2967166666666
 30
0.0
 10
316.5827777777777
 20
279.8282722222222
 30
0.0
 10
309.3261388888889
 20
276.1346888888889
 30
0.0
 10
306.7473333333333
 20
278.7099666666666
 30
0.0
 10
304.1720555555555
 20
281.2887722222222
 30
0.0
 10
307.8691666666667
 20
288.5489388888889
 30
0.0
 10
302.3376111111111
 20
288.5489388888889
 30
0.0
 10
302.2811666666666
 20
288.5489388888889
 30
0.0
 10
302.2353055555556
 20
287.7657722222222
 30
0.0
 10
302.2353055555556
 20
286.7991611111111
 30
0.0
 10
302.2353055555556
 20
285.8290222222222
 30
0.0
 10
302.3376111111111
 20
285.2222444444444
 30
0.0
 10
302.3376111111111
 20
285.0493833333333
 30
0.0
 10
302.3376111111111
 20
283.8816888888888
 30
0.0
 10
302.3376111111111
 20
282.7139944444444
 30
0.0
 10
302.3376111111111
 20
281.5463
 30
0.0
 10
301.3368981481481
 20
281.5463
 30
0.0
 10
300.3361851851851
 20
281.5463
 30
0.0
 10
299.3354722222222
 20
281.5463
 30
0.0
 10
299.3354722222222
 20
282.7139944444444
 30
0.0
 10
299.3354722222222
 20
283.8816888888888
 30
0.0
 10
299.3354722222222
 20
285.0493833333333
 30
0.0
 10
299.3354722222222
 20
285.2222444444444
 30
0.0
 10
299.4377777777777
 20
285.8290222222222
 30
0.0
 10
299.4377777777777
 20
286.7991611111111
 30
0.0
 10
299.4377777777777
 20
287.7657722222222
 30
0.0
 10
299.3919166666666
 20
288.5489388888889
 30
0.0
 10
299.3354722222222
 20
288.5489388888889
 30
0.0
 10
296.8554444444444
 20
288.5418833333333
 30
0.0
 10
297.0918055555555
 20
286.5557444444444
 30
0.0
 10
294.8446111111111
 20
286.5557444444444
 30
0.0
 10
292.3575277777778
 20
286.5557444444444
 30
0.0
 10
292.5868333333333
 20
288.5489388888889
 30
0.0
 10
290.3361111111111
 20
288.5489388888889
 30
0.0
 10
290.2796666666666
 20
288.5489388888889
 30
0.0
 10
290.2373333333333
 20
287.7657722222222
 30
0.0
 10
290.2373333333333
 20
286.7991611111111
 30
0.0
  0
POLYLINE
  5
18E
330
1F
100
AcDbEntity
  8
DEFAULT
 62
     1
100
AcDb2dPolyline
 66
     1
 10
0.0
 20
0.0
 30
0.0
 70
     1
  0
VERTEX
  5
18F
330
18E
100
AcDbEntity
  8
DEFAULT
 62
     1
100
AcDbVertex
100
AcDb2dVertex
 10
296.4391666666666
 20
261.7978
 30
0.0
  0
VERTEX
  5
190
330
18E
100
AcDbEntity
  8
DEFAULT
 62
     1
100
AcDbVertex
100
AcDb2dVertex
 10
293.2359444444444
 20
261.7978
 30
0.0
  0
VERTEX
  5
191
330
18E
100
AcDbEntity
  8
DEFAULT
 62
     1
100
AcDbVertex
100
AcDb2dVertex
 10
293.2359444444444
 20
271.7955222222222
 30
0.0
  0
VERTEX
  5
192
330
18E
100
AcDbEntity
  8
DEFAULT
 62
     1
100
AcDbVertex
100
AcDb2dVertex
 10
296.4391666666666
 20
271.7955222222222
 30
0.0
  0
SEQEND
  5
193
330
18E
100
AcDbEntity
  8
DEFAULT
 62
     1
  0
SPLINE
  5
194
330
1F
100
AcDbEntity
  8
DEFAULT
 62
     1
100
AcDbSpline
210
0.0
220
0.0
230
1.0
 70
    11
 71
     3
 72
    38
 73
    34
 74
     0
 42
0.000000001
 43
0.0000000001
 40
1.0
 40
1.0
 40
1.0
 40
1.0
 40
2.0
 40
2.0
 40
2.0
 40
3.0
 40
3.0
 40
3.0
 40
4.0
 40
4.0
 40
4.0
 40
8.25
 40
8.25
 40
8.25
 40
16.76000000000002
 40
16.76000000000002
 40
16.76000000000002
 40
21.01000000000002
 40
21.01000000000002
 40
21.01000000000002
 40
22.01000000000002
 40
22.01000000000002
 40
22.01000000000002
 40
23.01000000000002
 40
23.01000000000002
 40
23.01000000000002
 40
24.01000000000002
 40
24.01000000000002
 40
24.01000000000002
 40
25.01000000000002
 40
25.01000000000002
 40
25.01000000000002
 40
26.01000000000002
 40
26.01000000000002
 40
26.01000000000002
 40
26.01000000000002
 10
92.30762166666666
 20
20.73934694444444
 30
0.0
 10
92.30762166666666
 20
17.78659694444444
 30
0.0
 10
91.4115661111111
 20
15.74048583333333
 30
0.0
 10
88.4588161111111
 20
15.74048583333333
 30
0.0
 10
88.40237166666667
 20
15.74048583333333
 30
0.0
 10
88.35651055555556
 20
16.5236525
 30
0.0
 10
88.35651055555556
 20
17.49026361111111
 30
0.0
 10
88.35651055555556
 20
18.45687472222222
 30
0.0
 10
88.4588161111111
 20
19.06718027777778
 30
0.0
 10
88.4588161111111
 20
19.24004138888889
 30
0.0
 10
88.4588161111111
 20
19.73980990740741
 30
0.0
 10
88.4588161111111
 20
20.23957842592592
 30
0.0
 10
88.4588161111111
 20
20.73934694444444
 30
0.0
 10
87.45810314814814
 20
20.73934694444444
 30
0.0
 10
86.45739018518516
 20
20.73934694444444
 30
0.0
 10
85.45667722222221
 20
20.73934694444444
 30
0.0
 10
85.45667722222221
 20
20.23957842592592
 30
0.0
 10
85.45667722222221
 20
19.73980990740741
 30
0.0
 10
85.45667722222221
 20
19.24004138888889
 30
0.0
 10
85.45667722222221
 20
19.06718027777778
 30
0.0
 10
85.55898277777777
 20
18.45687472222222
 30
0.0
 10
85.55898277777777
 20
17.49026361111111
 30
0.0
 10
85.55898277777777
 20
16.5236525
 30
0.0
 10
85.51312166666666
 20
15.74048583333333
 30
0.0
 10
85.45667722222221
 20
15.74048583333333
 30
0.0
 10
82.50392722222222
 20
15.74048583333333
 30
0.0
 10
81.60787166666667
 20
17.78659694444444
 30
0.0
 10
81.60787166666667
 20
20.73934694444444
 30
0.0
 10
81.60787166666667
 20
23.69562472222222
 30
0.0
 10
84.00323277777777
 20
26.08745805555555
 30
0.0
 10
86.95951055555555
 20
26.08745805555555
 30
0.0
 10
89.91226055555555
 20
26.08745805555555
 30
0.0
 10
92.30762166666666
 20
23.69562472222222
 30
0.0
 10
92.30762166666666
 20
20.73934694444444
 30
0.0
  0
SPLINE
  5
195
330
1F
100
AcDbEntity
  8
DEFAULT
 62
     1
100
AcDbSpline
210
0.0
220
0.0
230
1.0
 70
    11
 71
     3
 72
   383
 73
   379
 74
     0
 42
0.000000001
 43
0.0000000001
 40
1.0
 40
1.0
 40
1.0
 40
1.0
 40
2.0
 40
2.0
 40
2.0
 40
3.0
 40
3.0
 40
3.0
 40
25.67999999999984
 40
25.67999999999984
 40
25.67999999999984
 40
26.67999999999984
 40
26.67999999999984
 40
26.67999999999984
 40
27.67999999999984
 40
27.67999999999984
 40
27.67999999999984
 40
28.67999999999984
 40
28.67999999999984
 40
28.67999999999984
 40
38.59999999999991
 40
38.59999999999991
 40
38.59999999999991
 40
47.09999999999991
 40
47.09999999999991
 40
47.09999999999991
 40
57.01999999999998
 40
57.01999999999998
 40
57.01999999999998
 40
58.01999999999998
 40
58.01999999999998
 40
58.01999999999998
 40
59.01999999999998
 40
59.01999999999998
 40
59.01999999999998
 40
60.01999999999998
 40
60.01999999999998
 40
60.01999999999998
 40
61.01999999999998
 40
61.01999999999998
 40
61.01999999999998
 40
62.01999999999998
 40
62.01999999999998
 40
62.01999999999998
 40
63.01999999999998
 40
63.01999999999998
 40
63.01999999999998
 40
64.01999999999998
 40
64.01999999999998
 40
64.01999999999998
 40
65.01999999999998
 40
65.01999999999998
 40
65.01999999999998
 40
74.94000000000005
 40
74.94000000000005
 40
74.94000000000005
 40
83.44000000000005
 40
83.44000000000005
 40
83.44000000000005
 40
93.36000000000013
 40
93.36000000000013
 40
93.36000000000013
 40
94.36000000000013
 40
94.36000000000013
 40
94.36000000000013
 40
95.36000000000013
 40
95.36000000000013
 40
95.36000000000013
 40
96.36000000000013
 40
96.36000000000013
 40
96.36000000000013
 40
97.36000000000013
 40
97.36000000000013
 40
97.36000000000013
 40
98.36000000000013
 40
98.36000000000013
 40
98.36000000000013
 40
99.36000000000013
 40
99.36000000000013
 40
99.36000000000013
 40
107.8594235098623
 40
107.8594235098623
 40
107.8594235098623
 40
108.8594235098623
 40
108.8594235098623
 40
108.8594235098623
 40
109.8594235098623
 40
109.8594235098623
 40
109.8594235098623
 40
110.8594235098623
 40
110.8594235098623
 40
110.8594235098623
 40
111.8594235098623
 40
111.8594235098623
 40
111.8594235098623
 40
112.8594235098623
 40
112.8594235098623
 40
112.8594235098623
 40
113.8594235098623
 40
113.8594235098623
 40
113.8594235098623
 40
114.8594235098623
 40
114.8594235098623
 40
114.8594235098623
 40
123.3590058525424
 40
123.3590058525424
 40
123.3590058525424
 40
124.3590058525424
 40
124.3590058525424
 40
124.3590058525424
 40
125.3590058525424
 40
125.3590058525424
 40
125.3590058525424
 40
126.3590058525424
 40
126.3590058525424
 40
126.3590058525424
 40
127.3590058525424
 40
127.3590058525424
 40
127.3590058525424
 40
128.3590058525425
 40
128.3590058525425
 40
128.3590058525425
 40
129.3590058525425
 40
129.3590058525425
 40
129.3590058525425
 40
130.3590058525425
 40
130.3590058525425
 40
130.3590058525425
 40
138.863622246008
 40
138.863622246008
 40
138.863622246008
 40
139.863622246008
 40
139.863622246008
 40
139.863622246008
 40
140.863622246008
 40
140.863622246008
 40
140.863622246008
 40
141.863622246008
 40
141.863622246008
 40
141.863622246008
 40
142.863622246008
 40
142.863622246008
 40
142.863622246008
 40
143.863622246008
 40
143.863622246008
 40
143.863622246008
 40
144.863622246008
 40
144.863622246008
 40
144.863622246008
 40
145.863622246008
 40
145.863622246008
 40
145.863622246008
 40
154.3691792530475
 40
154.3691792530475
 40
154.3691792530475
 40
155.3691792530475
 40
155.3691792530475
 40
155.3691792530475
 40
156.3691792530475
 40
156.3691792530475
 40
156.3691792530475
 40
157.3691792530475
 40
157.3691792530475
 40
157.3691792530475
 40
158.3691792530475
 40
158.3691792530475
 40
158.3691792530475
 40
159.3691792530475
 40
159.3691792530475
 40
159.3691792530475
 40
160.3691792530475
 40
160.3691792530475
 40
160.3691792530475
 40
161.3691792530475
 40
161.3691792530475
 40
161.3691792530475
 40
169.8719435094525
 40
169.8719435094525
 40
169.8719435094525
 40
170.8719435094525
 40
170.8719435094525
 40
170.8719435094525
 40
171.8719435094525
 40
171.8719435094525
 40
171.8719435094525
 40
172.8719435094525
 40
172.8719435094525
 40
172.8719435094525
 40
173.8719435094525
 40
173.8719435094525
 40
173.8719435094525
 40
174.8719435094525
 40
174.8719435094525
 40
174.8719435094525
 40
175.8719435094525
 40
175.8719435094525
 40
175.8719435094525
 40
176.8719435094525
 40
176.8719435094525
 40
176.8719435094525
 40
185.3717846844393
 40
185.3717846844393
 40
185.3717846844393
 40
186.3717846844393
 40
186.3717846844393
 40
186.3717846844393
 40
187.3717846844393
 40
187.3717846844393
 40
187.3717846844393
 40
188.3717846844393
 40
188.3717846844393
 40
188.3717846844393
 40
189.3717846844393
 40
189.3717846844393
 40
189.3717846844393
 40
190.3717846844393
 40
190.3717846844393
 40
190.3717846844393
 40
191.3717846844393
 40
191.3717846844393
 40
191.3717846844393
 40
192.3717846844393
 40
192.3717846844393
 40
192.3717846844393
 40
200.8836881143427
 40
200.8836881143427
 40
200.8836881143427
 40
201.8836881143427
 40
201.8836881143427
 40
201.8836881143427
 40
202.8836881143427
 40
202.8836881143427
 40
202.8836881143427
 40
203.8836881143427
 40
203.8836881143427
 40
203.8836881143427
 40
204.8836881143427
 40
204.8836881143427
 40
204.8836881143427
 40
205.8836881143427
 40
205.8836881143427
 40
205.8836881143427
 40
206.8836881143427
 40
206.8836881143427
 40
206.8836881143427
 40
207.8836881143427
 40
207.8836881143427
 40
207.8836881143427
 40
216.3841880996377
 40
216.3841880996377
 40
216.3841880996377
 40
217.3841880996377
 40
217.3841880996377
 40
217.3841880996377
 40
218.3841880996377
 40
218.3841880996377
 40
218.3841880996377
 40
219.3841880996377
 40
219.3841880996377
 40
219.3841880996377
 40
220.3841880996377
 40
220.3841880996377
 40
220.3841880996377
 40
221.3841880996377
 40
221.3841880996377
 40
221.3841880996377
 40
222.3841880996377
 40
222.3841880996377
 40
222.3841880996377
 40
223.3841880996377
 40
223.3841880996377
 40
223.3841880996377
 40
231.8819819309799
 40
231.8819819309799
 40
231.8819819309799
 40
232.8819819309799
 40
232.8819819309799
 40
232.8819819309799
 40
233.8819819309799
 40
233.8819819309799
 40
233.8819819309799
 40
234.8819819309799
 40
234.8819819309799
 40
234.8819819309799
 40
235.8819819309799
 40
235.8819819309799
 40
235.8819819309799
 40
236.8819819309799
 40
236.8819819309799
 40
236.8819819309799
 40
237.8819819309799
 40
237.8819819309799
 40
237.8819819309799
 40
238.8819819309799
 40
238.8819819309799
 40
238.8819819309799
 40
247.3856576068273
 40
247.3856576068273
 40
247.3856576068273
 40
248.3856576068273
 40
248.3856576068273
 40
248.3856576068273
 40
249.3856576068273
 40
249.3856576068273
 40
249.3856576068273
 40
250.3856576068273
 40
250.3856576068273
 40
250.3856576068273
 40
251.3856576068273
 40
251.3856576068273
 40
251.3856576068273
 40
252.3856576068273
 40
252.3856576068273
 40
252.3856576068273
 40
253.3856576068273
 40
253.3856576068273
 40
253.3856576068273
 40
254.3856576068273
 40
254.3856576068273
 40
254.3856576068273
 40
262.881427142308
 40
262.881427142308
 40
262.881427142308
 40
263.881427142308
 40
263.881427142308
 40
263.881427142308
 40
264.881427142308
 40
264.881427142308
 40
264.881427142308
 40
265.881427142308
 40
265.881427142308
 40
265.881427142308
 40
266.881427142308
 40
266.881427142308
 40
266.881427142308
 40
267.881427142308
 40
267.881427142308
 40
267.881427142308
 40
268.881427142308
 40
268.881427142308
 40
268.881427142308
 40
269.881427142308
 40
269.881427142308
 40
269.881427142308
 40
278.3889767307618
 40
278.3889767307618
 40
278.3889767307618
 40
279.3889767307618
 40
279.3889767307618
 40
279.3889767307618
 40
280.3889767307618
 40
280.3889767307618
 40
280.3889767307618
 40
281.3889767307618
 40
281.3889767307618
 40
281.3889767307618
 40
282.3889767307618
 40
282.3889767307618
 40
282.3889767307618
 40
283.3889767307618
 40
283.3889767307618
 40
283.3889767307618
 40
284.3889767307618
 40
284.3889767307618
 40
284.3889767307618
 40
285.3889767307618
 40
285.3889767307618
 40
285.3889767307618
 40
293.8961619291692
 40
293.8961619291692
 40
293.8961619291692
 40
294.8961619291692
 40
294.8961619291692
 40
294.8961619291692
 40
295.8961619291692
 40
295.8961619291692
 40
295.8961619291692
 40
296.8961619291692
 40
296.8961619291692
 40
296.8961619291692
 40
296.8961619291692
 10
431.1218905555555
 20
205.8482322222222
 30
0.0
 10
431.7992238888889
 20
202.9237044444444
 30
0.0
 10
429.7531127777777
 20
203.12126
 30
0.0
 10
429.7531127777777
 20
199.7487044444444
 30
0.0
 10
429.7531127777777
 20
198.0906488888889
 30
0.0
 10
428.4125572222222
 20
196.7465655555555
 30
0.0
 10
426.7545016666666
 20
196.7465655555555
 30
0.0
 10
424.0875016666666
 20
196.7465655555555
 30
0.0
 10
421.4205016666667
 20
196.7465655555555
 30
0.0
 10
418.7535016666666
 20
196.7465655555555
 30
0.0
 10
417.0954461111111
 20
196.7465655555555
 30
0.0
 10
415.7548905555556
 20
198.0906488888889
 30
0.0
 10
415.7548905555556
 20
199.7487044444444
 30
0.0
 10
415.7548905555556
 20
199.8051488888889
 30
0.0
 10
416.5380572222222
 20
199.8474822222222
 30
0.0
 10
417.5046683333333
 20
199.8474822222222
 30
0.0
 10
418.4712794444445
 20
199.8474822222222
 30
0.0
 10
419.0815849999999
 20
199.7487044444444
 30
0.0
 10
419.2544461111111
 20
199.7487044444444
 30
0.0
 10
420.4209646296296
 20
199.7487044444444
 30
0.0
 10
421.5874831481481
 20
199.7487044444444
 30
0.0
 10
422.7540016666666
 20
199.7487044444444
 30
0.0
 10
422.7540016666666
 20
200.7482414814815
 30
0.0
 10
422.7540016666666
 20
201.7477785185185
 30
0.0
 10
422.7540016666666
 20
202.7473155555556
 30
0.0
 10
421.5874831481481
 20
202.7473155555556
 30
0.0
 10
420.4209646296296
 20
202.7473155555556
 30
0.0
 10
419.2544461111111
 20
202.7473155555556
 30
0.0
 10
419.0815849999999
 20
202.7473155555556
 30
0.0
 10
418.4712794444445
 20
202.6485377777777
 30
0.0
 10
417.5046683333333
 20
202.6485377777777
 30
0.0
 10
416.5380572222222
 20
202.6485377777777
 30
0.0
 10
415.7548905555556
 20
202.6943988888889
 30
0.0
 10
415.7548905555556
 20
202.7473155555556
 30
0.0
 10
415.7548905555556
 20
206.1868988888889
 30
0.0
 10
418.4113072222222
 20
204.7228711111111
 30
0.0
 10
418.4113072222222
 20
211.8313433333333
 30
0.0
 10
418.4113072222222
 20
240.0817877777777
 30
0.0
 10
400.9840849999999
 20
263.9754266666666
 30
0.0
 10
376.5436405555555
 20
274.4564544444444
 30
0.0
 10
371.4001405555555
 20
276.6613155555555
 30
0.0
 10
368.7790016666667
 20
274.5164266666666
 30
0.0
 10
360.8767794444444
 20
274.5164266666666
 30
0.0
 10
359.5397516666666
 20
274.5164266666666
 30
0.0
 10
358.4567238888889
 20
275.8252322222222
 30
0.0
 10
358.4567238888889
 20
277.6243988888889
 30
0.0
 10
358.4567238888889
 20
277.6773155555555
 30
0.0
 10
359.2398905555555
 20
277.7231766666666
 30
0.0
 10
360.2065016666667
 20
277.7231766666666
 30
0.0
 10
361.1731127777778
 20
277.7231766666666
 30
0.0
 10
361.7798905555555
 20
277.6243988888889
 30
0.0
 10
361.9562794444444
 20
277.6243988888889
 30
0.0
 10
363.122797962963
 20
277.6243988888889
 30
0.0
 10
364.2893164814815
 20
277.6243988888889
 30
0.0
 10
365.455835
 20
277.6243988888889
 30
0.0
 10
365.455835
 20
278.6239359259259
 30
0.0
 10
365.455835
 20
279.623472962963
 30
0.0
 10
365.455835
 20
280.62301
 30
0.0
 10
364.2893164814815
 20
280.62301
 30
0.0
 10
363.122797962963
 20
280.62301
 30
0.0
 10
361.9562794444444
 20
280.62301
 30
0.0
 10
361.7798905555555
 20
280.62301
 30
0.0
 10
361.1731127777778
 20
280.5242322222222
 30
0.0
 10
360.2065016666667
 20
280.5242322222222
 30
0.0
 10
359.2398905555555
 20
280.5242322222222
 30
0.0
 10
358.4567238888889
 20
280.5665655555555
 30
0.0
 10
358.4567238888889
 20
280.62301
 30
0.0
 10
358.4567238888889
 20
283.8791488888888
 30
0.0
 10
361.0813905555556
 20
288.0383988888889
 30
0.0
 10
361.9210016666666
 20
287.8443711111111
 30
0.0
 10
361.9598072222222
 20
287.8831766666666
 30
0.0
 10
362.5454183333334
 20
287.3610655555556
 30
0.0
 10
363.2298072222222
 20
286.6766766666667
 30
0.0
 10
363.9106683333333
 20
285.9922877777777
 30
0.0
 10
364.2705016666666
 20
285.4913433333333
 30
0.0
 10
364.3939738888888
 20
285.3678711111111
 30
0.0
 10
365.0148627777778
 20
284.75051
 30
0.0
 10
365.455835
 20
284.3095377777777
 30
0.0
 10
365.455835
 20
284.3095377777777
 30
0.0
 10
366.1625664814815
 20
285.0162692592592
 30
0.0
 10
366.8692979629629
 20
285.7230007407407
 30
0.0
 10
367.5760294444444
 20
286.4297322222222
 30
0.0
 10
367.5760294444444
 20
286.4297322222222
 30
0.0
 10
367.1350572222221
 20
286.8707044444444
 30
0.0
 10
366.517696111111
 20
287.4915933333333
 30
0.0
 10
366.3942238888889
 20
287.6150655555555
 30
0.0
 10
365.8932794444444
 20
287.9748988888889
 30
0.0
 10
365.2088905555556
 20
288.6592877777778
 30
0.0
 10
364.5245016666667
 20
289.3401488888888
 30
0.0
 10
364.0023905555555
 20
289.92576
 30
0.0
 10
364.041196111111
 20
289.9645655555555
 30
0.0
 10
366.8634183333333
 20
292.7867877777777
 30
0.0
 10
370.2924183333333
 20
286.2004266666667
 30
0.0
 10
371.1002794444445
 20
285.907621111111
 30
0.0
 10
371.1426127777777
 20
285.9393711111111
 30
0.0
 10
371.6611961111111
 20
285.3502322222222
 30
0.0
 10
372.2573905555555
 20
284.5882322222222
 30
0.0
 10
372.8500572222222
 20
283.8262322222222
 30
0.0
 10
373.1463905555556
 20
283.2864822222222
 30
0.0
 10
373.2557516666666
 20
283.1488988888889
 30
0.0
 10
373.7919738888889
 20
282.4574544444444
 30
0.0
 10
374.1800294444444
 20
281.9670933333333
 30
0.0
 10
374.1800294444444
 20
281.9670933333333
 30
0.0
 10
374.9678998148148
 20
282.5821025925925
 30
0.0
 10
375.7557701851852
 20
283.1971118518518
 30
0.0
 10
376.5436405555555
 20
283.8121211111111
 30
0.0
 10
376.5436405555555
 20
283.8121211111111
 30
0.0
 10
376.1591127777778
 20
284.30601
 30
0.0
 10
375.6193627777778
 20
284.9939266666667
 30
0.0
 10
375.5100016666667
 20
285.13151
 30
0.0
 10
375.058446111111
 20
285.5513155555555
 30
0.0
 10
374.4622516666666
 20
286.3133155555556
 30
0.0
 10
373.8660572222222
 20
287.0753155555555
 30
0.0
 10
373.4215572222222
 20
287.7208988888889
 30
0.0
 10
373.4638905555555
 20
287.7526488888889
 30
0.0
 10
376.6071405555555
 20
290.21151
 30
0.0
 10
379.2106405555555
 20
283.2547322222222
 30
0.0
 10
379.9761683333333
 20
282.8631488888889
 30
0.0
 10
380.0220294444445
 20
282.8913711111111
 30
0.0
 10
380.4630016666667
 20
282.2457877777778
 30
0.0
 10
380.9639461111111
 20
281.41676
 30
0.0
 10
381.4613627777778
 20
280.5877322222222
 30
0.0
 10
381.6871405555555
 20
280.0127044444444
 30
0.0
 10
381.7788627777778
 20
279.8645377777778
 30
0.0
 10
382.2268905555555
 20
279.1131211111111
 30
0.0
 10
382.5514461111111
 20
278.5768988888889
 30
0.0
 10
382.5514461111111
 20
278.5768988888889
 30
0.0
 10
383.4086961111111
 20
279.0919544444444
 30
0.0
 10
384.2659461111111
 20
279.6070099999999
 30
0.0
 10
385.1231961111112
 20
280.1220655555555
 30
0.0
 10
385.1231961111112
 20
280.1220655555555
 30
0.0
 10
384.7986405555556
 20
280.6582877777778
 30
0.0
 10
384.3506127777778
 20
281.4097044444444
 30
0.0
 10
384.2588905555556
 20
281.5578711111111
 30
0.0
 10
383.8602516666666
 20
282.0305933333333
 30
0.0
 10
383.362835
 20
282.8596211111111
 30
0.0
 10
382.8654183333333
 20
283.6886488888888
 30
0.0
 10
382.4985294444444
 20
284.3800933333333
 30
0.0
 10
382.5479183333333
 20
284.4083155555555
 30
0.0
 10
385.966335
 20
286.4650099999999
 30
0.0
 10
387.7020016666667
 20
279.2436488888889
 30
0.0
 10
388.4146127777778
 20
278.7638711111111
 30
0.0
 10
388.4640016666666
 20
278.7850377777777
 30
0.0
 10
388.8238349999999
 20
278.0900655555555
 30
0.0
 10
389.2154183333333
 20
277.2045933333333
 30
0.0
 10
389.6105294444444
 20
276.3226488888889
 30
0.0
 10
389.7657516666666
 20
275.7264544444444
 30
0.0
 10
389.8363072222222
 20
275.5677044444444
 30
0.0
 10
390.1926127777778
 20
274.7668988888889
 30
0.0
 10
390.4466127777778
 20
274.1953988888889
 30
0.0
 10
390.4466127777778
 20
274.1953988888889
 30
0.0
 10
391.3603072222222
 20
274.6022692592592
 30
0.0
 10
392.2740016666667
 20
275.0091396296296
 30
0.0
 10
393.1876961111111
 20
275.41601
 30
0.0
 10
393.1876961111111
 20
275.41601
 30
0.0
 10
392.9336961111111
 20
275.98751
 30
0.0
 10
392.5773905555556
 20
276.7847877777778
 30
0.0
 10
392.506835
 20
276.9470655555555
 30
0.0
 10
392.1681683333333
 20
277.4621211111111
 30
0.0
 10
391.7730572222222
 20
278.3440655555555
 30
0.0
 10
391.3814738888888
 20
279.2295377777778
 30
0.0
 10
391.1027794444444
 20
279.9597877777778
 30
0.0
 10
391.1556961111111
 20
279.9844822222222
 30
0.0
 10
394.7998905555555
 20
281.60726
 30
0.0
 10
395.6395016666667
 20
274.2271488888889
 30
0.0
 10
396.2886127777778
 20
273.6662322222222
 30
0.0
 10
396.3450572222222
 20
273.6662322222222
 30
0.0
 10
396.6166961111111
 20
272.93951
 30
0.0
 10
396.8953905555555
 20
272.01876
 30
0.0
 10
397.1776127777778
 20
271.0944822222222
 30
0.0
 10
397.2622794444444
 20
270.4841766666667
 30
0.0
 10
397.3116683333333
 20
270.3183711111111
 30
0.0
 10
397.5691961111111
 20
269.4822877777777
 30
0.0
 10
397.7526405555556
 20
268.8825655555555
 30
0.0
 10
397.7526405555556
 20
268.8825655555555
 30
0.0
 10
398.7086683333334
 20
269.1753711111111
 30
0.0
 10
399.6646961111111
 20
269.4681766666666
 30
0.0
 10
400.6207238888888
 20
269.7609822222222
 30
0.0
 10
400.6207238888888
 20
269.7609822222222
 30
0.0
 10
400.4372794444444
 20
270.3571766666666
 30
0.0
 10
400.1797516666666
 20
271.19326
 30
0.0
 10
400.1303627777778
 20
271.3625933333333
 30
0.0
 10
399.8551961111111
 20
271.9129266666666
 30
0.0
 10
399.5729738888888
 20
272.8372044444444
 30
0.0
 10
399.2907516666666
 20
273.76501
 30
0.0
 10
399.1037794444444
 20
274.52701
 30
0.0
 10
399.1566961111111
 20
274.5411211111111
 30
0.0
 10
402.9737516666667
 20
275.7088155555555
 30
0.0
 10
402.9102516666666
 20
268.2828433333333
 30
0.0
 10
403.4852794444445
 20
267.6443155555555
 30
0.0
 10
403.5417238888888
 20
267.6443155555555
 30
0.0
 10
403.7181127777777
 20
266.8823155555555
 30
0.0
 10
403.887446111111
 20
265.9368711111111
 30
0.0
 10
404.0532516666667
 20
264.9843711111111
 30
0.0
 10
404.063835
 20
264.3705377777778
 30
0.0
 10
404.0920572222223
 20
264.1976766666666
 30
0.0
 10
404.2437516666666
 20
263.3368988888889
 30
0.0
 10
404.3531127777777
 20
262.7195377777778
 30
0.0
 10
404.3531127777777
 20
262.7195377777778
 30
0.0
 10
405.3373627777777
 20
262.8935748148148
 30
0.0
 10
406.3216127777778
 20
263.0676118518518
 30
0.0
 10
407.3058627777777
 20
263.2416488888888
 30
0.0
 10
407.3058627777777
 20
263.2416488888888
 30
0.0
 10
407.2000294444445
 20
263.8554822222222
 30
0.0
 10
407.048335
 20
264.7197877777778
 30
0.0
 10
407.016585
 20
264.8891211111111
 30
0.0
 10
406.8119738888888
 20
265.4712044444444
 30
0.0
 10
406.6461683333333
 20
266.4237044444444
 30
0.0
 10
406.476835
 20
267.3762044444444
 30
0.0
 10
406.3851127777778
 20
268.1558433333333
 30
0.0
 10
406.4380294444444
 20
268.1664266666666
 30
0.0
 10
410.3679738888889
 20
268.8578711111111
 30
0.0
 10
409.397835
 20
261.4953988888889
 30
0.0
 10
409.8917238888889
 20
260.7898433333333
 30
0.0
 10
409.9481683333333
 20
260.7898433333333
 30
0.0
 10
410.032835
 20
260.0102044444444
 30
0.0
 10
410.0857516666666
 20
259.0506488888889
 30
0.0
 10
410.1351405555556
 20
258.0840377777778
 30
0.0
 10
410.0681127777777
 20
257.4702044444444
 30
0.0
 10
410.0751683333333
 20
257.2973433333333
 30
0.0
 10
410.1210294444444
 20
256.4224544444444
 30
0.0
 10
410.1527794444444
 20
255.7980377777778
 30
0.0
 10
410.1527794444444
 20
255.7980377777778
 30
0.0
 10
411.1523164814814
 20
255.8509544444445
 30
0.0
 10
412.1518535185185
 20
255.9038711111111
 30
0.0
 10
413.1513905555555
 20
255.9567877777777
 30
0.0
 10
413.1513905555555
 20
255.9567877777777
 30
0.0
 10
413.1161127777777
 20
256.5776766666667
 30
0.0
 10
413.0702516666666
 20
257.4525655555555
 30
0.0
 10
413.063196111111
 20
257.6289544444444
 30
0.0
 10
412.9326683333333
 20
258.2286766666667
 30
0.0
 10
412.8797516666666
 20
259.1952877777778
 30
0.0
 10
412.8303627777778
 20
260.1618988888889
 30
0.0
 10
412.8338905555556
 20
260.9450655555555
 30
0.0
 10
412.8903349999999
 20
260.9485933333333
 30
0.0
 10
416.873196111111
 20
261.1567322222222
 30
0.0
 10
415.0140572222222
 20
253.9671211111111
 30
0.0
 10
415.4197516666666
 20
253.2086488888889
 30
0.0
 10
415.4726683333333
 20
253.2051211111111
 30
0.0
 10
415.4620849999999
 20
252.4219544444444
 30
0.0
 10
415.3950572222222
 20
251.4553433333333
 30
0.0
 10
415.3280294444444
 20
250.49226
 30
0.0
 10
415.1869183333333
 20
249.8925377777778
 30
0.0
 10
415.1728072222222
 20
249.7161488888889
 30
0.0
 10
415.1128349999999
 20
248.8447877777778
 30
0.0
 10
415.0705016666666
 20
248.2203711111111
 30
0.0
 10
415.0705016666666
 20
248.2203711111111
 30
0.0
 10
416.0676868518519
 20
248.1509914814815
 30
0.0
 10
417.064872037037
 20
248.0816118518518
 30
0.0
 10
418.0620572222222
 20
248.0122322222222
 30
0.0
 10
418.0620572222222
 20
248.0122322222222
 30
0.0
 10
418.1043905555555
 20
248.6366488888889
 30
0.0
 10
418.1678905555555
 20
249.50801
 30
0.0
 10
418.1784738888888
 20
249.6808711111111
 30
0.0
 10
418.1220294444444
 20
250.2947044444444
 30
0.0
 10
418.1890572222222
 20
251.2613155555555
 30
0.0
 10
418.256085
 20
252.2208711111111
 30
0.0
 10
418.3548627777777
 20
253.00051
 30
0.0
 10
418.4113072222222
 20
253.00051
 30
0.0
 10
422.3906405555555
 20
252.7218155555555
 30
0.0
 10
419.6707238888889
 20
245.8108988888889
 30
0.0
 10
419.9776405555556
 20
245.0100933333333
 30
0.0
 10
420.0305572222222
 20
244.99951
 30
0.0
 10
419.9282516666667
 20
244.2233988888889
 30
0.0
 10
419.7412794444444
 20
243.2708988888889
 30
0.0
 10
419.557835
 20
242.3219266666666
 30
0.0
 10
419.3426405555555
 20
241.7433711111111
 30
0.0
 10
419.3108905555555
 20
241.5740377777778
 30
0.0
 10
419.1415572222222
 20
240.71326
 30
0.0
 10
419.0251405555555
 20
240.1029544444444
 30
0.0
 10
419.0251405555555
 20
240.1029544444444
 30
0.0
 10
420.0058627777777
 20
239.9112785185185
 30
0.0
 10
420.9865849999999
 20
239.7196025925926
 30
0.0
 10
421.9673072222222
 20
239.5279266666666
 30
0.0
 10
421.9673072222222
 20
239.5279266666666
 30
0.0
 10
422.0872516666666
 20
240.14176
 30
0.0
 10
422.2565849999999
 20
241.0025377777777
 30
0.0
 10
422.288335
 20
241.1718711111111
 30
0.0
 10
422.3059738888888
 20
241.7892322222222
 30
0.0
 10
422.4894183333333
 20
242.7382044444444
 30
0.0
 10
422.6763905555555
 20
243.6801211111111
 30
0.0
 10
422.8668905555555
 20
244.4385933333333
 30
0.0
 10
422.923335
 20
244.4385933333333
 30
0.0
 10
426.8391683333332
 20
243.6765933333333
 30
0.0
 10
423.2972794444444
 20
237.1502044444444
 30
0.0
 10
423.5054183333334
 20
236.3141211111111
 30
0.0
 10
423.5583349999999
 20
236.30001
 30
0.0
 10
423.3572516666666
 20
235.5415377777777
 30
0.0
 10
423.0573905555556
 20
234.6207877777778
 30
0.0
 10
422.7610572222222
 20
233.7000377777778
 30
0.0
 10
422.4788349999999
 20
233.1532322222222
 30
0.0
 10
422.4223905555555
 20
232.9874266666666
 30
0.0
 10
422.1542794444444
 20
232.1548711111111
 30
0.0
 10
421.9602516666666
 20
231.5586766666667
 30
0.0
 10
421.9602516666666
 20
231.5586766666667
 30
0.0
 10
422.9115757407407
 20
231.2505840740741
 30
0.0
 10
423.8628998148147
 20
230.9424914814814
 30
0.0
 10
424.8142238888888
 20
230.6343988888889
 30
0.0
 10
424.8142238888888
 20
230.6343988888889
 30
0.0
 10
425.0047238888889
 20
231.2270655555555
 30
0.0
 10
425.2763627777778
 20
232.0596211111111
 30
0.0
 10
425.3292794444444
 20
232.2254266666666
 30
0.0
 10
425.4245294444444
 20
232.8357322222222
 30
0.0
 10
425.7208627777778
 20
233.7564822222222
 30
0.0
 10
426.017196111111
 20
234.6666488888889
 30
0.0
 10
426.2994183333333
 20
235.3898433333333
 30
0.0
 10
426.3593905555555
 20
235.3898433333333
 30
0.0
 10
430.1552794444444
 20
234.1551211111111
 30
0.0
 10
425.8408072222222
 20
228.10851
 30
0.0
 10
425.9466405555555
 20
227.2547877777778
 30
0.0
 10
425.9960294444444
 20
227.2336211111111
 30
0.0
 10
425.7067516666667
 20
226.5033711111111
 30
0.0
 10
425.2975294444444
 20
225.6284822222222
 30
0.0
 10
424.8883072222222
 20
224.7500655555556
 30
0.0
 10
424.5390572222221
 20
224.2420655555555
 30
0.0
 10
424.4649738888889
 20
224.0833155555555
 30
0.0
 10
424.098085
 20
223.2895655555555
 30
0.0
 10
423.8335016666666
 20
222.7251211111111
 30
0.0
 10
423.8335016666666
 20
222.7251211111111
 30
0.0
 10
424.7389646296296
 20
222.3029637037037
 30
0.0
 10
425.6444275925925
 20
221.8808062962963
 30
0.0
 10
426.5498905555555
 20
221.4586488888889
 30
0.0
 10
426.5498905555555
 20
221.4586488888889
 30
0.0
 10
426.8144738888889
 20
222.0230933333333
 30
0.0
 10
427.1848905555555
 20
222.8168433333333
 30
0.0
 10
427.2589738888888
 20
222.9755933333333
 30
0.0
 10
427.4247794444444
 20
223.56826
 30
0.0
 10
427.8340016666667
 20
224.4431488888889
 30
0.0
 10
428.2432238888888
 20
225.3215655555555
 30
0.0
 10
428.6136405555555
 20
226.01301
 30
0.0
 10
428.6630294444444
 20
225.9883155555555
 30
0.0
 10
432.2825294444444
 20
224.3020377777778
 30
0.0
 10
427.2660294444444
 20
218.8269266666666
 30
0.0
 10
427.2660294444444
 20
217.9661488888889
 30
0.0
 10
427.3118905555555
 20
217.9379266666666
 30
0.0
 10
426.9344183333333
 20
217.25001
 30
0.0
 10
426.4228905555556
 20
216.4315655555555
 30
0.0
 10
425.907835
 20
215.6095933333333
 30
0.0
 10
425.5021405555555
 20
215.1474544444444
 30
0.0
 10
425.4104183333333
 20
214.9992877777778
 30
0.0
 10
424.9447516666667
 20
214.2584544444444
 30
0.0
 10
424.6131405555555
 20
213.72576
 30
0.0
 10
424.6131405555555
 20
213.72576
 30
0.0
 10
425.462159074074
 20
213.1965933333333
 30
0.0
 10
426.3111775925925
 20
212.6674266666666
 30
0.0
 10
427.1601961111111
 20
212.13826
 30
0.0
 10
427.1601961111111
 20
212.13826
 30
0.0
 10
427.4918072222222
 20
212.6674266666667
 30
0.0
 10
427.9539461111111
 20
213.40826
 30
0.0
 10
428.0456683333333
 20
213.5564266666667
 30
0.0
 10
428.2855572222222
 20
214.1279266666667
 30
0.0
 10
428.797085
 20
214.9463711111111
 30
0.0
 10
429.3086127777777
 20
215.7683433333333
 30
0.0
 10
429.7601683333334
 20
216.4068711111111
 30
0.0
 10
429.8095572222222
 20
216.3786488888889
 30
0.0
 10
433.192696111111
 20
214.2619822222222
 30
0.0
 10
430.4480849999999
 20
211.0234822222222
 30
0.0
 10
430.4480849999999
 20
208.77276
 30
0.0
 10
430.4480849999999
 20
208.7127877777777
 30
0.0
 10
429.7001961111111
 20
208.4940655555555
 30
0.0
 10
428.7653349999999
 20
208.2788711111111
 30
0.0
 10
427.8234183333333
 20
208.0636766666667
 30
0.0
 10
427.209585
 20
208.0248711111111
 30
0.0
 10
427.0367238888889
 20
207.9860655555555
 30
0.0
 10
426.1865294444444
 20
207.78851
 30
0.0
 10
425.5762238888889
 20
207.6473988888889
 30
0.0
 10
425.5762238888889
 20
207.6473988888889
 30
0.0
 10
425.8008257407407
 20
206.6725562962963
 30
0.0
 10
426.0254275925925
 20
205.6977137037037
 30
0.0
 10
426.2500294444444
 20
204.7228711111111
 30
0.0
 10
426.2500294444444
 20
204.7228711111111
 30
0.0
 10
426.860335
 20
204.8639822222222
 30
0.0
 10
427.7140572222222
 20
205.0615377777777
 30
0.0
 10
427.8833905555555
 20
205.1003433333333
 30
0.0
 10
428.4548905555556
 20
205.3331766666666
 30
0.0
 10
429.3968072222222
 20
205.5518988888889
 30
0.0
 10
430.3387238888889
 20
205.7706211111111
 30
0.0
 10
431.1113072222222
 20
205.9011488888889
 30
0.0
 10
431.1218905555555
 20
205.8482322222222
 30
0.0
  0
SPLINE
  5
196
330
1F
100
AcDbEntity
  8
DEFAULT
 62
     1
100
AcDbSpline
210
0.0
220
0.0
230
1.0
 70
    11
 71
     3
 72
   170
 73
   166
 74
     0
 42
0.000000001
 43
0.0000000001
 40
1.0
 40
1.0
 40
1.0
 40
1.0
 40
2.0
 40
2.0
 40
2.0
 40
3.0
 40
3.0
 40
3.0
 40
4.0
 40
4.0
 40
4.0
 40
13.92099999999999
 40
13.92099999999999
 40
13.92099999999999
 40
22.42500000000001
 40
22.42500000000001
 40
22.42500000000001
 40
32.346
 40
32.346
 40
32.346
 40
33.346
 40
33.346
 40
33.346
 40
34.346
 40
34.346
 40
34.346
 40
35.346
 40
35.346
 40
35.346
 40
36.346
 40
36.346
 40
36.346
 40
37.346
 40
37.346
 40
37.346
 40
38.346
 40
38.346
 40
38.346
 40
39.346
 40
39.346
 40
39.346
 40
40.346
 40
40.346
 40
40.346
 40
41.346
 40
41.346
 40
41.346
 40
49.84565293409099
 40
49.84565293409099
 40
49.84565293409099
 40
50.84565293409099
 40
50.84565293409099
 40
50.84565293409099
 40
51.84565293409099
 40
51.84565293409099
 40
51.84565293409099
 40
52.84565293409099
 40
52.84565293409099
 40
52.84565293409099
 40
81.68631866843218
 40
81.68631866843218
 40
81.68631866843218
 40
85.93156306657932
 40
85.93156306657932
 40
85.93156306657932
 40
86.93156306657932
 40
86.93156306657932
 40
86.93156306657932
 40
87.93156306657932
 40
87.93156306657932
 40
87.93156306657932
 40
88.93156306657932
 40
88.93156306657932
 40
88.93156306657932
 40
89.93156306657932
 40
89.93156306657932
 40
89.93156306657932
 40
98.42935689792165
 40
98.42935689792165
 40
98.42935689792165
 40
99.42935689792165
 40
99.42935689792165
 40
99.42935689792165
 40
100.4293568979217
 40
100.4293568979217
 40
100.4293568979217
 40
101.4293568979217
 40
101.4293568979217
 40
101.4293568979217
 40
130.2763272761087
 40
130.2763272761087
 40
130.2763272761087
 40
134.5286325332604
 40
134.5286325332604
 40
134.5286325332604
 40
135.5286325332604
 40
135.5286325332604
 40
135.5286325332604
 40
136.5286325332604
 40
136.5286325332604
 40
136.5286325332604
 40
137.5286325332604
 40
137.5286325332604
 40
137.5286325332604
 40
138.5286325332604
 40
138.5286325332604
 40
138.5286325332604
 40
147.0332959598753
 40
147.0332959598753
 40
147.0332959598753
 40
148.0332959598753
 40
148.0332959598753
 40
148.0332959598753
 40
149.0332959598753
 40
149.0332959598753
 40
149.0332959598753
 40
150.0332959598753
 40
150.0332959598753
 40
150.0332959598753
 40
178.8743795040143
 40
178.8743795040143
 40
178.8743795040143
 40
183.1283776234309
 40
183.1283776234309
 40
183.1283776234309
 40
184.1283776234309
 40
184.1283776234309
 40
184.1283776234309
 40
206.3483776234309
 40
206.3483776234309
 40
206.3483776234309
 40
207.3483776234309
 40
207.3483776234309
 40
207.3483776234309
 40
208.3483776234309
 40
208.3483776234309
 40
208.3483776234309
 40
218.268377623431
 40
218.268377623431
 40
218.268377623431
 40
226.778377623431
 40
226.778377623431
 40
226.778377623431
 40
236.698377623431
 40
236.698377623431
 40
236.698377623431
 40
237.698377623431
 40
237.698377623431
 40
237.698377623431
 40
238.698377623431
 40
238.698377623431
 40
238.698377623431
 40
239.698377623431
 40
239.698377623431
 40
239.698377623431
 40
240.698377623431
 40
240.698377623431
 40
240.698377623431
 40
241.698377623431
 40
241.698377623431
 40
241.698377623431
 40
242.698377623431
 40
242.698377623431
 40
242.698377623431
 40
243.698377623431
 40
243.698377623431
 40
243.698377623431
 40
243.698377623431
 10
287.6850919444444
 20
159.6029108333333
 30
0.0
 10
287.6850919444444
 20
161.2609663888889
 30
0.0
 10
286.3431252777778
 20
162.6029330555556
 30
0.0
 10
284.6850697222222
 20
162.6029330555556
 30
0.0
 10
284.6296836111111
 20
162.6029330555556
 30
0.0
 10
284.5848808333333
 20
163.3857469444444
 30
0.0
 10
284.5848808333333
 20
164.3530636111111
 30
0.0
 10
284.5848808333333
 20
165.3203802777778
 30
0.0
 10
284.6850697222222
 20
165.9282163888889
 30
0.0
 10
284.6850697222222
 20
166.1028413888889
 30
0.0
 10
284.6850697222222
 20
167.2694775
 30
0.0
 10
284.6850697222222
 20
168.4361136111111
 30
0.0
 10
284.6850697222222
 20
169.6027497222222
 30
0.0
 10
283.6850623148148
 20
169.6027497222222
 30
0.0
 10
282.6850549074074
 20
169.6027497222222
 30
0.0
 10
281.6850475
 20
169.6027497222222
 30
0.0
 10
281.6850475
 20
168.4361136111111
 30
0.0
 10
281.6850475
 20
167.2694775
 30
0.0
 10
281.6850475
 20
166.1028413888889
 30
0.0
 10
281.6850475
 20
165.9282163888889
 30
0.0
 10
281.7852363888888
 20
165.3203802777778
 30
0.0
 10
281.7852363888888
 20
164.3530636111111
 30
0.0
 10
281.7852363888888
 20
163.3857469444444
 30
0.0
 10
281.7404336111111
 20
162.6029330555556
 30
0.0
 10
281.6850475
 20
162.6029330555556
 30
0.0
 10
275.8000086111111
 20
162.6029330555556
 30
0.0
 10
279.1760919444444
 20
172.0108108333333
 30
0.0
 10
276.7341641666666
 20
174.3370275
 30
0.0
 10
274.9579280555556
 20
176.0289497222222
 30
0.0
 10
271.9071058333333
 20
175.4122941666667
 30
0.0
 10
269.8846308333333
 20
175.8021136111111
 30
0.0
 10
268.6883613888889
 20
176.0328302777778
 30
0.0
 10
267.8515725
 20
176.6159719444444
 30
0.0
 10
267.8515725
 20
178.2376913888889
 30
0.0
 10
267.8692113888889
 20
179.5782469444444
 30
0.0
 10
268.1412030555555
 20
181.0207552777778
 30
0.0
 10
268.7479808333334
 20
182.4177552777778
 30
0.0
 10
269.4076752777778
 20
183.9382275
 30
0.0
 10
271.1750919444444
 20
184.6331997222222
 30
0.0
 10
272.6955641666667
 20
183.9699775
 30
0.0
 10
272.7449530555555
 20
183.9488108333333
 30
0.0
 10
272.4733141666667
 20
183.2150330555555
 30
0.0
 10
272.0852586111111
 20
182.3260330555555
 30
0.0
 10
271.7007308333334
 20
181.4405608333333
 30
0.0
 10
271.3691197222222
 20
180.9255052777777
 30
0.0
 10
271.2985641666667
 20
180.7632275
 30
0.0
 10
272.214610462963
 20
180.3634126851852
 30
0.0
 10
273.1306567592592
 20
179.9635978703704
 30
0.0
 10
274.0467030555556
 20
179.5637830555555
 30
0.0
 10
274.0467030555556
 20
179.5637830555555
 30
0.0
 10
275.0944530555555
 20
181.9697275
 30
0.0
 10
275.4437030555555
 20
182.7740608333333
 30
0.0
 10
275.5142586111111
 20
182.9363386111111
 30
0.0
 10
275.6659530555555
 20
183.5290052777778
 30
0.0
 10
276.0540086111111
 20
184.4180052777778
 30
0.0
 10
276.4385363888889
 20
185.3070052777778
 30
0.0
 10
276.7913141666667
 20
185.8608663888889
 30
0.0
 10
276.8407030555555
 20
185.9808108333333
 30
0.0
 10
278.1953697222222
 20
189.0899589814815
 30
0.0
 10
279.5500363888889
 20
192.1991071296296
 30
0.0
 10
280.9047030555556
 20
195.3082552777778
 30
0.0
 10
280.4472678703704
 20
195.5081626851852
 30
0.0
 10
279.9898326851852
 20
195.7080700925926
 30
0.0
 10
279.5323975
 20
195.9079775
 30
0.0
 10
277.6344530555555
 20
196.7334775
 30
0.0
 10
278.1565641666667
 20
202.1168663888889
 30
0.0
 10
281.8148697222222
 20
205.5246997222222
 30
0.0
 10
283.0284252777777
 20
206.6535886111111
 30
0.0
 10
284.9228419444444
 20
206.5865608333333
 30
0.0
 10
286.0552586111111
 20
205.3730052777778
 30
0.0
 10
286.0905363888889
 20
205.3341997222222
 30
0.0
 10
285.5507863888889
 20
204.7697552777778
 30
0.0
 10
284.8417030555556
 20
204.1100608333333
 30
0.0
 10
284.1326197222222
 20
203.4503663888889
 30
0.0
 10
283.6210919444445
 20
203.1081719444445
 30
0.0
 10
283.4940919444444
 20
202.9882275
 30
0.0
 10
284.1749530555556
 20
202.2568015740741
 30
0.0
 10
284.8558141666667
 20
201.5253756481482
 30
0.0
 10
285.5366752777778
 20
200.7939497222222
 30
0.0
 10
285.5366752777778
 20
200.7939497222222
 30
0.0
 10
287.4557863888889
 20
202.5825330555556
 30
0.0
 10
288.0978419444444
 20
203.1787275
 30
0.0
 10
288.2283697222222
 20
203.2986719444444
 30
0.0
 10
288.6023141666666
 20
203.7855052777778
 30
0.0
 10
289.3113975
 20
204.4451997222222
 30
0.0
 10
290.0204808333334
 20
205.1048941666667
 30
0.0
 10
290.5637586111111
 20
205.4753108333333
 30
0.0
 10
290.6590086111111
 20
205.5635052777778
 30
0.0
 10
293.1413882407407
 20
207.8753756481481
 30
0.0
 10
295.6237678703703
 20
210.1872460185185
 30
0.0
 10
298.1061475
 20
212.4991163888889
 30
0.0
 10
297.7651289814814
 20
212.8648293518519
 30
0.0
 10
297.424110462963
 20
213.2305423148148
 30
0.0
 10
297.0830919444444
 20
213.5962552777777
 30
0.0
 10
295.6719808333333
 20
215.1096719444444
 30
0.0
 10
298.3001752777778
 20
219.8404219444444
 30
0.0
 10
303.0168141666667
 20
221.5020052777778
 30
0.0
 10
304.5796197222222
 20
222.0523386111111
 30
0.0
 10
306.2905919444444
 20
221.2338941666666
 30
0.0
 10
306.8444530555555
 20
219.6710886111111
 30
0.0
 10
306.8620919444444
 20
219.6216997222222
 30
0.0
 10
306.1388975
 20
219.3183108333333
 30
0.0
 10
305.2252030555555
 20
218.9937552777778
 30
0.0
 10
304.3150363888889
 20
218.6727275
 30
0.0
 10
303.7082586111111
 20
218.5668941666667
 30
0.0
 10
303.5424530555555
 20
218.5069219444445
 30
0.0
 10
303.8752400925925
 20
217.5638293518518
 30
0.0
 10
304.2080271296296
 20
216.6207367592592
 30
0.0
 10
304.5408141666666
 20
215.6776441666666
 30
0.0
 10
304.5408141666666
 20
215.6776441666666
 30
0.0
 10
307.0137863888889
 20
216.5525330555555
 30
0.0
 10
307.8392863888889
 20
216.8418108333333
 30
0.0
 10
308.0050919444444
 20
216.9017830555555
 30
0.0
 10
308.5448419444444
 20
217.1945886111111
 30
0.0
 10
309.4585363888889
 20
217.5156163888889
 30
0.0
 10
310.3722308333333
 20
217.8401719444444
 30
0.0
 10
311.0178141666667
 20
217.9636441666667
 30
0.0
 10
311.1412863888889
 20
218.0059775
 30
0.0
 10
314.3398049074074
 20
219.1336904629629
 30
0.0
 10
317.5383234259259
 20
220.2614034259259
 30
0.0
 10
320.7368419444444
 20
221.3891163888889
 30
0.0
 10
320.5698604629629
 20
221.8606626851852
 30
0.0
 10
320.4028789814815
 20
222.3322089814815
 30
0.0
 10
320.2358975
 20
222.8037552777778
 30
0.0
 10
319.5515086111111
 20
224.7546163888889
 30
0.0
 10
327.0198141666667
 20
229.9475052777778
 30
0.0
 10
327.0198141666667
 20
222.4862552777778
 30
0.0
 10
327.0198141666667
 20
219.8733478703704
 30
0.0
 10
327.0198141666667
 20
217.2604404629629
 30
0.0
 10
327.0198141666667
 20
214.6475330555555
 30
0.0
 10
327.0198141666667
 20
214.5910886111111
 30
0.0
 10
326.2366475
 20
214.5452275
 30
0.0
 10
325.2700363888889
 20
214.5452275
 30
0.0
 10
324.3034252777778
 20
214.5452275
 30
0.0
 10
323.6966475
 20
214.6475330555555
 30
0.0
 10
323.5202586111111
 20
214.6475330555555
 30
0.0
 10
322.3537400925925
 20
214.6475330555555
 30
0.0
 10
321.187221574074
 20
214.6475330555555
 30
0.0
 10
320.0207030555555
 20
214.6475330555555
 30
0.0
 10
320.0207030555555
 20
213.6468200925925
 30
0.0
 10
320.0207030555555
 20
212.6461071296296
 30
0.0
 10
320.0207030555555
 20
211.6453941666666
 30
0.0
 10
321.187221574074
 20
211.6453941666666
 30
0.0
 10
322.3537400925925
 20
211.6453941666666
 30
0.0
 10
323.5202586111111
 20
211.6453941666666
 30
0.0
 10
323.6966475
 20
211.6453941666666
 30
0.0
 10
324.3034252777778
 20
211.7476997222222
 30
0.0
 10
325.2700363888889
 20
211.7476997222222
 30
0.0
 10
326.2366475
 20
211.7476997222222
 30
0.0
 10
327.0198141666667
 20
211.7018386111111
 30
0.0
 10
327.0198141666667
 20
211.6453941666666
 30
0.0
 10
327.0198141666667
 20
209.4334775
 30
0.0
 10
325.5240363888889
 20
207.8389219444445
 30
0.0
 10
323.3191752777778
 20
207.6448941666666
 30
0.0
 10
301.6480363888889
 20
205.7469497222222
 30
0.0
 10
290.7260363888889
 20
185.1094497222222
 30
0.0
 10
290.7260363888889
 20
162.6022275
 30
0.0
 10
290.7260363888889
 20
161.0429497222222
 30
0.0
 10
290.7789530555555
 20
159.4907275
 30
0.0
 10
290.8847863888889
 20
157.9561441666667
 30
0.0
 10
290.9235919444444
 20
157.3952275
 30
0.0
 10
290.4371113888889
 20
156.9567247222222
 30
0.0
 10
289.8832502777778
 20
156.9567247222222
 30
0.0
 10
288.0731475
 20
156.9567247222222
 30
0.0
 10
287.6850919444444
 20
158.1402941666666
 30
0.0
 10
287.6850919444444
 20
159.6029108333333
 30
0.0
  0
SPLINE
  5
197
330
1F
100
AcDbEntity
  8
DEFAULT
 62
     1
100
AcDbSpline
210
0.0
220
0.0
230
1.0
 70
    11
 71
     3
 72
   197
 73
   193
 74
     0
 42
0.000000001
 43
0.0000000001
 40
1.0
 40
1.0
 40
1.0
 40
1.0
 40
2.0
 40
2.0
 40
2.0
 40
3.0
 40
3.0
 40
3.0
 40
4.0
 40
4.0
 40
4.0
 40
13.92200000000003
 40
13.92200000000003
 40
13.92200000000003
 40
22.42600000000004
 40
22.42600000000004
 40
22.42600000000004
 40
32.34800000000007
 40
32.34800000000007
 40
32.34800000000007
 40
33.34800000000007
 40
33.34800000000007
 40
33.34800000000007
 40
34.34800000000007
 40
34.34800000000007
 40
34.34800000000007
 40
35.34800000000007
 40
35.34800000000007
 40
35.34800000000007
 40
36.34800000000007
 40
36.34800000000007
 40
36.34800000000007
 40
37.34800000000007
 40
37.34800000000007
 40
37.34800000000007
 40
38.34800000000007
 40
38.34800000000007
 40
38.34800000000007
 40
42.59800000000007
 40
42.59800000000007
 40
42.59800000000007
 40
71.44800000000004
 40
71.44800000000004
 40
71.44800000000004
 40
72.44800000000004
 40
72.44800000000004
 40
72.44800000000004
 40
73.44800000000004
 40
73.44800000000004
 40
73.44800000000004
 40
83.36800000000005
 40
83.36800000000005
 40
83.36800000000005
 40
91.86800000000005
 40
91.86800000000005
 40
91.86800000000005
 40
92.86800000000005
 40
92.86800000000005
 40
92.86800000000005
 40
93.86800000000005
 40
93.86800000000005
 40
93.86800000000005
 40
94.86800000000005
 40
94.86800000000005
 40
94.86800000000005
 40
95.86800000000005
 40
95.86800000000005
 40
95.86800000000005
 40
100.1224094772367
 40
100.1224094772367
 40
100.1224094772367
 40
128.9630752115778
 40
128.9630752115778
 40
128.9630752115778
 40
129.9630752115778
 40
129.9630752115778
 40
129.9630752115778
 40
130.9630752115778
 40
130.9630752115778
 40
130.9630752115778
 40
131.9630752115778
 40
131.9630752115778
 40
131.9630752115778
 40
140.4587329259634
 40
140.4587329259634
 40
140.4587329259634
 40
141.4587329259634
 40
141.4587329259634
 40
141.4587329259634
 40
142.4587329259634
 40
142.4587329259634
 40
142.4587329259634
 40
143.4587329259634
 40
143.4587329259634
 40
143.4587329259634
 40
144.4587329259634
 40
144.4587329259634
 40
144.4587329259634
 40
148.7110381831151
 40
148.7110381831151
 40
148.7110381831151
 40
177.5506914403926
 40
177.5506914403926
 40
177.5506914403926
 40
178.5506914403926
 40
178.5506914403926
 40
178.5506914403926
 40
179.5506914403926
 40
179.5506914403926
 40
179.5506914403926
 40
180.5506914403926
 40
180.5506914403926
 40
180.5506914403926
 40
189.048485271735
 40
189.048485271735
 40
189.048485271735
 40
190.048485271735
 40
190.048485271735
 40
190.048485271735
 40
191.048485271735
 40
191.048485271735
 40
191.048485271735
 40
192.048485271735
 40
192.048485271735
 40
192.048485271735
 40
193.048485271735
 40
193.048485271735
 40
193.048485271735
 40
197.3024833911516
 40
197.3024833911516
 40
197.3024833911516
 40
226.1435669352905
 40
226.1435669352905
 40
226.1435669352905
 40
227.1435669352905
 40
227.1435669352905
 40
227.1435669352905
 40
228.1435669352905
 40
228.1435669352905
 40
228.1435669352905
 40
229.1435669352905
 40
229.1435669352905
 40
229.1435669352905
 40
237.6482303619053
 40
237.6482303619053
 40
237.6482303619053
 40
238.6482303619053
 40
238.6482303619053
 40
238.6482303619053
 40
239.6482303619053
 40
239.6482303619053
 40
239.6482303619053
 40
240.6482303619053
 40
240.6482303619053
 40
240.6482303619053
 40
241.6482303619053
 40
241.6482303619053
 40
241.6482303619053
 40
263.8785025149852
 40
263.8785025149852
 40
263.8785025149852
 40
264.8785025149852
 40
264.8785025149852
 40
264.8785025149852
 40
265.8785025149852
 40
265.8785025149852
 40
265.8785025149852
 40
275.7985025149853
 40
275.7985025149853
 40
275.7985025149853
 40
284.2985025149852
 40
284.2985025149852
 40
284.2985025149852
 40
294.2185025149853
 40
294.2185025149853
 40
294.2185025149853
 40
295.2185025149853
 40
295.2185025149853
 40
295.2185025149853
 40
296.2185025149853
 40
296.2185025149853
 40
296.2185025149853
 40
297.2185025149853
 40
297.2185025149853
 40
297.2185025149853
 40
298.2185025149853
 40
298.2185025149853
 40
298.2185025149853
 40
299.2185025149853
 40
299.2185025149853
 40
299.2185025149853
 40
300.2185025149853
 40
300.2185025149853
 40
300.2185025149853
 40
300.2185025149853
 10
287.6850919444444
 20
138.4812938888889
 30
0.0
 10
287.6850919444444
 20
140.1393494444444
 30
0.0
 10
286.3431252777778
 20
141.4813161111111
 30
0.0
 10
284.6850697222222
 20
141.4813161111111
 30
0.0
 10
284.6296836111111
 20
141.4813161111111
 30
0.0
 10
284.5852336111111
 20
140.6985022222222
 30
0.0
 10
284.5852336111111
 20
139.7311855555555
 30
0.0
 10
284.5852336111111
 20
138.7638688888889
 30
0.0
 10
284.6850697222222
 20
138.1560327777777
 30
0.0
 10
284.6850697222222
 20
137.9814077777778
 30
0.0
 10
284.6850697222222
 20
136.8146540740741
 30
0.0
 10
284.6850697222222
 20
135.6479003703704
 30
0.0
 10
284.6850697222222
 20
134.4811466666666
 30
0.0
 10
283.6850623148148
 20
134.4811466666666
 30
0.0
 10
282.6850549074074
 20
134.4811466666666
 30
0.0
 10
281.6850475
 20
134.4811466666666
 30
0.0
 10
281.6850475
 20
135.6479003703704
 30
0.0
 10
281.6850475
 20
136.8146540740741
 30
0.0
 10
281.6850475
 20
137.9814077777778
 30
0.0
 10
281.6850475
 20
138.1560327777777
 30
0.0
 10
281.7852363888888
 20
138.7638688888889
 30
0.0
 10
281.7852363888888
 20
139.7311855555555
 30
0.0
 10
281.7852363888888
 20
140.6985022222222
 30
0.0
 10
281.7404336111111
 20
141.4813161111111
 30
0.0
 10
281.6850475
 20
141.4813161111111
 30
0.0
 10
275.8000086111111
 20
141.4813161111111
 30
0.0
 10
279.1760919444444
 20
150.8891938888889
 30
0.0
 10
276.7341641666666
 20
153.2154105555555
 30
0.0
 10
274.9579280555556
 20
154.9073327777778
 30
0.0
 10
271.9071058333333
 20
154.2906772222222
 30
0.0
 10
269.8846308333333
 20
154.6804966666666
 30
0.0
 10
269.3671058333334
 20
154.8120827777778
 30
0.0
 10
268.2015280555555
 20
154.0571383333333
 30
0.0
 10
268.7500975
 20
152.9303661111111
 30
0.0
 10
269.1755475
 20
152.05583
 30
0.0
 10
269.8380641666666
 20
151.5665272222222
 30
0.0
 10
270.4907030555556
 20
151.5665272222222
 30
0.0
 10
270.990471574074
 20
151.5665272222222
 30
0.0
 10
271.4902400925926
 20
151.5665272222222
 30
0.0
 10
271.9900086111111
 20
151.5665272222222
 30
0.0
 10
271.9900086111111
 20
148.1739809259259
 30
0.0
 10
271.9900086111111
 20
144.7814346296296
 30
0.0
 10
271.9900086111111
 20
141.3888883333333
 30
0.0
 10
271.9900086111111
 20
141.2583605555555
 30
0.0
 10
271.8912308333333
 20
140.6092494444444
 30
0.0
 10
271.8912308333333
 20
139.6391105555555
 30
0.0
 10
271.8912308333333
 20
138.6724994444444
 30
0.0
 10
271.9900086111111
 20
138.0657216666666
 30
0.0
 10
271.9900086111111
 20
137.8893327777778
 30
0.0
 10
271.9900086111111
 20
136.7228142592593
 30
0.0
 10
271.9900086111111
 20
135.5562957407407
 30
0.0
 10
271.9900086111111
 20
134.3897772222222
 30
0.0
 10
270.990471574074
 20
134.3897772222222
 30
0.0
 10
269.990934537037
 20
134.3897772222222
 30
0.0
 10
268.9913975
 20
134.3897772222222
 30
0.0
 10
268.9913975
 20
134.5661661111111
 30
0.0
 10
269.0901752777777
 20
135.1729438888889
 30
0.0
 10
269.0901752777777
 20
136.139555
 30
0.0
 10
269.0901752777777
 20
137.1096938888889
 30
0.0
 10
269.0443141666667
 20
137.8893327777778
 30
0.0
 10
268.9913975
 20
137.8893327777778
 30
0.0
 10
267.3333419444444
 20
137.8893327777778
 30
0.0
 10
265.9927863888889
 20
136.5487772222222
 30
0.0
 10
265.9927863888889
 20
134.8907216666666
 30
0.0
 10
265.9927863888889
 20
129.8918605555555
 30
0.0
 10
269.5805363888888
 20
125.8384438888889
 30
0.0
 10
271.4749530555555
 20
126.6639438888889
 30
0.0
 10
271.9335641666667
 20
126.8638512962963
 30
0.0
 10
272.3921752777778
 20
127.0637587037037
 30
0.0
 10
272.8507863888889
 20
127.2636661111111
 30
0.0
 10
274.2054530555556
 20
124.1545179629629
 30
0.0
 10
275.5601197222222
 20
121.0453698148148
 30
0.0
 10
276.9147863888889
 20
117.9362216666666
 30
0.0
 10
276.9677030555555
 20
117.8162772222222
 30
0.0
 10
277.1335086111111
 20
117.1812772222222
 30
0.0
 10
277.5215641666667
 20
116.2922772222222
 30
0.0
 10
277.9096197222222
 20
115.406805
 30
0.0
 10
278.2412308333333
 20
114.8917494444444
 30
0.0
 10
278.3117863888889
 20
114.7294716666667
 30
0.0
 10
278.6610363888889
 20
113.9251383333333
 30
0.0
 10
279.7087863888889
 20
111.5191938888889
 30
0.0
 10
279.7087863888889
 20
111.5191938888889
 30
0.0
 10
278.7927400925926
 20
111.120555
 30
0.0
 10
277.8766937962963
 20
110.7219161111111
 30
0.0
 10
276.9606475
 20
110.3232772222222
 30
0.0
 10
276.8900919444444
 20
110.485555
 30
0.0
 10
276.7383975
 20
111.0817494444444
 30
0.0
 10
276.3538697222222
 20
111.9672216666666
 30
0.0
 10
275.9658141666666
 20
112.8562216666666
 30
0.0
 10
275.6130363888889
 20
113.5511938888889
 30
0.0
 10
275.5636475
 20
113.5300272222222
 30
0.0
 10
274.0431752777778
 20
112.866805
 30
0.0
 10
273.3482030555555
 20
111.1029161111111
 30
0.0
 10
274.0114252777778
 20
109.5824438888889
 30
0.0
 10
276.0081475
 20
104.9998605555555
 30
0.0
 10
280.9117586111111
 20
102.7173883333333
 30
0.0
 10
282.3228697222222
 20
104.2343327777778
 30
0.0
 10
282.6638882407407
 20
104.6000457407407
 30
0.0
 10
283.0049067592593
 20
104.9657587037037
 30
0.0
 10
283.3459252777778
 20
105.3314716666666
 30
0.0
 10
285.8271289814815
 20
103.0196012962963
 30
0.0
 10
288.3083326851852
 20
100.7077309259259
 30
0.0
 10
290.7895363888888
 20
98.39586055555554
 30
0.0
 10
290.8847863888889
 20
98.3076661111111
 30
0.0
 10
291.2940086111111
 20
97.79261055555556
 30
0.0
 10
292.0030919444445
 20
97.1329161111111
 30
0.0
 10
292.7121752777778
 20
96.47322166666666
 30
0.0
 10
293.2237030555556
 20
96.1310272222222
 30
0.0
 10
293.3507030555555
 20
96.01108277777774
 30
0.0
 10
293.9927586111111
 20
95.41488833333332
 30
0.0
 10
295.9118697222222
 20
93.62630499999997
 30
0.0
 10
295.9118697222222
 20
93.62630499999997
 30
0.0
 10
295.2310086111111
 20
92.89487907407404
 30
0.0
 10
294.5501475
 20
92.16345314814812
 30
0.0
 10
293.8692863888889
 20
91.4320272222222
 30
0.0
 10
293.7422863888889
 20
91.55197166666665
 30
0.0
 10
293.3648141666667
 20
92.03880499999997
 30
0.0
 10
292.6557308333333
 20
92.69849944444442
 30
0.0
 10
291.9466475
 20
93.35819388888886
 30
0.0
 10
291.3433975
 20
93.85561055555554
 30
0.0
 10
291.3081197222222
 20
93.81680499999997
 30
0.0
 10
290.1792308333333
 20
92.60324944444443
 30
0.0
 10
290.2462586111111
 20
90.70883277777776
 30
0.0
 10
291.4598141666667
 20
89.5764161111111
 30
0.0
 10
295.1181197222222
 20
86.17211055555553
 30
0.0
 10
300.5262030555555
 20
86.03805499999999
 30
0.0
 10
301.2105919444444
 20
87.9889161111111
 30
0.0
 10
301.377573425926
 20
88.4604624074074
 30
0.0
 10
301.5445549074074
 20
88.93200870370369
 30
0.0
 10
301.7115363888889
 20
89.40355499999998
 30
0.0
 10
304.9100549074074
 20
88.27584203703702
 30
0.0
 10
308.1085734259259
 20
87.14812907407406
 30
0.0
 10
311.3070919444444
 20
86.02041611111109
 30
0.0
 10
311.4305641666666
 20
85.97455499999998
 30
0.0
 10
312.0091197222222
 20
85.66763833333331
 30
0.0
 10
312.9228141666666
 20
85.34308277777777
 30
0.0
 10
313.8365086111111
 20
85.02205499999998
 30
0.0
 10
314.4397586111111
 20
84.91622166666666
 30
0.0
 10
314.6090919444444
 20
84.85624944444443
 30
0.0
 10
315.4310641666667
 20
84.56344388888887
 30
0.0
 10
317.9075641666666
 20
83.69208277777776
 30
0.0
 10
317.9075641666666
 20
83.69208277777776
 30
0.0
 10
317.5747771296296
 20
82.74899018518516
 30
0.0
 10
317.2419900925926
 20
81.80589759259256
 30
0.0
 10
316.9092030555556
 20
80.86280499999998
 30
0.0
 10
316.7433975
 20
80.92277722222221
 30
0.0
 10
316.2036475
 20
81.21911055555553
 30
0.0
 10
315.2934808333333
 20
81.54013833333332
 30
0.0
 10
314.3797863888889
 20
81.8611661111111
 30
0.0
 10
313.6283697222222
 20
82.07636055555554
 30
0.0
 10
313.6107308333333
 20
82.02697166666665
 30
0.0
 10
313.0603975
 20
80.4641661111111
 30
0.0
 10
313.8788419444444
 20
78.75319388888887
 30
0.0
 10
315.4416475
 20
78.19933277777777
 30
0.0
 10
320.1582863888889
 20
76.53774944444443
 30
0.0
 10
327.0198141666667
 20
77.17980499999999
 30
0.0
 10
327.0198141666667
 20
81.59658277777777
 30
0.0
 10
327.0327493518519
 20
84.2106661111111
 30
0.0
 10
327.045684537037
 20
86.82474944444444
 30
0.0
 10
327.0586197222222
 20
89.43883277777776
 30
0.0
 10
327.0586197222222
 20
89.49174944444442
 30
0.0
 10
326.2754530555555
 20
89.53761055555553
 30
0.0
 10
325.3088419444445
 20
89.53761055555553
 30
0.0
 10
324.3422308333333
 20
89.53761055555553
 30
0.0
 10
323.7319252777778
 20
89.43883277777776
 30
0.0
 10
323.5590641666667
 20
89.43883277777776
 30
0.0
 10
322.3925456481481
 20
89.43883277777776
 30
0.0
 10
321.2260271296296
 20
89.43883277777776
 30
0.0
 10
320.0595086111111
 20
89.43883277777776
 30
0.0
 10
320.0595086111111
 20
90.43836981481479
 30
0.0
 10
320.0595086111111
 20
91.43790685185184
 30
0.0
 10
320.0595086111111
 20
92.43744388888886
 30
0.0
 10
321.2260271296296
 20
92.43744388888886
 30
0.0
 10
322.3925456481481
 20
92.43744388888886
 30
0.0
 10
323.5590641666667
 20
92.43744388888886
 30
0.0
 10
323.7319252777778
 20
92.43744388888886
 30
0.0
 10
324.3422308333333
 20
92.3386661111111
 30
0.0
 10
325.3088419444445
 20
92.3386661111111
 30
0.0
 10
326.2754530555555
 20
92.3386661111111
 30
0.0
 10
327.0586197222222
 20
92.3845272222222
 30
0.0
 10
327.0586197222222
 20
92.43744388888886
 30
0.0
 10
327.0586197222222
 20
94.64936055555555
 30
0.0
 10
325.5240363888889
 20
96.24391611111109
 30
0.0
 10
323.3191752777778
 20
96.43794388888887
 30
0.0
 10
303.8035086111111
 20
98.14538833333333
 30
0.0
 10
293.0014530555555
 20
115.0504994444444
 30
0.0
 10
291.0505919444444
 20
134.8342772222222
 30
0.0
 10
290.9976752777778
 20
135.3916661111111
 30
0.0
 10
290.4371113888889
 20
135.8351077777778
 30
0.0
 10
289.8832502777778
 20
135.8351077777778
 30
0.0
 10
288.0731475
 20
135.8351077777778
 30
0.0
 10
287.6850919444444
 20
137.0186772222222
 30
0.0
 10
287.6850919444444
 20
138.4812938888889
 30
0.0
  0
SPLINE
  5
198
330
1F
100
AcDbEntity
  8
DEFAULT
 62
     1
100
AcDbSpline
210
0.0
220
0.0
230
1.0
 70
    11
 71
     3
 72
    65
 73
    61
 74
     0
 42
0.000000001
 43
0.0000000001
 40
5.669999999999959
 40
5.669999999999959
 40
5.669999999999959
 40
5.669999999999959
 40
14.16999999999996
 40
14.16999999999996
 40
14.16999999999996
 40
19.83999999999992
 40
19.83999999999992
 40
19.83999999999992
 40
81.7899999999999
 40
81.7899999999999
 40
81.7899999999999
 40
82.7899999999999
 40
82.7899999999999
 40
82.7899999999999
 40
145.6699999999999
 40
145.6699999999999
 40
145.6699999999999
 40
146.6699999999999
 40
146.6699999999999
 40
146.6699999999999
 40
208.6199999999999
 40
208.6199999999999
 40
208.6199999999999
 40
209.6199999999999
 40
209.6199999999999
 40
209.6199999999999
 40
210.6199999999999
 40
210.6199999999999
 40
210.6199999999999
 40
214.8699999999999
 40
214.8699999999999
 40
214.8699999999999
 40
223.3699999999999
 40
223.3699999999999
 40
223.3699999999999
 40
227.6199999999999
 40
227.6199999999999
 40
227.6199999999999
 40
228.6199999999999
 40
228.6199999999999
 40
228.6199999999999
 40
229.6199999999999
 40
229.6199999999999
 40
229.6199999999999
 40
291.5699999999999
 40
291.5699999999999
 40
291.5699999999999
 40
292.5699999999999
 40
292.5699999999999
 40
292.5699999999999
 40
355.4499999999999
 40
355.4499999999999
 40
355.4499999999999
 40
356.4499999999999
 40
356.4499999999999
 40
356.4499999999999
 40
418.3999999999999
 40
418.3999999999999
 40
418.3999999999999
 40
424.0699999999998
 40
424.0699999999998
 40
424.0699999999998
 40
424.0699999999998
 10
49.74836944444444
 20
188.49848
 30
0.0
 10
50.74790648148149
 20
188.49848
 30
0.0
 10
51.74744351851852
 20
188.49848
 30
0.0
 10
52.74698055555555
 20
188.49848
 30
0.0
 10
52.74698055555555
 20
189.16523
 30
0.0
 10
52.74698055555555
 20
189.83198
 30
0.0
 10
52.74698055555555
 20
190.49873
 30
0.0
 10
60.03184166666666
 20
190.49873
 30
0.0
 10
67.31670277777776
 20
190.49873
 30
0.0
 10
74.60156388888888
 20
190.49873
 30
0.0
 10
75.15189722222222
 20
190.49873
 30
0.0
 10
75.59639722222221
 20
190.05423
 30
0.0
 10
75.59639722222221
 20
189.5038966666667
 30
0.0
 10
75.59639722222221
 20
182.1096744444444
 30
0.0
 10
75.59639722222221
 20
174.7154522222222
 30
0.0
 10
75.59639722222221
 20
167.32123
 30
0.0
 10
75.59639722222221
 20
166.7708966666667
 30
0.0
 10
75.15189722222222
 20
166.3263966666667
 30
0.0
 10
74.60156388888888
 20
166.3263966666667
 30
0.0
 10
67.31670277777776
 20
166.3263966666667
 30
0.0
 10
60.03184166666666
 20
166.3263966666667
 30
0.0
 10
52.74698055555555
 20
166.3263966666667
 30
0.0
 10
52.69406388888888
 20
166.3263966666667
 30
0.0
 10
52.64820277777778
 20
167.1095633333333
 30
0.0
 10
52.64820277777778
 20
168.0761744444444
 30
0.0
 10
52.64820277777778
 20
169.0427855555556
 30
0.0
 10
52.74698055555555
 20
169.6530911111111
 30
0.0
 10
52.74698055555555
 20
169.8259522222222
 30
0.0
 10
52.74698055555555
 20
170.3257207407407
 30
0.0
 10
52.74698055555555
 20
170.8254892592593
 30
0.0
 10
52.74698055555555
 20
171.3252577777778
 30
0.0
 10
51.74744351851852
 20
171.3252577777778
 30
0.0
 10
50.74790648148147
 20
171.3252577777778
 30
0.0
 10
49.74836944444444
 20
171.3252577777778
 30
0.0
 10
49.74836944444444
 20
170.8254892592593
 30
0.0
 10
49.74836944444444
 20
170.3257207407407
 30
0.0
 10
49.74836944444444
 20
169.8259522222222
 30
0.0
 10
49.74836944444444
 20
169.6530911111111
 30
0.0
 10
49.84714722222222
 20
169.0427855555556
 30
0.0
 10
49.84714722222222
 20
168.0761744444444
 30
0.0
 10
49.84714722222222
 20
167.1095633333333
 30
0.0
 10
49.80128611111111
 20
166.3263966666667
 30
0.0
 10
49.74836944444444
 20
166.3263966666667
 30
0.0
 10
42.46350833333333
 20
166.3263966666667
 30
0.0
 10
35.17864722222222
 20
166.3263966666667
 30
0.0
 10
27.89378611111111
 20
166.3263966666667
 30
0.0
 10
27.34345277777778
 20
166.3263966666667
 30
0.0
 10
26.89895277777778
 20
166.7708966666667
 30
0.0
 10
26.89895277777778
 20
167.32123
 30
0.0
 10
26.89895277777778
 20
174.7154522222222
 30
0.0
 10
26.89895277777778
 20
182.1096744444444
 30
0.0
 10
26.89895277777778
 20
189.5038966666667
 30
0.0
 10
26.89895277777778
 20
190.05423
 30
0.0
 10
27.34345277777778
 20
190.49873
 30
0.0
 10
27.89378611111111
 20
190.49873
 30
0.0
 10
35.17864722222222
 20
190.49873
 30
0.0
 10
42.46350833333333
 20
190.49873
 30
0.0
 10
49.74836944444444
 20
190.49873
 30
0.0
 10
49.74836944444444
 20
189.83198
 30
0.0
 10
49.74836944444444
 20
189.16523
 30
0.0
 10
49.74836944444444
 20
188.49848
 30
0.0
  0
SPLINE
  5
199
330
1F
100
AcDbEntity
  8
DEFAULT
 62
     1
100
AcDbSpline
210
0.0
220
0.0
230
1.0
 70
    11
 71
     3
 72
    65
 73
    61
 74
     0
 42
0.000000001
 43
0.0000000001
 40
5.660000000000025
 40
5.660000000000025
 40
5.660000000000025
 40
5.660000000000025
 40
14.16000000000005
 40
14.16000000000005
 40
14.16000000000005
 40
19.82000000000008
 40
19.82000000000008
 40
19.82000000000008
 40
47.78000000000006
 40
47.78000000000006
 40
47.78000000000006
 40
48.78000000000006
 40
48.78000000000006
 40
48.78000000000006
 40
116.2805318497566
 40
116.2805318497566
 40
116.2805318497566
 40
117.2805318497566
 40
117.2805318497566
 40
117.2805318497566
 40
120.6705318497566
 40
120.6705318497566
 40
120.6705318497566
 40
121.6705318497566
 40
121.6705318497566
 40
121.6705318497566
 40
122.6705318497566
 40
122.6705318497566
 40
122.6705318497566
 40
126.9305318497566
 40
126.9305318497566
 40
126.9305318497566
 40
135.4305318497566
 40
135.4305318497566
 40
135.4305318497566
 40
139.6905318497566
 40
139.6905318497566
 40
139.6905318497566
 40
140.6905318497566
 40
140.6905318497566
 40
140.6905318497566
 40
141.6905318497566
 40
141.6905318497566
 40
141.6905318497566
 40
145.0805318497566
 40
145.0805318497566
 40
145.0805318497566
 40
146.0805318497566
 40
146.0805318497566
 40
146.0805318497566
 40
213.5774243708201
 40
213.5774243708201
 40
213.5774243708201
 40
214.5774243708201
 40
214.5774243708201
 40
214.5774243708201
 40
242.5374243708201
 40
242.5374243708201
 40
242.5374243708201
 40
248.1974243708202
 40
248.1974243708202
 40
248.1974243708202
 40
248.1974243708202
 10
87.75135555555555
 20
90.56137166666666
 30
0.0
 10
88.75089259259259
 20
90.56137166666666
 30
0.0
 10
89.75042962962964
 20
90.56137166666666
 30
0.0
 10
90.74996666666668
 20
90.56137166666666
 30
0.0
 10
90.74996666666668
 20
91.22694574074075
 30
0.0
 10
90.74996666666668
 20
91.89251981481482
 30
0.0
 10
90.74996666666668
 20
92.55809388888889
 30
0.0
 10
94.03785555555555
 20
92.55809388888889
 30
0.0
 10
97.32574444444445
 20
92.55809388888889
 30
0.0
 10
100.6136333333333
 20
92.55809388888889
 30
0.0
 10
101.3156611111111
 20
92.55809388888889
 30
0.0
 10
101.7954388888889
 20
91.85253833333334
 30
0.0
 10
101.5414388888889
 20
91.19989944444444
 30
0.0
 10
98.65218888888887
 20
83.80685314814815
 30
0.0
 10
95.76293888888888
 20
76.41380685185185
 30
0.0
 10
92.87368888888888
 20
69.02076055555555
 30
0.0
 10
92.72552222222221
 20
68.63623277777778
 30
0.0
 10
92.35863333333332
 20
68.38576055555555
 30
0.0
 10
91.94588333333333
 20
68.38576055555555
 30
0.0
 10
91.54724444444444
 20
68.38576055555555
 30
0.0
 10
91.14860555555556
 20
68.38576055555555
 30
0.0
 10
90.74996666666667
 20
68.38576055555555
 30
0.0
 10
90.69704999999999
 20
68.38576055555555
 30
0.0
 10
90.65118888888888
 20
69.16892722222222
 30
0.0
 10
90.65118888888888
 20
70.13553833333333
 30
0.0
 10
90.65118888888888
 20
71.10214944444445
 30
0.0
 10
90.74996666666667
 20
71.71245499999999
 30
0.0
 10
90.74996666666667
 20
71.88531611111111
 30
0.0
 10
90.74996666666668
 20
72.38626055555555
 30
0.0
 10
90.74996666666668
 20
72.88720500000001
 30
0.0
 10
90.74996666666667
 20
73.38814944444444
 30
0.0
 10
89.75042962962964
 20
73.38814944444444
 30
0.0
 10
88.75089259259259
 20
73.38814944444444
 30
0.0
 10
87.75135555555555
 20
73.38814944444444
 30
0.0
 10
87.75135555555555
 20
72.887205
 30
0.0
 10
87.75135555555555
 20
72.38626055555555
 30
0.0
 10
87.75135555555555
 20
71.88531611111111
 30
0.0
 10
87.75135555555555
 20
71.71245499999999
 30
0.0
 10
87.85013333333333
 20
71.10214944444445
 30
0.0
 10
87.85013333333333
 20
70.13553833333333
 30
0.0
 10
87.85013333333333
 20
69.16892722222222
 30
0.0
 10
87.80779999999999
 20
68.38576055555555
 30
0.0
 10
87.75135555555555
 20
68.38576055555555
 30
0.0
 10
87.35271666666667
 20
68.38576055555555
 30
0.0
 10
86.95407777777778
 20
68.38576055555555
 30
0.0
 10
86.55543888888889
 20
68.38576055555555
 30
0.0
 10
86.14621666666666
 20
68.38576055555555
 30
0.0
 10
85.77579999999999
 20
68.63623277777778
 30
0.0
 10
85.62763333333332
 20
69.02076055555555
 30
0.0
 10
82.73955925925925
 20
76.41380685185186
 30
0.0
 10
79.85148518518518
 20
83.80685314814815
 30
0.0
 10
76.9634111111111
 20
91.19989944444444
 30
0.0
 10
76.70588333333333
 20
91.85253833333334
 30
0.0
 10
77.18918888888888
 20
92.55809388888889
 30
0.0
 10
77.88768888888887
 20
92.55809388888889
 30
0.0
 10
81.17557777777778
 20
92.55809388888889
 30
0.0
 10
84.46346666666666
 20
92.55809388888889
 30
0.0
 10
87.75135555555555
 20
92.55809388888889
 30
0.0
 10
87.75135555555555
 20
91.89251981481482
 30
0.0
 10
87.75135555555555
 20
91.22694574074073
 30
0.0
 10
87.75135555555555
 20
90.56137166666666
 30
0.0
  0
SPLINE
  5
19A
330
1F
100
AcDbEntity
  8
DEFAULT
 62
     1
100
AcDbSpline
210
0.0
220
0.0
230
1.0
 70
    11
 71
     3
 72
    65
 73
    61
 74
     0
 42
0.000000001
 43
0.0000000001
 40
5.660000000000025
 40
5.660000000000025
 40
5.660000000000025
 40
5.660000000000025
 40
14.17000000000002
 40
14.17000000000002
 40
14.17000000000002
 40
19.83000000000004
 40
19.83000000000004
 40
19.83000000000004
 40
69.18000000000006
 40
69.18000000000006
 40
69.18000000000006
 40
70.18000000000006
 40
70.18000000000006
 40
70.18000000000006
 40
135.8785677165036
 40
135.8785677165036
 40
135.8785677165036
 40
136.8785677165036
 40
136.8785677165036
 40
136.8785677165036
 40
167.1585677165036
 40
167.1585677165036
 40
167.1585677165036
 40
168.1585677165036
 40
168.1585677165036
 40
168.1585677165036
 40
169.1585677165036
 40
169.1585677165036
 40
169.1585677165036
 40
173.4185677165036
 40
173.4185677165036
 40
173.4185677165036
 40
181.9285677165036
 40
181.9285677165036
 40
181.9285677165036
 40
186.1885677165036
 40
186.1885677165036
 40
186.1885677165036
 40
187.1885677165036
 40
187.1885677165036
 40
187.1885677165036
 40
188.1885677165036
 40
188.1885677165036
 40
188.1885677165036
 40
218.4685677165036
 40
218.4685677165036
 40
218.4685677165036
 40
219.4685677165036
 40
219.4685677165036
 40
219.4685677165036
 40
285.1671354330072
 40
285.1671354330072
 40
285.1671354330072
 40
286.1671354330072
 40
286.1671354330072
 40
286.1671354330072
 40
335.5171354330072
 40
335.5171354330072
 40
335.5171354330072
 40
341.1771354330072
 40
341.1771354330072
 40
341.1771354330072
 40
341.1771354330072
 10
87.75068527777776
 20
123.2082386111111
 30
0.0
 10
88.75139824074074
 20
123.2082386111111
 30
0.0
 10
89.7521112037037
 20
123.2082386111111
 30
0.0
 10
90.75282416666666
 20
123.2082386111111
 30
0.0
 10
90.75282416666666
 20
123.8738126851852
 30
0.0
 10
90.75282416666666
 20
124.5393867592593
 30
0.0
 10
90.75282416666666
 20
125.2049608333333
 30
0.0
 10
96.5560186111111
 20
125.2049608333333
 30
0.0
 10
102.3592130555555
 20
125.2049608333333
 30
0.0
 10
108.1624075
 20
125.2049608333333
 30
0.0
 10
108.8291575
 20
125.2049608333333
 30
0.0
 10
109.3089352777778
 20
124.5593775
 30
0.0
 10
109.1149075
 20
123.9208497222222
 30
0.0
 10
106.8724167592593
 20
116.5278034259259
 30
0.0
 10
104.6299260185185
 20
109.1347571296296
 30
0.0
 10
102.3874352777778
 20
101.7417108333333
 30
0.0
 10
102.2604352777778
 20
101.3219052777778
 30
0.0
 10
101.8759075
 20
101.0326275
 30
0.0
 10
101.4349352777778
 20
101.0326275
 30
0.0
 10
97.87423157407407
 20
101.0326275
 30
0.0
 10
94.31352787037036
 20
101.0326275
 30
0.0
 10
90.75282416666666
 20
101.0326275
 30
0.0
 10
90.69637972222222
 20
101.0326275
 30
0.0
 10
90.65051861111111
 20
101.8157941666667
 30
0.0
 10
90.65051861111111
 20
102.7824052777778
 30
0.0
 10
90.65051861111111
 20
103.7490163888889
 30
0.0
 10
90.75282416666666
 20
104.3593219444444
 30
0.0
 10
90.75282416666666
 20
104.5321830555556
 30
0.0
 10
90.75282416666666
 20
105.0331275
 30
0.0
 10
90.75282416666666
 20
105.5340719444444
 30
0.0
 10
90.75282416666666
 20
106.0350163888889
 30
0.0
 10
89.75211120370369
 20
106.0350163888889
 30
0.0
 10
88.75139824074074
 20
106.0350163888889
 30
0.0
 10
87.75068527777776
 20
106.0350163888889
 30
0.0
 10
87.75068527777778
 20
105.5340719444444
 30
0.0
 10
87.75068527777778
 20
105.0331275
 30
0.0
 10
87.75068527777776
 20
104.5321830555556
 30
0.0
 10
87.75068527777776
 20
104.3593219444444
 30
0.0
 10
87.85299083333332
 20
103.7490163888889
 30
0.0
 10
87.85299083333332
 20
102.7824052777778
 30
0.0
 10
87.85299083333332
 20
101.8157941666667
 30
0.0
 10
87.80712972222221
 20
101.0326275
 30
0.0
 10
87.75068527777776
 20
101.0326275
 30
0.0
 10
84.18998157407405
 20
101.0326275
 30
0.0
 10
80.62927787037036
 20
101.0326275
 30
0.0
 10
77.06857416666665
 20
101.0326275
 30
0.0
 10
76.63112972222221
 20
101.0326275
 30
0.0
 10
76.24307416666666
 20
101.3219052777778
 30
0.0
 10
76.11607416666666
 20
101.7417108333333
 30
0.0
 10
73.87358342592593
 20
109.1347571296296
 30
0.0
 10
71.63109268518518
 20
116.5278034259259
 30
0.0
 10
69.38860194444443
 20
123.9208497222222
 30
0.0
 10
69.19457416666665
 20
124.5593775
 30
0.0
 10
69.67435194444444
 20
125.2049608333333
 30
0.0
 10
70.34110194444443
 20
125.2049608333333
 30
0.0
 10
76.14429638888888
 20
125.2049608333333
 30
0.0
 10
81.94749083333332
 20
125.2049608333333
 30
0.0
 10
87.75068527777776
 20
125.2049608333333
 30
0.0
 10
87.75068527777778
 20
124.5393867592593
 30
0.0
 10
87.75068527777778
 20
123.8738126851852
 30
0.0
 10
87.75068527777776
 20
123.2082386111111
 30
0.0
  0
SPLINE
  5
19B
330
1F
100
AcDbEntity
  8
DEFAULT
 62
     1
100
AcDbSpline
210
0.0
220
0.0
230
1.0
 70
    11
 71
     3
 72
    65
 73
    61
 74
     0
 42
0.000000001
 43
0.0000000001
 40
5.660000000000025
 40
5.660000000000025
 40
5.660000000000025
 40
5.660000000000025
 40
14.17000000000002
 40
14.17000000000002
 40
14.17000000000002
 40
19.83000000000004
 40
19.83000000000004
 40
19.83000000000004
 40
81.20000000000005
 40
81.20000000000005
 40
81.20000000000005
 40
82.20000000000005
 40
82.20000000000005
 40
82.20000000000005
 40
145.9342482500579
 40
145.9342482500579
 40
145.9342482500579
 40
146.9342482500579
 40
146.9342482500579
 40
146.9342482500579
 40
197.8942482500579
 40
197.8942482500579
 40
197.8942482500579
 40
198.8942482500579
 40
198.8942482500579
 40
198.8942482500579
 40
199.8942482500579
 40
199.8942482500579
 40
199.8942482500579
 40
204.1542482500579
 40
204.1542482500579
 40
204.1542482500579
 40
212.6642482500579
 40
212.6642482500579
 40
212.6642482500579
 40
216.9242482500578
 40
216.9242482500578
 40
216.9242482500578
 40
217.9242482500578
 40
217.9242482500578
 40
217.9242482500578
 40
218.9242482500578
 40
218.9242482500578
 40
218.9242482500578
 40
269.8842482500579
 40
269.8842482500579
 40
269.8842482500579
 40
270.8842482500579
 40
270.8842482500579
 40
270.8842482500579
 40
334.6184965001157
 40
334.6184965001157
 40
334.6184965001157
 40
335.6184965001157
 40
335.6184965001157
 40
335.6184965001157
 40
396.9884965001157
 40
396.9884965001157
 40
396.9884965001157
 40
402.6484965001157
 40
402.6484965001157
 40
402.6484965001157
 40
402.6484965001157
 10
87.75068527777776
 20
155.8551055555555
 30
0.0
 10
88.75139824074074
 20
155.8551055555555
 30
0.0
 10
89.7521112037037
 20
155.8551055555555
 30
0.0
 10
90.75282416666666
 20
155.8551055555555
 30
0.0
 10
90.75282416666666
 20
156.5206796296296
 30
0.0
 10
90.75282416666666
 20
157.1862537037037
 30
0.0
 10
90.75282416666666
 20
157.8518277777778
 30
0.0
 10
97.96948157407405
 20
157.8518277777778
 30
0.0
 10
105.1861389814815
 20
157.8518277777778
 30
0.0
 10
112.4027963888889
 20
157.8518277777778
 30
0.0
 10
113.0166297222222
 20
157.8518277777778
 30
0.0
 10
113.4858241666666
 20
157.3014944444444
 30
0.0
 10
113.3835186111111
 20
156.6947166666666
 30
0.0
 10
112.1605556481481
 20
149.3004944444444
 30
0.0
 10
110.9375926851852
 20
141.9062722222222
 30
0.0
 10
109.7146297222222
 20
134.51205
 30
0.0
 10
109.6334908333333
 20
134.0322722222222
 30
0.0
 10
109.2172130555555
 20
133.6794944444444
 30
0.0
 10
108.7303797222222
 20
133.6794944444444
 30
0.0
 10
102.7378612037037
 20
133.6794944444444
 30
0.0
 10
96.74534268518516
 20
133.6794944444444
 30
0.0
 10
90.75282416666666
 20
133.6794944444444
 30
0.0
 10
90.69637972222222
 20
133.6794944444444
 30
0.0
 10
90.65051861111111
 20
134.4626611111111
 30
0.0
 10
90.65051861111111
 20
135.4292722222222
 30
0.0
 10
90.65051861111111
 20
136.3958833333333
 30
0.0
 10
90.75282416666666
 20
137.0061888888889
 30
0.0
 10
90.75282416666666
 20
137.17905
 30
0.0
 10
90.75282416666666
 20
137.6799944444444
 30
0.0
 10
90.75282416666666
 20
138.1809388888888
 30
0.0
 10
90.75282416666666
 20
138.6818833333333
 30
0.0
 10
89.75211120370369
 20
138.6818833333333
 30
0.0
 10
88.75139824074074
 20
138.6818833333333
 30
0.0
 10
87.75068527777776
 20
138.6818833333333
 30
0.0
 10
87.75068527777778
 20
138.1809388888888
 30
0.0
 10
87.75068527777778
 20
137.6799944444444
 30
0.0
 10
87.75068527777776
 20
137.17905
 30
0.0
 10
87.75068527777776
 20
137.0061888888889
 30
0.0
 10
87.85299083333332
 20
136.3958833333333
 30
0.0
 10
87.85299083333332
 20
135.4292722222222
 30
0.0
 10
87.85299083333332
 20
134.4626611111111
 30
0.0
 10
87.80712972222221
 20
133.6794944444444
 30
0.0
 10
87.75068527777776
 20
133.6794944444444
 30
0.0
 10
81.75816675925924
 20
133.6794944444444
 30
0.0
 10
75.76564824074072
 20
133.6794944444444
 30
0.0
 10
69.77312972222221
 20
133.6794944444444
 30
0.0
 10
69.28629638888889
 20
133.6794944444444
 30
0.0
 10
68.87001861111109
 20
134.0322722222222
 30
0.0
 10
68.78887972222222
 20
134.51205
 30
0.0
 10
67.56591675925925
 20
141.9062722222222
 30
0.0
 10
66.3429537962963
 20
149.3004944444444
 30
0.0
 10
65.11999083333332
 20
156.6947166666666
 30
0.0
 10
65.01768527777777
 20
157.3014944444444
 30
0.0
 10
65.48687972222221
 20
157.8518277777778
 30
0.0
 10
66.10071305555554
 20
157.8518277777778
 30
0.0
 10
73.31737046296296
 20
157.8518277777778
 30
0.0
 10
80.53402787037035
 20
157.8518277777778
 30
0.0
 10
87.75068527777776
 20
157.8518277777778
 30
0.0
 10
87.75068527777778
 20
157.1862537037037
 30
0.0
 10
87.75068527777778
 20
156.5206796296296
 30
0.0
 10
87.75068527777776
 20
155.8551055555555
 30
0.0
  0
SPLINE
  5
19C
330
1F
100
AcDbEntity
  8
DEFAULT
 62
     1
100
AcDbSpline
210
0.0
220
0.0
230
1.0
 70
    11
 71
     3
 72
    65
 73
    61
 74
     0
 42
0.000000001
 43
0.0000000001
 40
5.669999999999959
 40
5.669999999999959
 40
5.669999999999959
 40
5.669999999999959
 40
14.16999999999996
 40
14.16999999999996
 40
14.16999999999996
 40
19.83999999999992
 40
19.83999999999992
 40
19.83999999999992
 40
70.80999999999989
 40
70.80999999999989
 40
70.80999999999989
 40
71.80999999999989
 40
71.80999999999989
 40
71.80999999999989
 40
135.5458807893951
 40
135.5458807893951
 40
135.5458807893951
 40
136.5458807893951
 40
136.5458807893951
 40
136.5458807893951
 40
197.9158807893951
 40
197.9158807893951
 40
197.9158807893951
 40
198.9158807893951
 40
198.9158807893951
 40
198.9158807893951
 40
199.9158807893951
 40
199.9158807893951
 40
199.9158807893951
 40
204.1658807893951
 40
204.1658807893951
 40
204.1658807893951
 40
212.6658807893951
 40
212.6658807893951
 40
212.6658807893951
 40
216.9158807893951
 40
216.9158807893951
 40
216.9158807893951
 40
217.9158807893951
 40
217.9158807893951
 40
217.9158807893951
 40
218.9158807893951
 40
218.9158807893951
 40
218.9158807893951
 40
280.2858807893952
 40
280.2858807893952
 40
280.2858807893952
 40
281.2858807893952
 40
281.2858807893952
 40
281.2858807893952
 40
345.0217615787903
 40
345.0217615787903
 40
345.0217615787903
 40
346.0217615787903
 40
346.0217615787903
 40
346.0217615787903
 40
396.9917615787904
 40
396.9917615787904
 40
396.9917615787904
 40
402.6617615787903
 40
402.6617615787903
 40
402.6617615787903
 40
402.6617615787903
 10
87.75244916666665
 20
221.1453469444444
 30
0.0
 10
88.75198620370368
 20
221.1453469444444
 30
0.0
 10
89.75152324074072
 20
221.1453469444444
 30
0.0
 10
90.75106027777777
 20
221.1453469444444
 30
0.0
 10
90.75106027777777
 20
221.8120969444444
 30
0.0
 10
90.75106027777777
 20
222.4788469444444
 30
0.0
 10
90.75106027777777
 20
223.1455969444444
 30
0.0
 10
96.7447547222222
 20
223.1455969444444
 30
0.0
 10
102.7384491666667
 20
223.1455969444444
 30
0.0
 10
108.7321436111111
 20
223.1455969444444
 30
0.0
 10
109.2189769444444
 20
223.1455969444444
 30
0.0
 10
109.6352547222222
 20
222.7928191666666
 30
0.0
 10
109.7128658333333
 20
222.3130413888888
 30
0.0
 10
110.9370047222222
 20
214.9188191666666
 30
0.0
 10
112.1611436111111
 20
207.5245969444444
 30
0.0
 10
113.3852825
 20
200.1303747222222
 30
0.0
 10
113.4840602777778
 20
199.5235969444444
 30
0.0
 10
113.0148658333333
 20
198.9732636111111
 30
0.0
 10
112.4010325
 20
198.9732636111111
 30
0.0
 10
105.1843750925926
 20
198.9732636111111
 30
0.0
 10
97.96771768518516
 20
198.9732636111111
 30
0.0
 10
90.75106027777777
 20
198.9732636111111
 30
0.0
 10
90.6981436111111
 20
198.9732636111111
 30
0.0
 10
90.6522825
 20
199.7564302777778
 30
0.0
 10
90.6522825
 20
200.7230413888889
 30
0.0
 10
90.6522825
 20
201.6896525
 30
0.0
 10
90.75106027777777
 20
202.2999580555555
 30
0.0
 10
90.75106027777777
 20
202.4728191666667
 30
0.0
 10
90.75106027777777
 20
202.9725876851852
 30
0.0
 10
90.75106027777777
 20
203.4723562037037
 30
0.0
 10
90.75106027777777
 20
203.9721247222222
 30
0.0
 10
89.75152324074072
 20
203.9721247222222
 30
0.0
 10
88.75198620370368
 20
203.9721247222222
 30
0.0
 10
87.75244916666665
 20
203.9721247222222
 30
0.0
 10
87.75244916666664
 20
203.4723562037037
 30
0.0
 10
87.75244916666664
 20
202.9725876851852
 30
0.0
 10
87.75244916666665
 20
202.4728191666667
 30
0.0
 10
87.75244916666665
 20
202.2999580555555
 30
0.0
 10
87.85122694444443
 20
201.6896525
 30
0.0
 10
87.85122694444443
 20
200.7230413888889
 30
0.0
 10
87.85122694444443
 20
199.7564302777778
 30
0.0
 10
87.80536583333333
 20
198.9732636111111
 30
0.0
 10
87.75244916666665
 20
198.9732636111111
 30
0.0
 10
80.53579175925924
 20
198.9732636111111
 30
0.0
 10
73.31913435185183
 20
198.9732636111111
 30
0.0
 10
66.10247694444443
 20
198.9732636111111
 30
0.0
 10
65.4886436111111
 20
198.9732636111111
 30
0.0
 10
65.01944916666666
 20
199.5235969444444
 30
0.0
 10
65.11822694444443
 20
200.1303747222222
 30
0.0
 10
66.34236583333332
 20
207.5245969444444
 30
0.0
 10
67.56650472222222
 20
214.9188191666666
 30
0.0
 10
68.79064361111111
 20
222.3130413888888
 30
0.0
 10
68.86825472222222
 20
222.7928191666666
 30
0.0
 10
69.2845325
 20
223.1455969444444
 30
0.0
 10
69.77136583333332
 20
223.1455969444444
 30
0.0
 10
75.76506027777776
 20
223.1455969444444
 30
0.0
 10
81.7587547222222
 20
223.1455969444444
 30
0.0
 10
87.75244916666665
 20
223.1455969444444
 30
0.0
 10
87.75244916666664
 20
222.4788469444444
 30
0.0
 10
87.75244916666664
 20
221.8120969444444
 30
0.0
 10
87.75244916666665
 20
221.1453469444444
 30
0.0
  0
SPLINE
  5
19D
330
1F
100
AcDbEntity
  8
DEFAULT
 62
     1
100
AcDbSpline
210
0.0
220
0.0
230
1.0
 70
    11
 71
     3
 72
    65
 73
    61
 74
     0
 42
0.000000001
 43
0.0000000001
 40
5.669999999999959
 40
5.669999999999959
 40
5.669999999999959
 40
5.669999999999959
 40
14.16999999999999
 40
14.16999999999999
 40
14.16999999999999
 40
19.83999999999995
 40
19.83999999999995
 40
19.83999999999995
 40
50.1399999999999
 40
50.1399999999999
 40
50.1399999999999
 40
51.1399999999999
 40
51.1399999999999
 40
51.1399999999999
 40
116.8452357122321
 40
116.8452357122321
 40
116.8452357122321
 40
117.8452357122321
 40
117.8452357122321
 40
117.8452357122321
 40
167.1952357122321
 40
167.1952357122321
 40
167.1952357122321
 40
168.1952357122321
 40
168.1952357122321
 40
168.1952357122321
 40
169.1952357122321
 40
169.1952357122321
 40
169.1952357122321
 40
173.4452357122321
 40
173.4452357122321
 40
173.4452357122321
 40
181.9452357122321
 40
181.9452357122321
 40
181.9452357122321
 40
186.1952357122321
 40
186.1952357122321
 40
186.1952357122321
 40
187.1952357122321
 40
187.1952357122321
 40
187.1952357122321
 40
188.1952357122321
 40
188.1952357122321
 40
188.1952357122321
 40
237.5452357122321
 40
237.5452357122321
 40
237.5452357122321
 40
238.5452357122321
 40
238.5452357122321
 40
238.5452357122321
 40
304.2504714244644
 40
304.2504714244644
 40
304.2504714244644
 40
305.2504714244644
 40
305.2504714244644
 40
305.2504714244644
 40
335.5504714244644
 40
335.5504714244644
 40
335.5504714244644
 40
341.2204714244643
 40
341.2204714244643
 40
341.2204714244643
 40
341.2204714244643
 10
87.75248444444443
 20
253.7922138888889
 30
0.0
 10
88.75202148148146
 20
253.7922138888888
 30
0.0
 10
89.75155851851851
 20
253.7922138888888
 30
0.0
 10
90.75109555555555
 20
253.7922138888888
 30
0.0
 10
90.75109555555555
 20
254.4589638888889
 30
0.0
 10
90.75109555555555
 20
255.1257138888888
 30
0.0
 10
90.75109555555555
 20
255.7924638888888
 30
0.0
 10
94.31415111111109
 20
255.7924638888888
 30
0.0
 10
97.87720666666665
 20
255.7924638888888
 30
0.0
 10
101.4402622222222
 20
255.7924638888888
 30
0.0
 10
101.8777066666667
 20
255.7924638888888
 30
0.0
 10
102.2657622222222
 20
255.5067138888888
 30
0.0
 10
102.3927622222222
 20
255.0869083333333
 30
0.0
 10
104.634077037037
 20
247.692686111111
 30
0.0
 10
106.8753918518518
 20
240.2984638888888
 30
0.0
 10
109.1167066666666
 20
232.9042416666666
 30
0.0
 10
109.3107344444444
 20
232.2657138888889
 30
0.0
 10
108.8309566666667
 20
231.6201305555555
 30
0.0
 10
108.1606788888889
 20
231.6201305555555
 30
0.0
 10
102.3574844444444
 20
231.6201305555555
 30
0.0
 10
96.55428999999998
 20
231.6201305555555
 30
0.0
 10
90.75109555555555
 20
231.6201305555555
 30
0.0
 10
90.69817888888888
 20
231.6201305555555
 30
0.0
 10
90.65231777777777
 20
232.4032972222222
 30
0.0
 10
90.65231777777777
 20
233.3699083333333
 30
0.0
 10
90.65231777777777
 20
234.3365194444444
 30
0.0
 10
90.75109555555555
 20
234.946825
 30
0.0
 10
90.75109555555555
 20
235.1196861111111
 30
0.0
 10
90.75109555555555
 20
235.6194546296296
 30
0.0
 10
90.75109555555555
 20
236.1192231481481
 30
0.0
 10
90.75109555555555
 20
236.6189916666666
 30
0.0
 10
89.75155851851851
 20
236.6189916666666
 30
0.0
 10
88.75202148148146
 20
236.6189916666666
 30
0.0
 10
87.75248444444443
 20
236.6189916666666
 30
0.0
 10
87.75248444444442
 20
236.1192231481481
 30
0.0
 10
87.75248444444442
 20
235.6194546296296
 30
0.0
 10
87.75248444444443
 20
235.1196861111111
 30
0.0
 10
87.75248444444443
 20
234.946825
 30
0.0
 10
87.85126222222222
 20
234.3365194444444
 30
0.0
 10
87.85126222222222
 20
233.3699083333333
 30
0.0
 10
87.85126222222222
 20
232.4032972222222
 30
0.0
 10
87.80540111111111
 20
231.6201305555555
 30
0.0
 10
87.75248444444443
 20
231.6201305555555
 30
0.0
 10
81.94928999999999
 20
231.6201305555555
 30
0.0
 10
76.14609555555555
 20
231.6201305555555
 30
0.0
 10
70.3429011111111
 20
231.6201305555555
 30
0.0
 10
69.67262333333332
 20
231.6201305555555
 30
0.0
 10
69.19284555555555
 20
232.2657138888889
 30
0.0
 10
69.38687333333333
 20
232.9042416666666
 30
0.0
 10
71.62818814814814
 20
240.2984638888888
 30
0.0
 10
73.86950296296295
 20
247.692686111111
 30
0.0
 10
76.11081777777777
 20
255.0869083333333
 30
0.0
 10
76.23781777777776
 20
255.5067138888888
 30
0.0
 10
76.62587333333333
 20
255.7924638888888
 30
0.0
 10
77.06331777777777
 20
255.7924638888888
 30
0.0
 10
80.62637333333332
 20
255.7924638888888
 30
0.0
 10
84.18942888888888
 20
255.7924638888888
 30
0.0
 10
87.75248444444443
 20
255.7924638888888
 30
0.0
 10
87.75248444444442
 20
255.1257138888888
 30
0.0
 10
87.75248444444442
 20
254.4589638888889
 30
0.0
 10
87.75248444444443
 20
253.7922138888889
 30
0.0
  0
SPLINE
  5
19E
330
1F
100
AcDbEntity
  8
DEFAULT
 62
     1
100
AcDbSpline
210
0.0
220
0.0
230
1.0
 70
    11
 71
     3
 72
    65
 73
    61
 74
     0
 42
0.000000001
 43
0.0000000001
 40
5.669999999999959
 40
5.669999999999959
 40
5.669999999999959
 40
5.669999999999959
 40
14.17999999999995
 40
14.17999999999995
 40
14.17999999999995
 40
19.84999999999991
 40
19.84999999999991
 40
19.84999999999991
 40
23.2299999999999
 40
23.2299999999999
 40
23.2299999999999
 40
24.2299999999999
 40
24.2299999999999
 40
24.2299999999999
 40
91.72689252106343
 40
91.72689252106343
 40
91.72689252106343
 40
92.72689252106343
 40
92.72689252106343
 40
92.72689252106343
 40
120.6768925210634
 40
120.6768925210634
 40
120.6768925210634
 40
121.6768925210634
 40
121.6768925210634
 40
121.6768925210634
 40
122.6768925210634
 40
122.6768925210634
 40
122.6768925210634
 40
126.9268925210634
 40
126.9268925210634
 40
126.9268925210634
 40
135.4368925210634
 40
135.4368925210634
 40
135.4368925210634
 40
139.6868925210634
 40
139.6868925210634
 40
139.6868925210634
 40
140.6868925210634
 40
140.6868925210634
 40
140.6868925210634
 40
141.6868925210634
 40
141.6868925210634
 40
141.6868925210634
 40
169.6468925210634
 40
169.6468925210634
 40
169.6468925210634
 40
170.6468925210634
 40
170.6468925210634
 40
170.6468925210634
 40
238.14742437082
 40
238.14742437082
 40
238.14742437082
 40
239.14742437082
 40
239.14742437082
 40
239.14742437082
 40
242.52742437082
 40
242.52742437082
 40
242.52742437082
 40
248.1974243708199
 40
248.1974243708199
 40
248.1974243708199
 40
248.1974243708199
 10
87.75177888888888
 20
286.4373169444444
 30
0.0
 10
88.75249185185184
 20
286.4373169444444
 30
0.0
 10
89.75320481481481
 20
286.4373169444444
 30
0.0
 10
90.75391777777777
 20
286.4373169444444
 30
0.0
 10
90.75391777777777
 20
287.1040669444445
 30
0.0
 10
90.75391777777777
 20
287.7708169444444
 30
0.0
 10
90.75391777777777
 20
288.4375669444444
 30
0.0
 10
91.15138074074072
 20
288.4375669444444
 30
0.0
 10
91.5488437037037
 20
288.4375669444444
 30
0.0
 10
91.94630666666666
 20
288.4375669444444
 30
0.0
 10
92.35552888888888
 20
288.4375669444444
 30
0.0
 10
92.72594555555555
 20
288.1870947222222
 30
0.0
 10
92.87411222222221
 20
287.8060947222222
 30
0.0
 10
95.76218629629629
 20
280.4130484259259
 30
0.0
 10
98.65026037037035
 20
273.0200021296296
 30
0.0
 10
101.5383344444444
 20
265.6269558333333
 30
0.0
 10
101.7958622222222
 20
264.9743169444444
 30
0.0
 10
101.3125566666667
 20
264.2687613888888
 30
0.0
 10
100.6105288888889
 20
264.2687613888888
 30
0.0
 10
97.32381592592593
 20
264.2687613888888
 30
0.0
 10
94.03710296296295
 20
264.2687613888888
 30
0.0
 10
90.75039
 20
264.2687613888888
 30
0.0
 10
90.69394555555554
 20
264.3393169444444
 30
0.0
 10
90.65161222222223
 20
265.0942613888889
 30
0.0
 10
90.65161222222223
 20
266.0150113888889
 30
0.0
 10
90.65161222222223
 20
266.9816225
 30
0.0
 10
90.75391777777777
 20
267.5919280555556
 30
0.0
 10
90.75391777777777
 20
267.7647891666667
 30
0.0
 10
90.75391777777777
 20
268.2645576851852
 30
0.0
 10
90.75391777777777
 20
268.7643262037037
 30
0.0
 10
90.75391777777777
 20
269.2640947222222
 30
0.0
 10
89.75320481481481
 20
269.2640947222222
 30
0.0
 10
88.75249185185184
 20
269.2640947222222
 30
0.0
 10
87.75177888888888
 20
269.2640947222222
 30
0.0
 10
87.75177888888886
 20
268.7643262037037
 30
0.0
 10
87.75177888888886
 20
268.2645576851852
 30
0.0
 10
87.75177888888888
 20
267.7647891666667
 30
0.0
 10
87.75177888888888
 20
267.5919280555556
 30
0.0
 10
87.85055666666666
 20
266.9816225
 30
0.0
 10
87.85055666666666
 20
266.0150113888889
 30
0.0
 10
87.85055666666666
 20
265.0942613888889
 30
0.0
 10
87.8117511111111
 20
264.3393169444444
 30
0.0
 10
87.75530666666666
 20
264.2687613888888
 30
0.0
 10
84.46741777777777
 20
264.2687613888888
 30
0.0
 10
81.17952888888887
 20
264.2687613888888
 30
0.0
 10
77.89164
 20
264.2687613888888
 30
0.0
 10
77.18961222222222
 20
264.2687613888888
 30
0.0
 10
76.70983444444444
 20
264.9743169444444
 30
0.0
 10
76.96383444444444
 20
265.6269558333333
 30
0.0
 10
79.85308444444445
 20
273.0200021296296
 30
0.0
 10
82.74233444444444
 20
280.4130484259259
 30
0.0
 10
85.63158444444444
 20
287.8060947222222
 30
0.0
 10
85.77975111111111
 20
288.1870947222222
 30
0.0
 10
86.14663999999999
 20
288.4375669444444
 30
0.0
 10
86.55939
 20
288.4375669444444
 30
0.0
 10
86.95685296296296
 20
288.4375669444444
 30
0.0
 10
87.3543159259259
 20
288.4375669444444
 30
0.0
 10
87.75177888888888
 20
288.4375669444444
 30
0.0
 10
87.75177888888886
 20
287.7708169444444
 30
0.0
 10
87.75177888888886
 20
287.1040669444445
 30
0.0
 10
87.75177888888888
 20
286.4373169444444
 30
0.0
  0
SPLINE
  5
19F
330
1F
100
AcDbEntity
  8
DEFAULT
 62
     1
100
AcDbSpline
210
0.0
220
0.0
230
1.0
 70
    11
 71
     3
 72
   278
 73
   274
 74
     0
 42
0.000000001
 43
0.0000000001
 40
1.0
 40
1.0
 40
1.0
 40
1.0
 40
2.0
 40
2.0
 40
2.0
 40
3.0
 40
3.0
 40
3.0
 40
12.92199999999991
 40
12.92199999999991
 40
12.92199999999991
 40
21.42599999999993
 40
21.42599999999993
 40
21.42599999999993
 40
31.34799999999984
 40
31.34799999999984
 40
31.34799999999984
 40
32.34799999999984
 40
32.34799999999984
 40
32.34799999999984
 40
33.34799999999984
 40
33.34799999999984
 40
33.34799999999984
 40
55.57526238203868
 40
55.57526238203868
 40
55.57526238203868
 40
56.57526238203868
 40
56.57526238203868
 40
56.57526238203868
 40
57.57526238203868
 40
57.57526238203868
 40
57.57526238203868
 40
58.57526238203868
 40
58.57526238203868
 40
58.57526238203868
 40
59.57526238203868
 40
59.57526238203868
 40
59.57526238203868
 40
68.07609869383765
 40
68.07609869383765
 40
68.07609869383765
 40
69.07609869383765
 40
69.07609869383765
 40
69.07609869383765
 40
70.07609869383765
 40
70.07609869383765
 40
70.07609869383765
 40
71.07609869383765
 40
71.07609869383765
 40
71.07609869383765
 40
99.91779285350867
 40
99.91779285350867
 40
99.91779285350867
 40
104.1697919127748
 40
104.1697919127748
 40
104.1697919127748
 40
105.1697919127748
 40
105.1697919127748
 40
105.1697919127748
 40
106.1697919127748
 40
106.1697919127748
 40
106.1697919127748
 40
107.1697919127748
 40
107.1697919127748
 40
107.1697919127748
 40
108.1697919127748
 40
108.1697919127748
 40
108.1697919127748
 40
116.6689485768209
 40
116.6689485768209
 40
116.6689485768209
 40
117.6689485768209
 40
117.6689485768209
 40
117.6689485768209
 40
118.6689485768209
 40
118.6689485768209
 40
118.6689485768209
 40
119.6689485768209
 40
119.6689485768209
 40
119.6689485768209
 40
148.5110982366503
 40
148.5110982366503
 40
148.5110982366503
 40
152.7635032032545
 40
152.7635032032545
 40
152.7635032032545
 40
153.7635032032545
 40
153.7635032032545
 40
153.7635032032545
 40
154.7635032032545
 40
154.7635032032545
 40
154.7635032032545
 40
155.7635032032545
 40
155.7635032032545
 40
155.7635032032545
 40
156.7635032032545
 40
156.7635032032545
 40
156.7635032032545
 40
165.2643069887797
 40
165.2643069887797
 40
165.2643069887797
 40
166.2643069887797
 40
166.2643069887797
 40
166.2643069887797
 40
167.2643069887797
 40
167.2643069887797
 40
167.2643069887797
 40
168.2643069887797
 40
168.2643069887797
 40
168.2643069887797
 40
197.1062889248396
 40
197.1062889248396
 40
197.1062889248396
 40
201.3584654263503
 40
201.3584654263503
 40
201.3584654263503
 40
202.3584654263503
 40
202.3584654263503
 40
202.3584654263503
 40
203.3584654263503
 40
203.3584654263503
 40
203.3584654263503
 40
204.3584654263503
 40
204.3584654263503
 40
204.3584654263503
 40
205.3584654263503
 40
205.3584654263503
 40
205.3584654263503
 40
213.8584654263503
 40
213.8584654263503
 40
213.8584654263503
 40
223.7774654263502
 40
223.7774654263502
 40
223.7774654263502
 40
224.7774654263502
 40
224.7774654263502
 40
224.7774654263502
 40
225.7774654263502
 40
225.7774654263502
 40
225.7774654263502
 40
254.6184654263502
 40
254.6184654263502
 40
254.6184654263502
 40
258.8704654263502
 40
258.8704654263502
 40
258.8704654263502
 40
259.8704654263502
 40
259.8704654263502
 40
259.8704654263502
 40
260.8704654263502
 40
260.8704654263502
 40
260.8704654263502
 40
261.8704654263502
 40
261.8704654263502
 40
261.8704654263502
 40
262.8704654263502
 40
262.8704654263502
 40
262.8704654263502
 40
271.3699529991395
 40
271.3699529991395
 40
271.3699529991395
 40
272.3699529991395
 40
272.3699529991395
 40
272.3699529991395
 40
273.3699529991395
 40
273.3699529991395
 40
273.3699529991395
 40
274.3699529991395
 40
274.3699529991395
 40
274.3699529991395
 40
303.2124522667134
 40
303.2124522667134
 40
303.2124522667134
 40
307.4642293069637
 40
307.4642293069637
 40
307.4642293069637
 40
308.4642293069637
 40
308.4642293069637
 40
308.4642293069637
 40
309.4642293069637
 40
309.4642293069637
 40
309.4642293069637
 40
310.4642293069637
 40
310.4642293069637
 40
310.4642293069637
 40
311.4642293069637
 40
311.4642293069637
 40
311.4642293069637
 40
319.9641178356445
 40
319.9641178356445
 40
319.9641178356445
 40
320.9641178356445
 40
320.9641178356445
 40
320.9641178356445
 40
321.9641178356445
 40
321.9641178356445
 40
321.9641178356445
 40
322.9641178356445
 40
322.9641178356445
 40
322.9641178356445
 40
351.8054852442817
 40
351.8054852442817
 40
351.8054852442817
 40
356.0572087771563
 40
356.0572087771563
 40
356.0572087771563
 40
357.0572087771563
 40
357.0572087771563
 40
357.0572087771563
 40
358.0572087771563
 40
358.0572087771563
 40
358.0572087771563
 40
359.0572087771563
 40
359.0572087771563
 40
359.0572087771563
 40
360.0572087771563
 40
360.0572087771563
 40
360.0572087771563
 40
368.5567694716864
 40
368.5567694716864
 40
368.5567694716864
 40
369.5567694716864
 40
369.5567694716864
 40
369.5567694716864
 40
370.5567694716864
 40
370.5567694716864
 40
370.5567694716864
 40
371.5567694716864
 40
371.5567694716864
 40
371.5567694716864
 40
400.3984636313573
 40
400.3984636313573
 40
400.3984636313573
 40
404.6504626906234
 40
404.6504626906234
 40
404.6504626906234
 40
405.6504626906234
 40
405.6504626906234
 40
405.6504626906234
 40
427.8774626906235
 40
427.8774626906235
 40
427.8774626906235
 40
428.8774626906235
 40
428.8774626906235
 40
428.8774626906235
 40
429.8774626906235
 40
429.8774626906235
 40
429.8774626906235
 40
439.7984626906235
 40
439.7984626906235
 40
439.7984626906235
 40
448.3024626906234
 40
448.3024626906234
 40
448.3024626906234
 40
458.2234626906235
 40
458.2234626906235
 40
458.2234626906235
 40
459.2234626906235
 40
459.2234626906235
 40
459.2234626906235
 40
460.2234626906235
 40
460.2234626906235
 40
460.2234626906235
 40
461.2234626906235
 40
461.2234626906235
 40
461.2234626906235
 40
462.2234626906235
 40
462.2234626906235
 40
462.2234626906235
 40
463.2234626906235
 40
463.2234626906235
 40
463.2234626906235
 40
464.2234626906235
 40
464.2234626906235
 40
464.2234626906235
 40
464.2234626906235
 10
246.4794833333333
 20
104.4083580555555
 30
0.0
 10
246.4794833333333
 20
104.3529719444444
 30
0.0
 10
245.6966694444444
 20
104.3085219444444
 30
0.0
 10
244.7293527777778
 20
104.3085219444444
 30
0.0
 10
243.7620361111111
 20
104.3085219444444
 30
0.0
 10
243.1542
 20
104.4083580555555
 30
0.0
 10
242.979575
 20
104.4083580555555
 30
0.0
 10
241.8128212962963
 20
104.4083580555555
 30
0.0
 10
240.6460675925926
 20
104.4083580555555
 30
0.0
 10
239.4793138888889
 20
104.4083580555555
 30
0.0
 10
239.4793138888889
 20
103.4083506481481
 30
0.0
 10
239.4793138888889
 20
102.4083432407407
 30
0.0
 10
239.4793138888889
 20
101.4083358333333
 30
0.0
 10
240.6460675925926
 20
101.4083358333333
 30
0.0
 10
241.8128212962963
 20
101.4083358333333
 30
0.0
 10
242.979575
 20
101.4083358333333
 30
0.0
 10
243.1542
 20
101.4083358333333
 30
0.0
 10
243.7620361111111
 20
101.5085247222222
 30
0.0
 10
244.7293527777778
 20
101.5085247222222
 30
0.0
 10
245.6966694444444
 20
101.5085247222222
 30
0.0
 10
246.4794833333333
 20
101.4637219444444
 30
0.0
 10
246.4794833333333
 20
101.4083358333333
 30
0.0
 10
246.4667833333333
 20
98.79460527777775
 30
0.0
 10
246.4540833333333
 20
96.1808747222222
 30
0.0
 10
246.4413833333333
 20
93.56714416666665
 30
0.0
 10
246.4413833333333
 20
89.14930805555554
 30
0.0
 10
239.57915
 20
88.50901638888887
 30
0.0
 10
234.8635694444444
 20
90.17130527777776
 30
0.0
 10
233.2997055555555
 20
90.72269694444444
 30
0.0
 10
232.4802027777778
 20
92.43402194444444
 30
0.0
 10
233.0315944444444
 20
93.99788583333331
 30
0.0
 10
233.0492333333333
 20
94.04798027777777
 30
0.0
 10
233.7995916666667
 20
93.83208027777775
 30
0.0
 10
234.7146972222222
 20
93.5092886111111
 30
0.0
 10
235.626275
 20
93.18790805555554
 30
0.0
 10
236.1656722222222
 20
92.89333861111109
 30
0.0
 10
236.3318305555555
 20
92.83442472222221
 30
0.0
 10
236.6642648148148
 20
93.77716453703702
 30
0.0
 10
236.9966990740741
 20
94.71990435185184
 30
0.0
 10
237.3291333333333
 20
95.66264416666665
 30
0.0
 10
237.3291333333333
 20
95.66264416666665
 30
0.0
 10
234.8536916666666
 20
96.5350636111111
 30
0.0
 10
234.0285444444444
 20
96.82610527777776
 30
0.0
 10
233.8620333333333
 20
96.88466638888887
 30
0.0
 10
233.2570194444444
 20
96.99332194444442
 30
0.0
 10
232.3454416666666
 20
97.31470249999998
 30
0.0
 10
231.4303361111111
 20
97.63714138888886
 30
0.0
 10
230.851075
 20
97.94617472222221
 30
0.0
 10
230.7279555555556
 20
97.98956638888887
 30
0.0
 10
227.5293194444444
 20
99.11716175925925
 30
0.0
 10
224.3306833333333
 20
100.2447571296296
 30
0.0
 10
221.1320472222222
 20
101.3723525
 30
0.0
 10
220.9657712962963
 20
100.9008062037037
 30
0.0
 10
220.7994953703704
 20
100.4292599074074
 30
0.0
 10
220.6332194444444
 20
99.9577136111111
 30
0.0
 10
219.9456555555556
 20
98.00720527777777
 30
0.0
 10
214.5407472222222
 20
98.14055527777776
 30
0.0
 10
210.8813833333333
 20
101.5480358333333
 30
0.0
 10
209.6678277777778
 20
102.6779830555555
 30
0.0
 10
209.6000944444444
 20
104.5741636111111
 30
0.0
 10
210.7300416666667
 20
105.7877191666667
 30
0.0
 10
210.766025
 20
105.8265247222222
 30
0.0
 10
211.3678638888889
 20
105.3287552777778
 30
0.0
 10
212.0780055555556
 20
104.6676497222222
 30
0.0
 10
212.785325
 20
104.0090136111111
 30
0.0
 10
213.1620916666667
 20
103.5232386111111
 30
0.0
 10
213.2912083333333
 20
103.4032941666667
 30
0.0
 10
213.9723046296296
 20
104.1347200925926
 30
0.0
 10
214.6534009259259
 20
104.8661460185185
 30
0.0
 10
215.3344972222222
 20
105.5975719444444
 30
0.0
 10
215.3344972222222
 20
105.5975719444444
 30
0.0
 10
213.4136222222222
 20
107.3861552777777
 30
0.0
 10
212.7733305555556
 20
107.9823497222222
 30
0.0
 10
212.6442138888889
 20
108.1026469444444
 30
0.0
 10
212.1326861111111
 20
108.4437830555555
 30
0.0
 10
211.4253666666667
 20
109.1024191666666
 30
0.0
 10
210.715225
 20
109.7635247222222
 30
0.0
 10
210.3074138888889
 20
110.2782275
 30
0.0
 10
210.2121638888889
 20
110.3671275
 30
0.0
 10
207.7299018518518
 20
112.6782923148148
 30
0.0
 10
205.2476398148148
 20
114.9894571296296
 30
0.0
 10
202.7653777777778
 20
117.3006219444444
 30
0.0
 10
202.4245944444444
 20
116.9346737962963
 30
0.0
 10
202.0838111111111
 20
116.5687256481481
 30
0.0
 10
201.7430277777778
 20
116.2027775
 30
0.0
 10
200.3340333333333
 20
114.6893608333333
 30
0.0
 10
195.4297166666667
 20
116.9686580555555
 30
0.0
 10
193.4326416666667
 20
121.5526525
 30
0.0
 10
192.770125
 20
123.0727719444444
 30
0.0
 10
193.4643916666666
 20
124.8387775
 30
0.0
 10
194.9845111111111
 20
125.5009413888889
 30
0.0
 10
195.0328416666667
 20
125.5221080555555
 30
0.0
 10
195.386325
 20
124.8257247222222
 30
0.0
 10
195.7740277777778
 20
123.9363719444444
 30
0.0
 10
196.1599666666666
 20
123.0501941666667
 30
0.0
 10
196.3120138888889
 20
122.4547052777777
 30
0.0
 10
196.3822166666666
 20
122.2927802777778
 30
0.0
 10
197.2986157407407
 20
122.6921247222222
 30
0.0
 10
198.2150148148148
 20
123.0914691666666
 30
0.0
 10
199.1314138888889
 20
123.4908136111111
 30
0.0
 10
199.1314138888889
 20
123.4908136111111
 30
0.0
 10
198.0829583333333
 20
125.8967580555555
 30
0.0
 10
197.7333555555555
 20
126.6989747222222
 30
0.0
 10
197.6628
 20
126.8605469444444
 30
0.0
 10
197.3301305555555
 20
127.3773663888889
 30
0.0
 10
196.9438388888889
 20
128.2635441666666
 30
0.0
 10
196.5564888888889
 20
129.1528969444444
 30
0.0
 10
196.3875083333333
 20
129.7875441666667
 30
0.0
 10
196.3352972222222
 20
129.9071358333333
 30
0.0
 10
194.9805129629629
 20
133.0164015740741
 30
0.0
 10
193.6257287037037
 20
136.1256673148148
 30
0.0
 10
192.2709444444444
 20
139.2349330555555
 30
0.0
 10
191.8125685185185
 20
139.0351432407407
 30
0.0
 10
191.3541925925926
 20
138.8353534259259
 30
0.0
 10
190.8958166666667
 20
138.6355636111111
 30
0.0
 10
188.9999888888889
 20
137.8097108333333
 30
0.0
 10
185.4125916666666
 20
141.8610108333333
 30
0.0
 10
185.4125916666666
 20
146.8612830555555
 30
0.0
 10
185.4125916666666
 20
148.5193386111111
 30
0.0
 10
186.7542055555556
 20
149.8609525
 30
0.0
 10
188.4122611111111
 20
149.8609525
 30
0.0
 10
188.4651777777777
 20
149.8609525
 30
0.0
 10
188.5110388888889
 20
149.0816663888889
 30
0.0
 10
188.5110388888889
 20
148.1115275
 30
0.0
 10
188.5110388888889
 20
147.1449163888889
 30
0.0
 10
188.4122611111111
 20
146.5381386111111
 30
0.0
 10
188.4122611111111
 20
146.3617497222222
 30
0.0
 10
189.4117981481481
 20
146.3617497222222
 30
0.0
 10
190.4113351851852
 20
146.3617497222222
 30
0.0
 10
191.4108722222222
 20
146.3617497222222
 30
0.0
 10
191.4108722222222
 20
147.5281506481481
 30
0.0
 10
191.4108722222222
 20
148.6945515740741
 30
0.0
 10
191.4108722222222
 20
149.8609525
 30
0.0
 10
191.4108722222222
 20
150.0373413888888
 30
0.0
 10
191.3120944444444
 20
150.6441191666667
 30
0.0
 10
191.3120944444444
 20
151.6110830555555
 30
0.0
 10
191.3120944444444
 20
152.5812219444444
 30
0.0
 10
191.4108722222222
 20
153.2303330555555
 30
0.0
 10
191.4108722222222
 20
153.3608608333333
 30
0.0
 10
191.4108722222222
 20
156.7523487962963
 30
0.0
 10
191.4108722222222
 20
160.1438367592592
 30
0.0
 10
191.4108722222222
 20
163.5353247222222
 30
0.0
 10
190.9108685185185
 20
163.5353247222222
 30
0.0
 10
190.4108648148148
 20
163.5353247222222
 30
0.0
 10
189.9108611111111
 20
163.5353247222222
 30
0.0
 10
187.8428777777778
 20
163.5353247222222
 30
0.0
 10
186.1707111111111
 20
168.6830580555555
 30
0.0
 10
188.1677861111111
 20
173.2670525
 30
0.0
 10
188.82995
 20
174.7871719444444
 30
0.0
 10
190.5959555555555
 20
175.4814386111111
 30
0.0
 10
192.1164277777777
 20
174.8192747222222
 30
0.0
 10
192.1647583333333
 20
174.7981080555555
 30
0.0
 10
191.8955888888889
 20
174.0650358333333
 30
0.0
 10
191.5078861111111
 20
173.1756830555555
 30
0.0
 10
191.1219472222222
 20
172.2895052777777
 30
0.0
 10
190.788925
 20
171.7726858333333
 30
0.0
 10
190.7187222222222
 20
171.6107608333333
 30
0.0
 10
191.6350037037037
 20
171.2115339814815
 30
0.0
 10
192.5512851851852
 20
170.8123071296296
 30
0.0
 10
193.4675666666667
 20
170.4130802777778
 30
0.0
 10
193.4675666666667
 20
170.4130802777778
 30
0.0
 10
194.5160222222222
 20
172.8193775
 30
0.0
 10
194.8652722222222
 20
173.6215941666666
 30
0.0
 10
194.9358277777778
 20
173.7831663888889
 30
0.0
 10
195.0875222222222
 20
174.3790080555555
 30
0.0
 10
195.4738138888889
 20
175.2651858333333
 30
0.0
 10
195.8611638888889
 20
176.1545386111111
 30
0.0
 10
196.2111194444444
 20
176.7101636111111
 30
0.0
 10
196.2629777777778
 20
176.8297552777777
 30
0.0
 10
197.6176444444444
 20
179.9391386111111
 30
0.0
 10
198.9723111111111
 20
183.0485219444444
 30
0.0
 10
200.3269777777778
 20
186.1579052777778
 30
0.0
 10
199.8686018518518
 20
186.3575775
 30
0.0
 10
199.4102259259259
 20
186.5572497222222
 30
0.0
 10
198.95185
 20
186.7569219444444
 30
0.0
 10
197.0556694444444
 20
187.5831275
 30
0.0
 10
197.5760166666666
 20
192.9661636111111
 30
0.0
 10
201.2353805555556
 20
196.3732913888888
 30
0.0
 10
202.4489361111111
 20
197.5035913888889
 30
0.0
 10
204.3451166666667
 20
197.4358580555555
 30
0.0
 10
205.4750638888889
 20
196.2223025
 30
0.0
 10
205.5114
 20
196.1834969444444
 30
0.0
 10
204.9720027777778
 20
195.6186997222222
 30
0.0
 10
204.2618611111111
 20
194.9575941666667
 30
0.0
 10
203.5545416666666
 20
194.2989580555555
 30
0.0
 10
203.0430138888889
 20
193.9578219444444
 30
0.0
 10
202.91425
 20
193.8375247222222
 30
0.0
 10
203.5953462962963
 20
193.1059812037037
 30
0.0
 10
204.2764425925926
 20
192.3744376851852
 30
0.0
 10
204.9575388888888
 20
191.6428941666667
 30
0.0
 10
204.9575388888888
 20
191.6428941666667
 30
0.0
 10
206.8784138888889
 20
193.4314775
 30
0.0
 10
207.5187055555555
 20
194.0280247222222
 30
0.0
 10
207.6478222222222
 20
194.1479691666666
 30
0.0
 10
208.0245888888889
 20
194.6337441666666
 30
0.0
 10
208.7319083333333
 20
195.2927330555555
 30
0.0
 10
209.44205
 20
195.9538386111111
 30
0.0
 10
209.9842694444444
 20
196.3239025
 30
0.0
 10
210.0798722222222
 20
196.4128025
 30
0.0
 10
212.5618990740741
 20
198.7240849074074
 30
0.0
 10
215.0439259259259
 20
201.0353673148148
 30
0.0
 10
217.5259527777778
 20
203.3466497222222
 30
0.0
 10
217.185287037037
 20
203.7125978703703
 30
0.0
 10
216.8446212962963
 20
204.0785460185185
 30
0.0
 10
216.5039555555555
 20
204.4444941666666
 30
0.0
 10
215.0946083333333
 20
205.9579108333333
 30
0.0
 10
217.7217444444444
 20
210.6883080555555
 30
0.0
 10
222.437325
 20
212.3505969444444
 30
0.0
 10
224.0011888888889
 20
212.9019886111111
 30
0.0
 10
225.7125138888889
 20
212.0828386111111
 30
0.0
 10
226.2639055555555
 20
210.5189747222222
 30
0.0
 10
226.2815444444444
 20
210.4688802777777
 30
0.0
 10
225.561525
 20
210.1665497222222
 30
0.0
 10
224.6467722222222
 20
209.8437580555555
 30
0.0
 10
223.7348416666667
 20
209.5223775
 30
0.0
 10
223.1298277777778
 20
209.4140747222222
 30
0.0
 10
222.9636694444444
 20
209.3551608333333
 30
0.0
 10
223.2959861111111
 20
208.412538611111
 30
0.0
 10
223.6283027777778
 20
207.4699163888889
 30
0.0
 10
223.9606194444444
 20
206.5272941666666
 30
0.0
 10
223.9606194444444
 20
206.5272941666666
 30
0.0
 10
226.4360611111111
 20
207.4000663888889
 30
0.0
 10
227.2608555555556
 20
207.6907552777778
 30
0.0
 10
227.4273666666667
 20
207.7493163888889
 30
0.0
 10
227.9667638888889
 20
208.0442386111111
 30
0.0
 10
228.8783416666666
 20
208.3656191666666
 30
0.0
 10
229.7934472222222
 20
208.6884108333333
 30
0.0
 10
230.438325
 20
208.8111775
 30
0.0
 10
230.5614444444444
 20
208.8545691666666
 30
0.0
 10
233.7600805555555
 20
209.982164537037
 30
0.0
 10
236.9587166666666
 20
211.1097599074074
 30
0.0
 10
240.1573527777777
 20
212.2373552777778
 30
0.0
 10
239.9910768518518
 20
212.708901574074
 30
0.0
 10
239.8248009259259
 20
213.1804478703704
 30
0.0
 10
239.658525
 20
213.6519941666666
 30
0.0
 10
238.9709611111111
 20
215.6025025
 30
0.0
 10
246.4413833333333
 20
220.7975080555555
 30
0.0
 10
246.4413833333333
 20
213.3359052777778
 30
0.0
 10
246.4413833333333
 20
210.7221747222222
 30
0.0
 10
246.4413833333333
 20
208.1084441666667
 30
0.0
 10
246.4413833333333
 20
205.4947136111111
 30
0.0
 10
246.4413833333333
 20
205.4393275
 30
0.0
 10
245.6589222222222
 20
205.3945247222222
 30
0.0
 10
244.6916055555556
 20
205.3945247222222
 30
0.0
 10
243.7242888888889
 20
205.3945247222222
 30
0.0
 10
243.1161
 20
205.4947136111111
 30
0.0
 10
242.941475
 20
205.4947136111111
 30
0.0
 10
241.7748388888889
 20
205.4947136111111
 30
0.0
 10
240.6082027777777
 20
205.4947136111111
 30
0.0
 10
239.4415666666666
 20
205.4947136111111
 30
0.0
 10
239.4415666666666
 20
204.4947062037037
 30
0.0
 10
239.4415666666666
 20
203.4946987962963
 30
0.0
 10
239.4415666666666
 20
202.4946913888889
 30
0.0
 10
240.6082027777777
 20
202.4946913888889
 30
0.0
 10
241.7748388888889
 20
202.4946913888889
 30
0.0
 10
242.941475
 20
202.4946913888889
 30
0.0
 10
243.1161
 20
202.4946913888889
 30
0.0
 10
243.7242888888889
 20
202.5945275
 30
0.0
 10
244.6916055555556
 20
202.5945275
 30
0.0
 10
245.6589222222222
 20
202.5945275
 30
0.0
 10
246.4413833333333
 20
202.5500775
 30
0.0
 10
246.4413833333333
 20
202.4946913888889
 30
0.0
 10
246.4413833333333
 20
200.2838330555555
 30
0.0
 10
244.9438416666667
 20
198.6875136111111
 30
0.0
 10
242.74145
 20
198.4945441666667
 30
0.0
 10
221.0689
 20
196.5965997222222
 30
0.0
 10
204.4964583333333
 20
175.9587469444444
 30
0.0
 10
204.4964583333333
 20
153.4515247222222
 30
0.0
 10
204.4964583333333
 20
130.9443025
 30
0.0
 10
221.0689
 20
110.3064497222222
 30
0.0
 10
242.74145
 20
108.4085052777778
 30
0.0
 10
244.9438416666667
 20
108.2155358333333
 30
0.0
 10
246.4794833333333
 20
106.6192163888889
 30
0.0
 10
246.4794833333333
 20
104.4083580555555
 30
0.0
  0
SPLINE
  5
1A0
330
1F
100
AcDbEntity
  8
DEFAULT
 62
     1
100
AcDbSpline
210
0.0
220
0.0
230
1.0
 70
    11
 71
     3
 72
   119
 73
   115
 74
     0
 42
0.000000001
 43
0.0000000001
 40
1.0
 40
1.0
 40
1.0
 40
1.0
 40
2.0
 40
2.0
 40
2.0
 40
3.0
 40
3.0
 40
3.0
 40
4.0
 40
4.0
 40
4.0
 40
5.0
 40
5.0
 40
5.0
 40
6.0
 40
6.0
 40
6.0
 40
15.91999999999999
 40
15.91999999999999
 40
15.91999999999999
 40
24.41999999999999
 40
24.41999999999999
 40
24.41999999999999
 40
34.33999999999999
 40
34.33999999999999
 40
34.33999999999999
 40
35.33999999999999
 40
35.33999999999999
 40
35.33999999999999
 40
36.33999999999999
 40
36.33999999999999
 40
36.33999999999999
 40
37.33999999999999
 40
37.33999999999999
 40
37.33999999999999
 40
38.33999999999999
 40
38.33999999999999
 40
38.33999999999999
 40
39.33999999999999
 40
39.33999999999999
 40
39.33999999999999
 40
40.33999999999999
 40
40.33999999999999
 40
40.33999999999999
 40
50.25999999999995
 40
50.25999999999995
 40
50.25999999999995
 40
58.75999999999995
 40
58.75999999999995
 40
58.75999999999995
 40
68.67999999999991
 40
68.67999999999991
 40
68.67999999999991
 40
69.67999999999991
 40
69.67999999999991
 40
69.67999999999991
 40
70.67999999999991
 40
70.67999999999991
 40
70.67999999999991
 40
71.67999999999991
 40
71.67999999999991
 40
71.67999999999991
 40
72.67999999999991
 40
72.67999999999991
 40
72.67999999999991
 40
73.67999999999991
 40
73.67999999999991
 40
73.67999999999991
 40
74.67999999999991
 40
74.67999999999991
 40
74.67999999999991
 40
75.67999999999991
 40
75.67999999999991
 40
75.67999999999991
 40
85.59999999999991
 40
85.59999999999991
 40
85.59999999999991
 40
94.09999999999991
 40
94.09999999999991
 40
94.09999999999991
 40
104.0199999999999
 40
104.0199999999999
 40
104.0199999999999
 40
105.0199999999999
 40
105.0199999999999
 40
105.0199999999999
 40
106.0199999999999
 40
106.0199999999999
 40
106.0199999999999
 40
107.0199999999999
 40
107.0199999999999
 40
107.0199999999999
 40
108.0199999999999
 40
108.0199999999999
 40
108.0199999999999
 40
109.0199999999999
 40
109.0199999999999
 40
109.0199999999999
 40
110.0199999999999
 40
110.0199999999999
 40
110.0199999999999
 40
111.0199999999999
 40
111.0199999999999
 40
111.0199999999999
 40
120.9399999999999
 40
120.9399999999999
 40
120.9399999999999
 40
129.4399999999999
 40
129.4399999999999
 40
129.4399999999999
 40
139.3599999999998
 40
139.3599999999998
 40
139.3599999999998
 40
140.3599999999998
 40
140.3599999999998
 40
140.3599999999998
 40
140.3599999999998
 10
219.7246402777778
 20
13.38848111111111
 30
0.0
 10
220.6912513888889
 20
13.38848111111111
 30
0.0
 10
221.4744180555556
 20
13.34614777777778
 30
0.0
 10
221.4744180555556
 20
13.28970333333333
 30
0.0
 10
221.4744180555556
 20
11.63164777777778
 30
0.0
 10
220.1761958333333
 20
10.28756444444444
 30
0.0
 10
218.5181402777778
 20
10.28756444444444
 30
0.0
 10
206.5166402777777
 20
10.28756444444444
 30
0.0
 10
209.9244736111111
 20
11.37059222222222
 30
0.0
 10
206.5166402777777
 20
11.37059222222222
 30
0.0
 10
206.4637236111111
 20
11.37059222222222
 30
0.0
 10
206.4178625
 20
12.15375888888889
 30
0.0
 10
206.4178625
 20
13.12037
 30
0.0
 10
206.4178625
 20
14.08698111111111
 30
0.0
 10
206.5166402777777
 20
14.69728666666667
 30
0.0
 10
206.5166402777777
 20
14.87014777777778
 30
0.0
 10
206.5166402777777
 20
16.03666629629629
 30
0.0
 10
206.5166402777777
 20
17.20318481481481
 30
0.0
 10
206.5166402777777
 20
18.36970333333333
 30
0.0
 10
205.5171032407407
 20
18.36970333333333
 30
0.0
 10
204.5175662037037
 20
18.36970333333333
 30
0.0
 10
203.5180291666666
 20
18.36970333333333
 30
0.0
 10
203.5180291666667
 20
17.20318481481481
 30
0.0
 10
203.5180291666667
 20
16.03666629629629
 30
0.0
 10
203.5180291666666
 20
14.87014777777778
 30
0.0
 10
203.5180291666666
 20
14.69728666666667
 30
0.0
 10
203.6168069444444
 20
14.08698111111111
 30
0.0
 10
203.6168069444444
 20
13.12037
 30
0.0
 10
203.6168069444444
 20
12.15375888888889
 30
0.0
 10
203.5709458333333
 20
11.37059222222222
 30
0.0
 10
203.5180291666666
 20
11.37059222222222
 30
0.0
 10
200.1101958333333
 20
11.37059222222222
 30
0.0
 10
203.5180291666666
 20
10.28756444444444
 30
0.0
 10
191.5165291666666
 20
10.28756444444444
 30
0.0
 10
189.8584736111111
 20
10.28756444444444
 30
0.0
 10
188.5179180555555
 20
11.63164777777778
 30
0.0
 10
188.5179180555555
 20
13.28970333333333
 30
0.0
 10
188.5179180555555
 20
13.34614777777778
 30
0.0
 10
189.3010847222222
 20
13.38848111111111
 30
0.0
 10
190.2676958333333
 20
13.38848111111111
 30
0.0
 10
191.2343069444444
 20
13.38848111111111
 30
0.0
 10
191.8410847222222
 20
13.28970333333333
 30
0.0
 10
192.0174736111111
 20
13.28970333333333
 30
0.0
 10
193.1839921296296
 20
13.28970333333333
 30
0.0
 10
194.3505106481481
 20
13.28970333333333
 30
0.0
 10
195.5170291666666
 20
13.28970333333333
 30
0.0
 10
195.5170291666667
 20
14.28924037037037
 30
0.0
 10
195.5170291666667
 20
15.2887774074074
 30
0.0
 10
195.5170291666666
 20
16.28831444444444
 30
0.0
 10
194.3505106481481
 20
16.28831444444444
 30
0.0
 10
193.1839921296296
 20
16.28831444444444
 30
0.0
 10
192.0174736111111
 20
16.28831444444444
 30
0.0
 10
191.8410847222222
 20
16.28831444444444
 30
0.0
 10
191.2343069444444
 20
16.18953666666667
 30
0.0
 10
190.2676958333333
 20
16.18953666666667
 30
0.0
 10
189.3010847222222
 20
16.18953666666667
 30
0.0
 10
188.5179180555555
 20
16.23539777777778
 30
0.0
 10
188.5179180555555
 20
16.28831444444444
 30
0.0
 10
188.5179180555555
 20
17.94637
 30
0.0
 10
189.8584736111111
 20
19.29045333333333
 30
0.0
 10
191.5165291666666
 20
19.29045333333333
 30
0.0
 10
196.4906958333333
 20
19.29045333333333
 30
0.0
 10
200.5158902777777
 20
26.92809222222222
 30
0.0
 10
200.5158902777777
 20
36.37195333333333
 30
0.0
 10
200.5158902777777
 20
38.03000888888889
 30
0.0
 10
201.8599736111111
 20
39.37056444444444
 30
0.0
 10
203.5180291666666
 20
39.37056444444444
 30
0.0
 10
203.5709458333333
 20
39.37056444444444
 30
0.0
 10
203.6168069444444
 20
38.58739777777777
 30
0.0
 10
203.6168069444444
 20
37.62078666666666
 30
0.0
 10
203.6168069444444
 20
36.65417555555555
 30
0.0
 10
203.5180291666666
 20
36.04387
 30
0.0
 10
203.5180291666666
 20
35.87100888888889
 30
0.0
 10
203.5180291666667
 20
34.70449037037037
 30
0.0
 10
203.5180291666667
 20
33.53797185185184
 30
0.0
 10
203.5180291666666
 20
32.37145333333333
 30
0.0
 10
204.5175662037037
 20
32.37145333333333
 30
0.0
 10
205.5171032407407
 20
32.37145333333333
 30
0.0
 10
206.5166402777777
 20
32.37145333333333
 30
0.0
 10
206.5166402777777
 20
33.53797185185184
 30
0.0
 10
206.5166402777777
 20
34.70449037037037
 30
0.0
 10
206.5166402777777
 20
35.87100888888889
 30
0.0
 10
206.5166402777777
 20
36.04387
 30
0.0
 10
206.4178625
 20
36.65417555555555
 30
0.0
 10
206.4178625
 20
37.62078666666666
 30
0.0
 10
206.4178625
 20
38.58739777777777
 30
0.0
 10
206.4637236111111
 20
39.37056444444444
 30
0.0
 10
206.5166402777777
 20
39.37056444444444
 30
0.0
 10
208.1746958333333
 20
39.37056444444444
 30
0.0
 10
209.5187791666667
 20
38.03000888888889
 30
0.0
 10
209.5187791666667
 20
36.37195333333333
 30
0.0
 10
209.5187791666667
 20
26.92809222222222
 30
0.0
 10
213.5228069444444
 20
19.29045333333333
 30
0.0
 10
218.4722791666667
 20
19.29045333333333
 30
0.0
 10
220.1303347222222
 20
19.29045333333333
 30
0.0
 10
221.4744180555556
 20
17.94637
 30
0.0
 10
221.4744180555556
 20
16.28831444444444
 30
0.0
 10
221.4744180555556
 20
16.23539777777778
 30
0.0
 10
220.6912513888889
 20
16.18953666666667
 30
0.0
 10
219.7246402777778
 20
16.18953666666667
 30
0.0
 10
218.7580291666666
 20
16.18953666666667
 30
0.0
 10
218.1477236111111
 20
16.28831444444444
 30
0.0
 10
217.9748625
 20
16.28831444444444
 30
0.0
 10
216.8083439814814
 20
16.28831444444444
 30
0.0
 10
215.6418254629629
 20
16.28831444444444
 30
0.0
 10
214.4753069444444
 20
16.28831444444444
 30
0.0
 10
214.4753069444444
 20
15.2887774074074
 30
0.0
 10
214.4753069444444
 20
14.28924037037037
 30
0.0
 10
214.4753069444444
 20
13.28970333333333
 30
0.0
 10
215.6418254629629
 20
13.28970333333333
 30
0.0
 10
216.8083439814814
 20
13.28970333333333
 30
0.0
 10
217.9748625
 20
13.28970333333333
 30
0.0
 10
218.1477236111111
 20
13.28970333333333
 30
0.0
 10
218.7580291666666
 20
13.38848111111111
 30
0.0
 10
219.7246402777778
 20
13.38848111111111
 30
0.0
  0
ENDSEC
  0
SECTION
  2
OBJECTS
  0
DICTIONARY
  5
C
330
0
100
AcDbDictionary
  3
ACAD_GROUP
350
D
  3
ACAD_LAYOUT
350
1A
  3
ACAD_MATERIAL
350
43
  3
ACAD_MLEADERSTYLE
350
1C3
  3
ACAD_MLINESTYLE
350
17
  3
ACAD_PLOTSETTINGS
350
19
  3
ACAD_SCALELIST
350
47
  3
ACAD_VISUALSTYLE
350
2A
  3
ACDBHEADERROUNDTRIPXREC
350
1A1
  3
ACDBVARIABLEDICTIONARY
350
1C1
  0
DICTIONARY
  5
D
102
{ACAD_REACTORS
330
C
102
}
330
C
100
AcDbDictionary
  0
DICTIONARY
  5
1A
102
{ACAD_REACTORS
330
C
102
}
330
C
100
AcDbDictionary
  0
DICTIONARY
  5
43
102
{ACAD_REACTORS
330
C
102
}
330
C
100
AcDbDictionary
  3
BYBLOCK
350
45
  3
BYLAYER
350
44
  3
GLOBAL
350
46
  0
DICTIONARY
  5
1C3
102
{ACAD_REACTORS
330
C
102
}
330
C
100
AcDbDictionary
  0
DICTIONARY
  5
17
102
{ACAD_REACTORS
330
C
102
}
330
C
100
AcDbDictionary
  3
STANDARD
350
18
  0
DICTIONARY
  5
19
102
{ACAD_REACTORS
330
C
102
}
330
C
100
AcDbDictionary
  0
DICTIONARY
  5
47
102
{ACAD_REACTORS
330
C
102
}
330
C
100
AcDbDictionary
  3
A0
350
48
  3
A1
350
49
  3
A2
350
4A
  3
A3
350
4B
  3
A4
350
4C
  3
A5
350
4D
  3
A6
350
4E
  3
A7
350
4F
  3
A8
350
50
  3
A9
350
51
  3
B0
350
52
  3
B1
350
53
  3
B2
350
54
  3
B3
350
55
  3
B4
350
56
  3
B5
350
57
  3
B6
350
58
  3
B7
350
59
  3
B8
350
5A
  3
B9
350
5B
  3
C0
350
5C
  3
C1
350
5D
  3
C2
350
5E
  3
C3
350
5F
  3
C4
350
60
  3
C5
350
61
  3
C6
350
62
  3
C7
350
63
  3
C8
350
64
  3
C9
350
65
  3
D0
350
66
  3
D1
350
67
  3
D2
350
68
  0
DICTIONARY
  5
2A
102
{ACAD_REACTORS
330
C
102
}
330
C
100
AcDbDictionary
  3
2DWIREFRAME
350
2F
  3
BASIC
350
32
  3
BRIGHTEN
350
36
  3
COLORCHANGE
350
3A
  3
CONCEPTUAL
350
34
  3
DIM
350
35
  3
EDGECOLOROFF
350
3D
  3
FACEPATTERN
350
39
  3
FLAT
350
2B
  3
FLATWITHEDGES
350
2C
  3
GOURAUD
350
2D
  3
GOURAUDWITHEDGES
350
2E
  3
HIDDEN
350
31
  3
JITTEROFF
350
3B
  3
LINEPATTERN
350
38
  3
OVERHANGOFF
350
3C
  3
REALISTIC
350
33
  3
SHADED
350
42
  3
SHADED_WITH_EDGES
350
41
  3
SHADES_OF_GRAY
350
3E
  3
SKETCHY
350
3F
  3
THICKEN
350
37
  3
WIREFRAME
350
30
  3
X-RAY
350
40
  0
DICTIONARY
  5
1A1
102
{ACAD_REACTORS
330
C
102
}
330
C
100
AcDbDictionary
  3
CEPSNTYPE
350
1AA
  3
DIMSTYLEDATA
350
1C0
  3
FINGERPRINTGUID
350
1AB
  3
HYPERLINKBASE
350
1A4
  3
INSUNITS
350
1A9
  3
LAYOUTDICT
350
1A6
  3
LWETCUNION
350
1A8
  3
PLOTSETDICT
350
1A7
  3
PSVPSCALE
350
1AD
  3
PUCSBASE
350
1B0
  3
PUCSORGBACK
350
1B6
  3
PUCSORGBOTTOM
350
1B2
  3
PUCSORGFRONT
350
1B5
  3
PUCSORGLEFT
350
1B3
  3
PUCSORGRIGHT
350
1B4
  3
PUCSORGTOP
350
1B1
  3
PUCSORTHOREF
350
1AE
  3
PUCSORTHOVIEW
350
1AF
  3
STYLESHEET
350
1A5
  3
TSTACKALIGN
350
1A2
  3
TSTACKSIZE
350
1A3
  3
UCSBASE
350
1B9
  3
UCSORGBACK
350
1BF
  3
UCSORGBOTTOM
350
1BB
  3
UCSORGFRONT
350
1BE
  3
UCSORGLEFT
350
1BC
  3
UCSORGRIGHT
350
1BD
  3
UCSORGTOP
350
1BA
  3
UCSORTHOREF
350
1B7
  3
UCSORTHOVIEW
350
1B8
  3
VERSIONGUID
350
1AC
  0
DICTIONARY
  5
1C1
102
{ACAD_REACTORS
330
C
102
}
330
C
100
AcDbDictionary
  3
CANNOSCALE
350
1C8
  3
DIMASSOC
350
1C6
  3
HIDETEXT
350
1C7
  3
MSLTSCALE
350
1C9
  0
MATERIAL
  5
45
102
{ACAD_REACTORS
330
43
102
}
102
{ACAD_XDICTIONARY
360
1CC
102
}
330
43
100
AcDbMaterial
  1
BYBLOCK
  0
MATERIAL
  5
44
102
{ACAD_REACTORS
330
43
102
}
102
{ACAD_XDICTIONARY
360
1CA
102
}
330
43
100
AcDbMaterial
  1
BYLAYER
  0
MATERIAL
  5
46
102
{ACAD_REACTORS
330
43
102
}
102
{ACAD_XDICTIONARY
360
1CE
102
}
330
43
100
AcDbMaterial
  1
GLOBAL
  0
MLINESTYLE
  5
18
102
{ACAD_REACTORS
330
17
102
}
330
17
100
AcDbMlineStyle
  2
Standard
 70
     0
  3

 62
   256
 51
90.0
 52
90.0
 71
     2
 49
0.5
 62
   256
  6
BYLAYER
 49
-0.5
 62
   256
  6
BYLAYER
  0
ACAD_PROXY_OBJECT
  5
48
102
{ACAD_REACTORS
330
47
102
}
330
47
100
AcDbProxyObject
 90
      499
 91
      503
 93
       41
310
903313A31580
  0
ACAD_PROXY_OBJECT
  5
49
102
{ACAD_REACTORS
330
47
102
}
330
47
100
AcDbProxyObject
 90
      499
 91
      503
 93
      105
310
903313A324000000000000004000
  0
ACAD_PROXY_OBJECT
  5
4A
102
{ACAD_REACTORS
330
47
102
}
330
47
100
AcDbProxyObject
 90
      499
 91
      503
 93
      105
310
903313A344000000000000104000
  0
ACAD_PROXY_OBJECT
  5
4B
102
{ACAD_REACTORS
330
47
102
}
330
47
100
AcDbProxyObject
 90
      499
 91
      503
 93
      105
310
903313A354000000000000144000
  0
ACAD_PROXY_OBJECT
  5
4C
102
{ACAD_REACTORS
330
47
102
}
330
47
100
AcDbProxyObject
 90
      499
 91
      503
 93
      105
310
903313A384000000000000204000
  0
ACAD_PROXY_OBJECT
  5
4D
102
{ACAD_REACTORS
330
47
102
}
330
47
100
AcDbProxyObject
 90
      499
 91
      503
 93
      113
310
904313A31304000000000000244000
  0
ACAD_PROXY_OBJECT
  5
4E
102
{ACAD_REACTORS
330
47
102
}
330
47
100
AcDbProxyObject
 90
      499
 91
      503
 93
      113
310
904313A31364000000000000304000
  0
ACAD_PROXY_OBJECT
  5
4F
102
{ACAD_REACTORS
330
47
102
}
330
47
100
AcDbProxyObject
 90
      499
 91
      503
 93
      113
310
904313A32304000000000000344000
  0
ACAD_PROXY_OBJECT
  5
50
102
{ACAD_REACTORS
330
47
102
}
330
47
100
AcDbProxyObject
 90
      499
 91
      503
 93
      113
310
904313A333040000000000003E4000
  0
ACAD_PROXY_OBJECT
  5
51
102
{ACAD_REACTORS
330
47
102
}
330
47
100
AcDbProxyObject
 90
      499
 91
      503
 93
      113
310
904313A34304000000000000444000
  0
ACAD_PROXY_OBJECT
  5
52
102
{ACAD_REACTORS
330
47
102
}
330
47
100
AcDbProxyObject
 90
      499
 91
      503
 93
      113
310
904313A35304000000000000494000
  0
ACAD_PROXY_OBJECT
  5
53
102
{ACAD_REACTORS
330
47
102
}
330
47
100
AcDbProxyObject
 90
      499
 91
      503
 93
      121
310
905313A3130304000000000000594000
  0
ACAD_PROXY_OBJECT
  5
54
102
{ACAD_REACTORS
330
47
102
}
330
47
100
AcDbProxyObject
 90
      499
 91
      503
 93
      105
310
903323A310000000000000010100
  0
ACAD_PROXY_OBJECT
  5
55
102
{ACAD_REACTORS
330
47
102
}
330
47
100
AcDbProxyObject
 90
      499
 91
      503
 93
      105
310
903343A310000000000000410100
  0
ACAD_PROXY_OBJECT
  5
56
102
{ACAD_REACTORS
330
47
102
}
330
47
100
AcDbProxyObject
 90
      499
 91
      503
 93
      105
310
903383A310000000000000810100
  0
ACAD_PROXY_OBJECT
  5
57
102
{ACAD_REACTORS
330
47
102
}
330
47
100
AcDbProxyObject
 90
      499
 91
      503
 93
      113
310
90431303A310000000000000910100
  0
ACAD_PROXY_OBJECT
  5
58
102
{ACAD_REACTORS
330
47
102
}
330
47
100
AcDbProxyObject
 90
      499
 91
      503
 93
      121
310
9053130303A310000000000001650100
  0
ACAD_PROXY_OBJECT
  5
59
102
{ACAD_REACTORS
330
47
102
}
330
47
100
AcDbProxyObject
 90
      499
 91
      503
 93
      257
310
90E312F31323822203D2031272D3022000000000000200FC000000000000284000
  0
ACAD_PROXY_OBJECT
  5
5A
102
{ACAD_REACTORS
330
47
102
}
330
47
100
AcDbProxyObject
 90
      499
 91
      503
 93
      249
310
90D312F363422203D2031272D3022000000000000240FC000000000000284000
  0
ACAD_PROXY_OBJECT
  5
5B
102
{ACAD_REACTORS
330
47
102
}
330
47
100
AcDbProxyObject
 90
      499
 91
      503
 93
      249
310
90D312F333222203D2031272D3022000000000000280FC000000000000284000
  0
ACAD_PROXY_OBJECT
  5
5C
102
{ACAD_REACTORS
330
47
102
}
330
47
100
AcDbProxyObject
 90
      499
 91
      503
 93
      249
310
90D312F313622203D2031272D30220000000000002C0FC000000000000284000
  0
ACAD_PROXY_OBJECT
  5
5D
102
{ACAD_REACTORS
330
47
102
}
330
47
100
AcDbProxyObject
 90
      499
 91
      503
 93
      249
310
90D332F333222203D2031272D30220000000000002E0FC000000000000284000
  0
ACAD_PROXY_OBJECT
  5
5E
102
{ACAD_REACTORS
330
47
102
}
330
47
100
AcDbProxyObject
 90
      499
 91
      503
 93
      241
310
90C312F3822203D2031272D3022000000000000300FC000000000000284000
  0
ACAD_PROXY_OBJECT
  5
5F
102
{ACAD_REACTORS
330
47
102
}
330
47
100
AcDbProxyObject
 90
      499
 91
      503
 93
      249
310
90D332F313622203D2031272D3022000000000000320FC000000000000284000
  0
ACAD_PROXY_OBJECT
  5
60
102
{ACAD_REACTORS
330
47
102
}
330
47
100
AcDbProxyObject
 90
      499
 91
      503
 93
      241
310
90C312F3422203D2031272D3022000000000000340FC000000000000284000
  0
ACAD_PROXY_OBJECT
  5
61
102
{ACAD_REACTORS
330
47
102
}
330
47
100
AcDbProxyObject
 90
      499
 91
      503
 93
      241
310
90C332F3822203D2031272D3022000000000000360FC000000000000284000
  0
ACAD_PROXY_OBJECT
  5
62
102
{ACAD_REACTORS
330
47
102
}
330
47
100
AcDbProxyObject
 90
      499
 91
      503
 93
      241
310
90C312F3222203D2031272D3022000000000000380FC000000000000284000
  0
ACAD_PROXY_OBJECT
  5
63
102
{ACAD_REACTORS
330
47
102
}
330
47
100
AcDbProxyObject
 90
      499
 91
      503
 93
      241
310
90C332F3422203D2031272D30220000000000003A0FC000000000000284000
  0
ACAD_PROXY_OBJECT
  5
64
102
{ACAD_REACTORS
330
47
102
}
330
47
100
AcDbProxyObject
 90
      499
 91
      503
 93
      161
310
90A3122203D2031272D30224000000000000284000
  0
ACAD_PROXY_OBJECT
  5
65
102
{ACAD_REACTORS
330
47
102
}
330
47
100
AcDbProxyObject
 90
      499
 91
      503
 93
      257
310
90E312D312F3222203D2031272D30220000000000003E0FC000000000000284000
  0
ACAD_PROXY_OBJECT
  5
66
102
{ACAD_REACTORS
330
47
102
}
330
47
100
AcDbProxyObject
 90
      499
 91
      503
 93
      225
310
90A3322203D2031272D302200000000000002100000000000000284000
  0
ACAD_PROXY_OBJECT
  5
67
102
{ACAD_REACTORS
330
47
102
}
330
47
100
AcDbProxyObject
 90
      499
 91
      503
 93
      225
310
90A3622203D2031272D302200000000000006100000000000000284000
  0
ACAD_PROXY_OBJECT
  5
68
102
{ACAD_REACTORS
330
47
102
}
330
47
100
AcDbProxyObject
 90
      499
 91
      503
 93
      249
310
90D31272D3022203D2031272D30220000000000000A100000000000000284000
  0
ACAD_PROXY_OBJECT
  5
2F
102
{ACAD_REACTORS
330
2A
102
}
330
2A
100
AcDbProxyObject
 90
      499
 91
      501
 93
      436
310
42CC9915DA5C99599C985B595049028333333333333E33F0000000000000F90107901411070040501600405405064090741402480A0340
1001
ACAD
1000
AcDbSavedByObjectVersion
1070
     0
  0
ACAD_PROXY_OBJECT
  5
32
102
{ACAD_REACTORS
330
2A
102
}
330
2A
100
AcDbProxyObject
 90
      499
 91
      501
 93
      388
310
4150985CDA58D07406404333333333333E33F0000000000000F90107A41107004050150841D405064090741402480A0350
1001
ACAD
1000
AcDbSavedByObjectVersion
1070
     0
  0
ACAD_PROXY_OBJECT
  5
36
102
{ACAD_REACTORS
330
2A
102
}
330
2A
100
AcDbProxyObject
 90
      499
 91
      501
 93
      428
310
42109C9A59DA1D195B90C409028333333333333E33F0000000000000F9010790141107004050150841D405064090741402480A029950
1001
ACAD
1000
AcDbSavedByObjectVersion
1070
     0
  0
ACAD_PROXY_OBJECT
  5
3A
102
{ACAD_REACTORS
330
2A
102
}
330
2A
100
AcDbProxyObject
 90
      499
 91
      501
 93
      452
310
42D0DBDB1BDC90DA185B99D95104090240C333333333333E33F0000000000000F90108901411070040501508421405064090741402480A0350
1001
ACAD
1000
AcDbSavedByObjectVersion
1070
     0
  0
ACAD_PROXY_OBJECT
  5
34
102
{ACAD_REACTORS
330
2A
102
}
330
2A
100
AcDbProxyObject
 90
      499
 91
      501
 93
      500
310
4290DBDB98D95C1D1D585B10940D028333333333333E33F0000000000000F90107902409070040501000000000018199010841D405064090740C02480A0340
1001
ACAD
1000
AcDbSavedByObjectVersion
1070
     0
  0
ACAD_PROXY_OBJECT
  5
35
102
{ACAD_REACTORS
330
2A
102
}
330
2A
100
AcDbProxyObject
 90
      499
 91
      501
 93
      412
310
40D11A5B50B409028333333333333E33F0000000000000F9010790141107004050150841D405064090741402480A02677FFFFFD0
1001
ACAD
1000
AcDbSavedByObjectVersion
1070
     0
  0
ACAD_PROXY_OBJECT
  5
3D
102
{ACAD_REACTORS
330
2A
102
}
330
2A
100
AcDbProxyObject
 90
      499
 91
      501
 93
      452
310
43115919D950DBDB1BDC93D999916409028333333333333E33F0000000000000F9010790141107004050150841D405064090741402480A0350
1001
ACAD
1000
AcDbSavedByObjectVersion
1070
     0
  0
ACAD_PROXY_OBJECT
  5
39
102
{ACAD_REACTORS
330
2A
102
}
330
2A
100
AcDbProxyObject
 90
      499
 91
      501
 93
      444
310
42D19858D95C185D1D195C9B90F409028333333333333E33F0000000000000F9010790141107004050150841D405064090741402480A0350
1001
ACAD
1000
AcDbSavedByObjectVersion
1070
     0
  0
ACAD_PROXY_OBJECT
  5
2B
102
{ACAD_REACTORS
330
2A
102
}
330
2A
100
AcDbProxyObject
 90
      499
 91
      501
 93
      380
310
41119B185D240901404333333333333E33F0000000000000F9010740A907004050150841D405064090741402480A1B50
1001
ACAD
1000
AcDbSavedByObjectVersion
1070
     0
  0
ACAD_PROXY_OBJECT
  5
2C
102
{ACAD_REACTORS
330
2A
102
}
330
2A
100
AcDbProxyObject
 90
      499
 91
      501
 93
      468
310
43519B185D15DA5D1A115919D95CD0140901404333333333333E33F0000000000000F90107409019070040501600405405064090741402480A1B50
1001
ACAD
1000
AcDbSavedByObjectVersion
1070
     0
  0
ACAD_PROXY_OBJECT
  5
2D
102
{ACAD_REACTORS
330
2A
102
}
330
2A
100
AcDbProxyObject
 90
      499
 91
      501
 93
      404
310
41D1DBDD5C985D5910240902404333333333333E33F0000000000000F9010740A9070040501641D405064090741402480A1B50
1001
ACAD
1000
AcDbSavedByObjectVersion
1070
     0
  0
ACAD_PROXY_OBJECT
  5
2E
102
{ACAD_REACTORS
330
2A
102
}
330
2A
100
AcDbProxyObject
 90
      499
 91
      501
 93
      492
310
4411DBDD5C985D5915DA5D1A115919D95CD0340902404333333333333E33F0000000000000F90107409019070040501600405405064090741402480A1B50
1001
ACAD
1000
AcDbSavedByObjectVersion
1070
     0
  0
ACAD_PROXY_OBJECT
  5
31
102
{ACAD_REACTORS
330
2A
102
}
330
2A
100
AcDbProxyObject
 90
      499
 91
      501
 93
      476
310
41921A5919195B90640502408333333333333E33F0000000000000F901079024090700405020000000000001110200405405064090740C02480A0340
1001
ACAD
1000
AcDbSavedByObjectVersion
1070
     0
  0
ACAD_PROXY_OBJECT
  5
3B
102
{ACAD_REACTORS
330
2A
102
}
330
2A
100
AcDbProxyObject
 90
      499
 91
      501
 93
      428
310
42529A5D1D195C93D999914409028333333333333E33F0000000000000F9010790141107004050150A41D405064090741402480A0350
1001
ACAD
1000
AcDbSavedByObjectVersion
1070
     0
  0
ACAD_PROXY_OBJECT
  5
38
102
{ACAD_REACTORS
330
2A
102
}
330
2A
100
AcDbProxyObject
 90
      499
 91
      501
 93
      444
310
42D31A5B995C185D1D195C9B90E409028333333333333E33F0000000000000F9010790141107004050750841D405064090741402483A0350
1001
ACAD
1000
AcDbSavedByObjectVersion
1070
     0
  0
ACAD_PROXY_OBJECT
  5
3C
102
{ACAD_REACTORS
330
2A
102
}
330
2A
100
AcDbProxyObject
 90
      499
 91
      501
 93
      444
310
42D3DD995C9A185B99D3D999915409028333333333333E33F0000000000000F9010790141107004050150941D405064090741402480A0350
1001
ACAD
1000
AcDbSavedByObjectVersion
1070
     0
  0
ACAD_PROXY_OBJECT
  5
33
102
{ACAD_REACTORS
330
2A
102
}
330
2A
100
AcDbProxyObject
 90
      499
 91
      501
 93
      428
310
425499585B1A5CDD1A58D08409038333333333333E33F0000000000000F9010740A907004050150800405405064090740C02480A1B40
1001
ACAD
1000
AcDbSavedByObjectVersion
1070
     0
  0
ACAD_PROXY_OBJECT
  5
42
102
{ACAD_REACTORS
330
2A
102
}
330
2A
100
AcDbProxyObject
 90
      499
 91
      501
 93
      420
310
4194DA1859195911B40902404333333333333E33F0000000000000F9010740A41107004050150800405405064090840C02480A0B40
1001
ACAD
1000
AcDbSavedByObjectVersion
1070
     0
  0
ACAD_PROXY_OBJECT
  5
41
102
{ACAD_REACTORS
330
2A
102
}
330
2A
100
AcDbProxyObject
 90
      499
 91
      501
 93
      516
310
4454DA18591959081DDA5D1A08195919D95CD1A40902404333333333333E33F0000000000000F901074090142907004050250800405405064090740C02480A0B40
1001
ACAD
1000
AcDbSavedByObjectVersion
1070
     0
  0
ACAD_PROXY_OBJECT
  5
3E
102
{ACAD_REACTORS
330
2A
102
}
330
2A
100
AcDbProxyObject
 90
      499
 91
      501
 93
      532
310
4394DA1859195CC81BD98811DC985E5174090240C333333333333E33F0000000000000F901079024090741D01000000000000111010841D405064090740C02480A0340
1001
ACAD
1000
AcDbSavedByObjectVersion
1070
     0
  0
ACAD_PROXY_OBJECT
  5
3F
102
{ACAD_REACTORS
330
2A
102
}
330
2A
100
AcDbProxyObject
 90
      499
 91
      501
 93
      476
310
41D4DAD95D18DA1E51840502408333333333333E33F0000000000000F901079024090741D01000000000000111010B41D405064090741802480A0340
1001
ACAD
1000
AcDbSavedByObjectVersion
1070
     0
  0
ACAD_PROXY_OBJECT
  5
37
102
{ACAD_REACTORS
330
2A
102
}
330
2A
100
AcDbProxyObject
 90
      499
 91
      501
 93
      412
310
41D51A1A58DAD95B90D409028333333333333E33F0000000000000F9010790141107004050150C41D405064090741402480A0350
1001
ACAD
1000
AcDbSavedByObjectVersion
1070
     0
  0
ACAD_PROXY_OBJECT
  5
30
102
{ACAD_REACTORS
330
2A
102
}
330
2A
100
AcDbProxyObject
 90
      499
 91
      501
 93
      420
310
4255DA5C99599C985B595059028333333333333E33F0000000000000F90107901411070040501600405405064090740C02480A0340
1001
ACAD
1000
AcDbSavedByObjectVersion
1070
     0
  0
ACAD_PROXY_OBJECT
  5
40
102
{ACAD_REACTORS
330
2A
102
}
330
2A
100
AcDbProxyObject
 90
      499
 91
      501
 93
      404
310
41560B54985E51940902404000000000000E03F0000000000000F9010740501907004050150841D405064090740C02480A1B40
1001
ACAD
1000
AcDbSavedByObjectVersion
1070
     0
  0
XRECORD
  5
1AA
102
{ACAD_REACTORS
330
1A1
102
}
330
1A1
100
AcDbXrecord
 90
        0
  0
XRECORD
  5
1C0
102
{ACAD_REACTORS
330
1A1
102
}
330
1A1
100
AcDbXrecord
1000
DSTYLE
1002
{
1070
   279
 70
     2
1070
   340
340
11
1002
}
  0
XRECORD
  5
1AB
102
{ACAD_REACTORS
330
1A1
102
}
330
1A1
100
AcDbXrecord
  1
{A421DF45-D957-435A-8DC2-2A4A694E6E28}
  0
XRECORD
  5
1A4
102
{ACAD_REACTORS
330
1A1
102
}
330
1A1
100
AcDbXrecord
  1

  0
XRECORD
  5
1A9
102
{ACAD_REACTORS
330
1A1
102
}
330
1A1
100
AcDbXrecord
 90
        4
  0
XRECORD
  5
1A6
102
{ACAD_REACTORS
330
1A1
102
}
330
1A1
100
AcDbXrecord
340
1A
  0
XRECORD
  5
1A8
102
{ACAD_REACTORS
330
1A1
102
}
330
1A1
100
AcDbXrecord
 90
    10781
  0
XRECORD
  5
1A7
102
{ACAD_REACTORS
330
1A1
102
}
330
1A1
100
AcDbXrecord
340
19
  0
XRECORD
  5
1AD
102
{ACAD_REACTORS
330
1A1
102
}
330
1A1
100
AcDbXrecord
 40
0.0
  0
XRECORD
  5
1B0
102
{ACAD_REACTORS
330
1A1
102
}
330
1A1
100
AcDbXrecord
340
0
  0
XRECORD
  5
1B6
102
{ACAD_REACTORS
330
1A1
102
}
330
1A1
100
AcDbXrecord
 10
0.0
 20
0.0
 30
0.0
  0
XRECORD
  5
1B2
102
{ACAD_REACTORS
330
1A1
102
}
330
1A1
100
AcDbXrecord
 10
0.0
 20
0.0
 30
0.0
  0
XRECORD
  5
1B5
102
{ACAD_REACTORS
330
1A1
102
}
330
1A1
100
AcDbXrecord
 10
0.0
 20
0.0
 30
0.0
  0
XRECORD
  5
1B3
102
{ACAD_REACTORS
330
1A1
102
}
330
1A1
100
AcDbXrecord
 10
0.0
 20
0.0
 30
0.0
  0
XRECORD
  5
1B4
102
{ACAD_REACTORS
330
1A1
102
}
330
1A1
100
AcDbXrecord
 10
0.0
 20
0.0
 30
0.0
  0
XRECORD
  5
1B1
102
{ACAD_REACTORS
330
1A1
102
}
330
1A1
100
AcDbXrecord
 10
0.0
 20
0.0
 30
0.0
  0
XRECORD
  5
1AE
102
{ACAD_REACTORS
330
1A1
102
}
330
1A1
100
AcDbXrecord
340
0
  0
XRECORD
  5
1AF
102
{ACAD_REACTORS
330
1A1
102
}
330
1A1
100
AcDbXrecord
 70
     0
  0
XRECORD
  5
1A5
102
{ACAD_REACTORS
330
1A1
102
}
330
1A1
100
AcDbXrecord
  1

  0
XRECORD
  5
1A2
102
{ACAD_REACTORS
330
1A1
102
}
330
1A1
100
AcDbXrecord
 90
        1
  0
XRECORD
  5
1A3
102
{ACAD_REACTORS
330
1A1
102
}
330
1A1
100
AcDbXrecord
 90
       70
  0
XRECORD
  5
1B9
102
{ACAD_REACTORS
330
1A1
102
}
330
1A1
100
AcDbXrecord
340
0
  0
XRECORD
  5
1BF
102
{ACAD_REACTORS
330
1A1
102
}
330
1A1
100
AcDbXrecord
 10
0.0
 20
0.0
 30
0.0
  0
XRECORD
  5
1BB
102
{ACAD_REACTORS
330
1A1
102
}
330
1A1
100
AcDbXrecord
 10
0.0
 20
0.0
 30
0.0
  0
XRECORD
  5
1BE
102
{ACAD_REACTORS
330
1A1
102
}
330
1A1
100
AcDbXrecord
 10
0.0
 20
0.0
 30
0.0
  0
XRECORD
  5
1BC
102
{ACAD_REACTORS
330
1A1
102
}
330
1A1
100
AcDbXrecord
 10
0.0
 20
0.0
 30
0.0
  0
XRECORD
  5
1BD
102
{ACAD_REACTORS
330
1A1
102
}
330
1A1
100
AcDbXrecord
 10
0.0
 20
0.0
 30
0.0
  0
XRECORD
  5
1BA
102
{ACAD_REACTORS
330
1A1
102
}
330
1A1
100
AcDbXrecord
 10
0.0
 20
0.0
 30
0.0
  0
XRECORD
  5
1B7
102
{ACAD_REACTORS
330
1A1
102
}
330
1A1
100
AcDbXrecord
340
0
  0
XRECORD
  5
1B8
102
{ACAD_REACTORS
330
1A1
102
}
330
1A1
100
AcDbXrecord
 70
     0
  0
XRECORD
  5
1AC
102
{ACAD_REACTORS
330
1A1
102
}
330
1A1
100
AcDbXrecord
  1
{FAEB1C32-E019-11D5-929B-00C0DF256EC4}
  0
DICTIONARYVAR
  5
1C8
102
{ACAD_REACTORS
330
1C1
102
}
330
1C1
100
DictionaryVariables
280
     0
  1
1:1
  0
DICTIONARYVAR
  5
1C6
102
{ACAD_REACTORS
330
1C1
102
}
330
1C1
100
DictionaryVariables
280
     0
  1
2
  0
DICTIONARYVAR
  5
1C7
102
{ACAD_REACTORS
330
1C1
102
}
330
1C1
100
DictionaryVariables
280
     0
  1
1
  0
DICTIONARYVAR
  5
1C9
102
{ACAD_REACTORS
330
1C1
102
}
330
1C1
100
DictionaryVariables
280
     0
  1
1
  0
DICTIONARY
  5
1CC
330
45
100
AcDbDictionary
280
     1
  3
ACAD_XREC_ROUNDTRIP
360
1CD
  0
DICTIONARY
  5
1CA
330
44
100
AcDbDictionary
280
     1
  3
ACAD_XREC_ROUNDTRIP
360
1CB
  0
DICTIONARY
  5
1CE
330
46
100
AcDbDictionary
280
     1
  3
ACAD_XREC_ROUNDTRIP
360
1CF
  0
XRECORD
  5
1CD
102
{ACAD_REACTORS
330
1CC
102
}
330
1CC
100
AcDbXrecord
102
MATERIAL
148
0.0
149
0.0
149
0.0
 93
        0
 94
      127
282
     0
 72
     1
 77
     1
171
     1
175
     1
179
     1
273
     0
  0
XRECORD
  5
1CB
102
{ACAD_REACTORS
330
1CA
102
}
330
1CA
100
AcDbXrecord
102
MATERIAL
148
0.0
149
0.0
149
0.0
 93
        0
 94
      127
282
     0
 72
     1
 77
     1
171
     1
175
     1
179
     1
273
     0
  0
XRECORD
  5
1CF
102
{ACAD_REACTORS
330
1CE
102
}
330
1CE
100
AcDbXrecord
102
MATERIAL
148
0.0
149
0.0
149
0.0
 93
        0
 94
      127
282
     0
 72
     1
 77
     1
171
     1
175
     1
179
     1
273
     0
  0
ENDSEC
  0
EOF
